RecordID,SnapshotDate,ProductName,ProductClass,ManufacturingSite,BatchNumber,ExpiryDate,StorageCondition,WarehouseCountry,QuantityOnHand,ReorderLevel,StockoutFlag
INV000001,2018-12-24,Secrelazine Insonamic,Antipiretics,Munich Plant,B1812-5252,2020-01-15,controlled substance,Germany,6731,283,FALSE
INV000002,2020-02-12,Dexmebital Acanplan,Analgesics,Poznan Site,B2002-0108,2021-02-03, Frozen  ,Poland,7258,171,No
INV000003,2019-06-02,Topifribrate,Analgesics,munich plant,B1906-5839,2020-05-03, controlled substance  ,Germany,2677,318,FALSE
INV000004,2018-06-07,Belavarix Benzabicin,Antibiotics,frankfurt plant,B1806-1799,2020-10-24,frozen,Germany,9662,232,No
INV000005,2017-12-15, Propratecan  ,Antimalarial, Krakow Facility  ,B1712-7938,2018-03-15,Refrigerated,Poland,7112,69,No
INV000006,2019-03-01, Abranatal Lysoprosate  ,Antiseptics,munich plant,B1903-2109,2021-07-23,room temperature,Germany,1135,129,No
INV000007,2017-06-14, Pazofenac  ,Mood Stabilizers,krakow facility,B1706-3453,2018-12-14,Frozen,Poland,2657,272,No
INV000008,2018-04-15,Dantocept Ferurenone,Antiseptics,Warsaw Plant,B1804-1738,2019-01-21,REFRIGERATED,Poland,3503,368,No
INV000009,2018-04-14,Clindaracil,Analgesics,Poznan Site,B1804-4166,2019-06-14,Frozen,Poland,9938,174,FALSE
INV000010,2018-10-24,Fentalac,Antipiretics,Warsaw Plant,B1810-7569,2020-04-27,frozen,Poland,3467,255,No
INV000011,2020-10-11,Sucprine Specbalamin,Antiseptics,Munich Plant,B2010-3307,2021-05-13, room temperature  ,Germany,7077,294,No
INV000012,2018-01-20,Claripenem,Antibiotics,Warsaw Plant,B1801-9261,2018-11-25,refrigerated,Poland,8847,246,No
INV000013,2019-11-23,Secrelazine Insonamic,Antipiretics,Munich Plant,B1911-5318,2020-10-02,Frozen,Germany,2138,210,No
INV000014,2017-12-30,Benzoprox,Antiseptics,Krakow Facility,B1712-4639,2020-04-21,REFRIGERATED,Poland,3425,342,FALSE
INV000015,2019-10-09,Lovavatol Azelavarix,Mood Stabilizers,frankfurt plant,B1910-4919,2022-07-09,ROOM TEMPERATURE,Germany,6867,200,No
INV000016,2018-01-02,Ganineva Agenium,Antiseptics,FRANKFURT PLANT,B1801-2079,2019-07-15,controlled substance,Germany,1163,199,FALSE
INV000017,2020-08-13,Lansopril Acribax,Antipiretics, Poznan Site  ,B2008-8097,2020-11-28,refrigerated,Poland,8226,246,No
INV000018,2017-02-28,Dexacilin Triline,Analgesics,Munich Plant,B1702-5905,2018-07-06,Refrigerated,Germany,4291,142,FALSE
INV000019,2019-04-28,Travoloride,Antiseptics,MUNICH PLANT,B1904-1001,2020-04-20,controlled substance,Germany,9762,359,No
INV000020,2018-01-11, Amamadin  ,Antimalarial,Munich Plant,B1801-6934,2019-11-29,ROOM TEMPERATURE,Germany,4899,56,0
INV000021,2017-12-05,Cogxone Levanide,Antimalarial,POZNAN SITE,B1712-4691,2019-07-09, Frozen  ,Poland,3775,238,FALSE
INV000022,2019-10-19, Diaxolol  ,Antiseptics,KRAKOW FACILITY,B1910-7513,2022-01-20,controlled substance,Poland,5533,102,0
INV000023,2018-07-27,Relenstrel Exurabine,Antibiotics,Warsaw Plant,B1807-4097,2020-12-02,CONTROLLED SUBSTANCE,Poland,7062,151,No
INV000024,2019-02-07,Nevanide Actozide,Antibiotics,krakow facility,B1902-2890,2021-04-27,ROOM TEMPERATURE,Poland,6574,322,No
INV000025,2017-06-19,Secrelazine Insonamic,Antipiretics,MUNICH PLANT,B1706-6118,2020-03-24,controlled substance,Germany,8514,57,No
INV000026,2019-11-04,Aggretisol,Antimalarial,krakow facility,B1911-2296,2021-06-15,room temperature,Poland,2133,51,0
INV000027,2019-12-24,Choriotrisin,Antibiotics,WARSAW PLANT,B1912-6616,2022-02-27,Frozen,Poland,4515,158,No
INV000028,2019-01-21,Megenorphine,Antimalarial,Frankfurt Plant,B1901-6047,2020-06-30,ROOM TEMPERATURE,Germany,9343,232,FALSE
INV000029,2018-05-02,Topipizole,Mood Stabilizers,WARSAW PLANT,B1805-5973,2020-07-26,ROOM TEMPERATURE,Poland,1427,382,No
INV000030,2020-07-23,Cogxone Levanide,Antimalarial,poznan site,B2007-8348,2022-07-10,room temperature,Poland,6003,211,No
INV000031,2019-04-28,Pulmofine,Antibiotics,WARSAW PLANT,B1904-0258,2021-10-31,room temperature,Poland,3659,161,No
INV000032,2020-11-23,Tesnorphine Silotamine,Antibiotics, Munich Plant  ,B2011-4260,2022-10-19,Refrigerated,Germany,7898,227,FALSE
INV000033,2018-11-28, Ciclonazol  ,Antiseptics,KRAKOW FACILITY,B1811-5139,2021-06-19,frozen,Poland,4652,205,No
INV000034,2018-07-04,Adriafinil Ehtymara,Antiseptics,Frankfurt Plant,B1807-6333,2020-10-14,CONTROLLED SUBSTANCE,Germany,4423,109,No
INV000035,2019-06-08, Aciprex  ,Antipiretics,poznan site,B1906-0651,2021-04-14,ROOM TEMPERATURE,Poland,7626,225,No
INV000036,2018-03-23,Propralamide Dexlanzolam,Mood Stabilizers,Krakow Facility,B1803-6629,2021-03-18,CONTROLLED SUBSTANCE,Poland,3823,139,No
INV000037,2019-01-17,Victomax,Analgesics,Frankfurt Plant,B1901-5318,2020-01-10,room temperature,Germany,4013,198,FALSE
INV000038,2020-01-15,Magnemunex,Antiseptics,MUNICH PLANT,B2001-2043,2022-01-14,Refrigerated,Germany,2652,149,FALSE
INV000039,2018-06-12,Decidenu Galantrigine,Antipiretics,munich plant,B1806-7672,2021-04-05,FROZEN,Germany,242,60,Yes
INV000040,2020-02-10,Penitrana,Analgesics,frankfurt plant,B2002-3483,2022-01-26,Frozen,Germany,771,116,No
INV000041,2020-07-04, Amlominphen Dexanovate  ,Analgesics,warsaw plant,B2007-7201,2023-05-19,room temperature,Poland,9001,182,No
INV000042,2017-12-18, Ionclotide  ,Analgesics, KRAKOW FACILITY  ,B1712-1785,2019-12-13,Refrigerated,Poland,4501,83,No
INV000043,2019-10-19,Adideine,Mood Stabilizers, Krakow Facility  ,B1910-8585,2020-12-10,Frozen,Poland,4897,192,No
INV000044,2017-06-12,Ketamara Evogel,Antipiretics,Poznan Site,B1706-3498,2020-02-04,room temperature,Poland,6233,165,FALSE
INV000045,2020-04-06,Aprerase,Antipiretics,frankfurt plant,B2004-2164,2021-06-16, controlled substance  ,Germany,5174,280,No
INV000046,2018-05-16,Zithrotrol,Antiseptics,krakow facility,B1805-7131,2019-09-22,room temperature,Poland,7941,287,Yes
INV000047,2019-03-29, Hepavice  ,Mood Stabilizers,WARSAW PLANT,B1903-9118,2021-05-30,refrigerated,Poland,8432,338,No
INV000048,2018-10-18,Antilamin Clinbital,Antibiotics, frankfurt plant  ,B1810-2081,2020-06-25,controlled substance,Germany,892,226,FALSE
INV000049,2019-09-08,Abranatal Lysoprosate,Antiseptics, Munich Plant  ,B1909-5086,2021-04-27,Frozen,Germany,997,199,No
INV000050,2017-01-21,Flutacerol,Analgesics,Frankfurt Plant,B1701-8694,2019-03-02, controlled substance  ,Germany,4664,253,No
INV000051,2019-12-23,Abatatriptan,Antibiotics,Munich Plant,B1912-6473,2022-10-12,Refrigerated,Germany,8468,337,No
INV000052,2017-01-19, Sumanazole  ,Analgesics,MUNICH PLANT,B1701-7933,2017-11-11,controlled substance,Germany,7487,371,FALSE
INV000053,2018-12-27,Novakyn Tracprox,Antiseptics,Poznan Site,B1812-2731,2019-11-02,Frozen,Poland,1557,338,TRUE
INV000054,2020-12-03,Abatatriptan,Antibiotics,Munich Plant,B2012-0368,2022-05-13,room temperature,Germany,7188,106,No
INV000055,2017-09-29,Albuterenone,Antimalarial, Krakow Facility  ,B1709-3603,2019-06-16,controlled substance,Poland,5461,249,No
INV000056,2017-12-14,Halciramine,Antimalarial,Frankfurt Plant,B1712-6744,2018-04-10,controlled substance,Germany,7908,63,FALSE
INV000057,2017-02-28,Benzoprox,Antiseptics,Krakow Facility,B1702-9726,2018-03-15, Frozen  ,Poland,7624,355,FALSE
INV000058,2017-01-13, Halciramine  ,Antimalarial,Frankfurt Plant,B1701-6283,2018-01-10,REFRIGERATED,Germany,5831,262,FALSE
INV000059,2020-05-15,Interfeferon Aspipex,Antiseptics, Frankfurt Plant  ,B2005-6968,2022-01-01,controlled substance,Germany,5460,387,No
INV000060,2019-10-12,Robapril,Antipiretics,Warsaw Plant,B1910-6651,2021-04-21,Refrigerated,Poland,4980,270,No
INV000061,2018-06-21, Malavirine Alimdine  ,Mood Stabilizers,Munich Plant,B1806-8051,2019-04-04, refrigerated  ,Germany,6516,72,No
INV000062,2017-01-20,Requimadin,Antimalarial,krakow facility,B1701-4138,2018-10-10,Frozen,Poland,965,83,0
INV000063,2019-01-02,Relenvice,Antimalarial,MUNICH PLANT,B1901-1856,2021-07-12,room temperature,Germany,3388,264,No
INV000064,2020-12-15,Panpion,Antiseptics, poznan site  ,B2012-1036,2022-11-04,room temperature,Poland,9678,113,No
INV000065,2017-01-05,Clinicilin Pentozone,Antimalarial,Munich Plant,B1701-5997,2019-03-28,Refrigerated,Germany,4489,306,FALSE
INV000066,2020-07-07, Zithrotrol  ,Antiseptics,Krakow Facility,B2007-7806,2021-05-13, room temperature  ,Poland,6873,297,No
INV000067,2019-09-27,Aggrakine,Antiseptics,poznan site,B1909-2537,2022-05-15,CONTROLLED SUBSTANCE,Poland,4223,104,No
INV000068,2020-11-18, Cortirodine Alimcline  ,Antipiretics,poznan site,B2011-9279,2021-05-24,FROZEN,Poland,2639,160,1
INV000069,2020-09-01,Factofribrate,Mood Stabilizers,Frankfurt Plant,B2009-2099,2021-04-01,Frozen,Germany,2821,304,No
INV000070,2017-10-07,Kinerinex,Antiseptics,poznan site,B1710-0709,2018-10-24, FROZEN  ,Poland,2944,379,FALSE
INV000071,2020-11-23, Diazemid Felcept  ,Analgesics,Warsaw Plant,B2011-5977,2021-05-08,Frozen,Poland,9113,203,No
INV000072,2020-03-27, Fentalac  ,Antipiretics,WARSAW PLANT,B2003-0251,2021-07-03,ROOM TEMPERATURE,Poland,4072,337,FALSE
INV000073,2020-05-14, Travoloride  ,Antiseptics,Munich Plant,B2005-7758,2023-05-01, REFRIGERATED  ,Germany,9194,89,No
INV000074,2020-02-10,Relenstrel Exurabine,Antibiotics, Warsaw Plant  ,B2002-4610,2022-10-19,Frozen,Poland,9366,191,No
INV000075,2018-03-10, Ribabyclor  ,Antiseptics,Warsaw Plant,B1803-2127,2018-11-06,room temperature,Poland,8475,187,No
INV000076,2019-12-16,Stelazolid,Antimalarial, Poznan Site  ,B1912-5509,2021-12-08,Frozen,Poland,6421,240,No
INV000077,2020-10-21,Halciramine,Antimalarial,frankfurt plant,B2010-9496,2023-02-26, FROZEN  ,Germany,4484,275,FALSE
INV000078,2018-12-16,Morphizolid Tianalin,Mood Stabilizers,krakow facility,B1812-5398,2020-11-10,room temperature,Poland,2524,198,No
INV000079,2017-03-15,Sucprine Specbalamin,Antiseptics,munich plant,B1703-8892,2018-04-27,room temperature,Germany,4975,101,FALSE
INV000080,2018-10-30, Amavirase  ,Antipiretics,Munich Plant,B1810-9614,2021-02-21, controlled substance  ,Germany,6424,261,No
INV000081,2019-12-27,Relenvice,Antimalarial, Munich Plant  ,B1912-8901,2021-01-25,FROZEN,Germany,7945,119,No
INV000082,2019-02-02,Albuterenone,Antimalarial, krakow facility  ,B1902-8933,2021-02-10, room temperature  ,Poland,4627,307,No
INV000083,2020-12-08,Testant,Mood Stabilizers,WARSAW PLANT,B2012-0554,2023-01-22,refrigerated,Poland,1596,97,No
INV000084,2019-04-15,Effidomide Evofribrate,Antiseptics, warsaw plant  ,B1904-7113,2021-10-22, REFRIGERATED  ,Poland,2078,105,TRUE
INV000085,2017-04-18, Adrecetam Barazoxane  ,Antimalarial,Poznan Site,B1704-0090,2017-12-11, controlled substance  ,Poland,812,382,No
INV000086,2018-09-13, Tesnorphine Silotamine  ,Antibiotics,Munich Plant,B1809-2838,2019-07-28,FROZEN,Germany,5035,155,FALSE
INV000087,2017-01-06,Ceftatana Serolamide,Antipiretics,Munich Plant,B1701-6152,2019-03-11,REFRIGERATED,Germany,3589,349,FALSE
INV000088,2020-01-25,Androporin,Antiseptics,MUNICH PLANT,B2001-8521,2022-06-23,Refrigerated,Germany,8556,269,Yes
INV000089,2017-01-30, Kiovax Tercorolac  ,Analgesics,Munich Plant,B1701-5138,2019-01-15,room temperature,Germany,6710,349,No
INV000090,2017-05-16,Panpion,Antiseptics,Poznan Site,B1705-7311,2020-03-17,room temperature,Poland,732,82,FALSE
INV000091,2020-01-24, Symbiroban  ,Antibiotics,Poznan Site,B2001-6916,2020-11-18, ROOM TEMPERATURE  ,Poland,2779,52,No
INV000092,2020-01-31, Doxivorin  ,Antimalarial, Poznan Site  ,B2001-8209,2020-05-01,Refrigerated,Poland,4064,114,No
INV000093,2018-11-14,Benzoprox,Antiseptics,Krakow Facility,B1811-2009,2019-02-23,Frozen,Poland,4267,267,FALSE
INV000094,2020-08-11,Robapril,Antipiretics,warsaw plant,B2008-4420,2020-10-27,CONTROLLED SUBSTANCE,Poland,9601,50,FALSE
INV000095,2019-11-27, Spiroderall  ,Mood Stabilizers, munich plant  ,B1911-3562,2020-12-17, Refrigerated  ,Germany,6336,153,No
INV000096,2019-10-03,Lacoplex Hyaluvance,Mood Stabilizers, munich plant  ,B1910-6101,2022-06-30,Frozen,Germany,9872,67,No
INV000097,2017-08-17, Adtiza Gammaluble  ,Antibiotics, warsaw plant  ,B1708-5679,2019-01-16,FROZEN,Poland,9449,290,No
INV000098,2020-05-23,Asparathasone Unipan,Antibiotics, Poznan Site  ,B2005-0522,2021-01-15, ROOM TEMPERATURE  ,Poland,6969,165,FALSE
INV000099,2019-07-05,Formolovir Amanferon,Analgesics, Munich Plant  ,B1907-6959,2021-09-23,REFRIGERATED,Germany,6817,306,0
INV000100,2018-01-18,Cricane Acamsumab,Antiseptics,Warsaw Plant,B1801-3740,2018-11-20, controlled substance  ,Poland,4297,98,No
INV000101,2019-05-27,Pulmogen Alitora,Antiseptics,Frankfurt Plant,B1905-1589,2019-09-13,room temperature,Germany,392,170,FALSE
INV000102,2018-05-03,Invisteride Diclomycin,Mood Stabilizers,Frankfurt Plant,B1805-1224,2020-09-25,refrigerated,Germany,474,305,FALSE
INV000103,2018-01-21,Acelimus,Analgesics,WARSAW PLANT,B1801-3614,2020-03-03,CONTROLLED SUBSTANCE,Poland,8977,342,TRUE
INV000104,2020-08-10,Halciramine,Antimalarial,FRANKFURT PLANT,B2008-6308,2022-06-13, refrigerated  ,Germany,623,150,No
INV000105,2018-05-02,Ampysin,Analgesics, KRAKOW FACILITY  ,B1805-5893,2019-10-17,room temperature,Poland,9470,246,No
INV000106,2020-11-06,Ranediol,Antibiotics,WARSAW PLANT,B2011-9363,2023-07-15,Frozen,Poland,4372,253,No
INV000107,2020-11-08,Sucprine Specbalamin,Antiseptics,munich plant,B2011-3766,2023-04-22,controlled substance,Germany,2105,94,No
INV000108,2018-06-01,Malaxolol Aeroprosyn,Antiseptics, FRANKFURT PLANT  ,B1806-1037,2020-08-23, REFRIGERATED  ,Germany,1090,87,No
INV000109,2018-05-31,Methiclotide,Antibiotics,munich plant,B1805-2865,2019-08-24,refrigerated,Germany,4998,394,No
INV000110,2020-01-17,Kinenadryl,Antipiretics, Poznan Site  ,B2001-1434,2020-03-31, Refrigerated  ,Poland,1323,157,FALSE
INV000111,2019-02-11,Palodizem,Mood Stabilizers,Krakow Facility,B1902-7945,2020-07-26,REFRIGERATED,Poland,5894,266,FALSE
INV000112,2019-12-12,Novakyn Tracprox,Antiseptics, poznan site  ,B1912-3629,2021-07-30, refrigerated  ,Poland,3295,144,FALSE
INV000113,2019-03-13,Acycnafine Microvate,Mood Stabilizers, FRANKFURT PLANT  ,B1903-3457,2019-06-01,FROZEN,Germany,1552,224,FALSE
INV000114,2020-09-02,Topipizole,Mood Stabilizers,warsaw plant,B2009-9566,2021-09-05,controlled substance,Poland,8426,62,No
INV000115,2017-11-17,Abilovir Aprotasol,Antipiretics,POZNAN SITE,B1711-0702,2020-03-21,FROZEN,Poland,9716,327,FALSE
INV000116,2018-03-15,Lacoplex Hyaluvance,Mood Stabilizers,Munich Plant,B1803-4490,2018-07-27,Frozen,Germany,3765,235,FALSE
INV000117,2017-04-05, Argalazine Abostryl  ,Antipiretics, POZNAN SITE  ,B1704-0891,2017-11-15, REFRIGERATED  ,Poland,4789,265,FALSE
INV000118,2017-09-30,Araxetine,Antibiotics, FRANKFURT PLANT  ,B1709-9909,2018-03-13,controlled substance,Germany,4426,128,No
INV000119,2020-12-17,Albudazole Erobloc,Antiseptics,FRANKFURT PLANT,B2012-2481,2023-10-06,Refrigerated,Germany,6554,380,No
INV000120,2020-04-05, Exotropin Empizine  ,Mood Stabilizers,Poznan Site,B2004-5769,2020-07-18, Refrigerated  ,Poland,1926,222,FALSE
INV000121,2019-07-28, Ibrulinum  ,Antipiretics,Poznan Site,B1907-5376,2021-01-15, room temperature  ,Poland,1279,387,0
INV000122,2019-03-18,Afinitasol,Antipiretics, Munich Plant  ,B1903-6971,2019-09-21,frozen,Germany,1024,167,FALSE
INV000123,2018-01-07,Ceretosine,Antiseptics,Poznan Site,B1801-5713,2019-04-06, controlled substance  ,Poland,2526,72,FALSE
INV000124,2017-02-13,Aclonuma,Antimalarial,Warsaw Plant,B1702-4218,2018-04-27, controlled substance  ,Poland,6335,287,FALSE
INV000125,2019-08-20, Feruprazole  ,Mood Stabilizers, Poznan Site  ,B1908-9234,2020-04-20, REFRIGERATED  ,Poland,331,154,0
INV000126,2019-03-08,Ultrimax Ultriset,Antiseptics,Krakow Facility,B1903-2142,2021-09-23, Refrigerated  ,Poland,3681,238,No
INV000127,2017-12-24,Antaparin Varizyme,Mood Stabilizers,Munich Plant,B1712-4416,2019-06-26,room temperature,Germany,3164,245,FALSE
INV000128,2020-03-27,Methiclotide,Antibiotics,Munich Plant,B2003-4760,2021-03-19,Frozen,Germany,6739,132,FALSE
INV000129,2018-09-28, Interfestar  ,Antibiotics, munich plant  ,B1809-8584,2019-06-29, controlled substance  ,Germany,2402,281,0
INV000130,2019-01-28, Afluferon Entrarenone  ,Antimalarial,Poznan Site,B1901-9198,2021-06-24,room temperature,Poland,8963,389,No
INV000131,2019-01-24,Lovapur,Mood Stabilizers,Krakow Facility,B1901-9690,2020-06-28,Refrigerated,Poland,264,191,No
INV000132,2019-11-11,Aclonuma,Antimalarial,Warsaw Plant,B1911-9389,2021-06-20,controlled substance,Poland,3295,298,No
INV000133,2020-02-02, Clindaracil  ,Analgesics,POZNAN SITE,B2002-8046,2022-10-23,Refrigerated,Poland,748,94,FALSE
INV000134,2019-06-06,Diaxolol,Antiseptics,Krakow Facility,B1906-5047,2019-10-29, REFRIGERATED  ,Poland,2132,186,No
INV000135,2020-11-15,Choriogestrel,Antiseptics,FRANKFURT PLANT,B2011-8419,2022-09-01,frozen,Germany,9302,213,No
INV000136,2018-11-04,Alimmethate Insudase,Analgesics,Krakow Facility,B1811-2981,2021-08-02,FROZEN,Poland,2271,156,FALSE
INV000137,2020-10-16,Novakyn Tracprox,Antiseptics,POZNAN SITE,B2010-3966,2021-03-21,Refrigerated,Poland,5414,151,FALSE
INV000138,2017-11-20, Ranediol  ,Antibiotics, WARSAW PLANT  ,B1711-7006,2019-03-29, FROZEN  ,Poland,9008,89,FALSE
INV000139,2020-11-10,Sucprine Specbalamin,Antiseptics,Munich Plant,B2011-0542,2023-01-15,room temperature,Germany,6464,250,No
INV000140,2020-12-10,Fentalac,Antipiretics, warsaw plant  ,B2012-0272,2021-02-24,room temperature,Poland,1818,225,No
INV000141,2018-06-21,Arivac,Antimalarial,Frankfurt Plant,B1806-4369,2019-01-30,CONTROLLED SUBSTANCE,Germany,3747,221,FALSE
INV000142,2018-01-08,Lactubucil,Antipiretics,Poznan Site,B1801-1277,2019-01-24,ROOM TEMPERATURE,Poland,879,91,No
INV000143,2018-03-08, Afluferon Entrarenone  ,Antimalarial,POZNAN SITE,B1803-0377,2021-02-11,refrigerated,Poland,2996,399,No
INV000144,2020-11-25,Cricane Acamsumab,Antiseptics,Warsaw Plant,B2011-1887,2022-05-01, Frozen  ,Poland,4393,138,No
INV000145,2019-02-19,Docstryl Rivacin,Antiseptics,frankfurt plant,B1902-2487,2021-11-12,Frozen,Germany,6524,241,FALSE
INV000146,2017-03-05, Effidomide Evofribrate  ,Antiseptics, Warsaw Plant  ,B1703-2291,2019-06-11,CONTROLLED SUBSTANCE,Poland,4587,59,No
INV000147,2018-11-25,Dexmebital Acanplan,Analgesics,POZNAN SITE,B1811-4051,2021-01-24,REFRIGERATED,Poland,9202,257,No
INV000148,2017-07-06, Decidenu Galantrigine  ,Antipiretics, Munich Plant  ,B1707-3356,2018-04-25,frozen,Germany,5343,151,FALSE
INV000149,2018-11-01,Thalilamide,Antibiotics,Warsaw Plant,B1811-1369,2019-04-01, FROZEN  ,Poland,3200,100,No
INV000150,2018-02-21, Acycpex  ,Mood Stabilizers,Warsaw Plant,B1802-0516,2018-04-26,controlled substance,Poland,708,222,No
INV000151,2019-03-02, Acelimus  ,Analgesics, warsaw plant  ,B1903-6749,2019-06-04, room temperature  ,Poland,973,333,FALSE
INV000152,2019-01-02,Lovephilus,Analgesics,poznan site,B1901-4716,2020-01-09,frozen,Poland,9573,271,No
INV000153,2020-10-02,Paronium Atracustone,Analgesics,Munich Plant,B2010-3393,2022-01-06, Refrigerated  ,Germany,3713,160,No
INV000154,2017-04-22,Lovepion,Antiseptics,krakow facility,B1704-4688,2019-02-13,frozen,Poland,5689,347,FALSE
INV000155,2019-09-14,Magneprex,Antimalarial, Krakow Facility  ,B1909-7369,2020-03-31,Refrigerated,Poland,6012,277,No
INV000156,2017-03-08,Albuterenone,Antimalarial, KRAKOW FACILITY  ,B1703-2392,2019-04-19,CONTROLLED SUBSTANCE,Poland,4492,161,No
INV000157,2017-06-21,Morphizolid Tianalin,Mood Stabilizers, Krakow Facility  ,B1706-4538,2020-06-10, controlled substance  ,Poland,2427,254,No
INV000158,2018-05-19,Neuropogen Empibax,Analgesics,FRANKFURT PLANT,B1805-2771,2018-09-01,room temperature,Germany,2258,307,FALSE
INV000159,2019-04-16,Sucprine Specbalamin,Antiseptics,munich plant,B1904-4554,2021-04-03, Frozen  ,Germany,1727,218,FALSE
INV000160,2019-11-19,Adideine,Mood Stabilizers,KRAKOW FACILITY,B1911-8072,2021-04-03,REFRIGERATED,Poland,6798,345,0
INV000161,2018-10-18,Interfedox Pilobamol,Antiseptics, FRANKFURT PLANT  ,B1810-0340,2019-08-11,Frozen,Germany,4971,235,No
INV000162,2019-09-29,Abobozolid,Antimalarial,POZNAN SITE,B1909-6237,2021-04-28,frozen,Poland,9790,184,FALSE
INV000163,2017-02-21,Theopril,Antipiretics,KRAKOW FACILITY,B1702-6466,2019-04-27,Frozen,Poland,1124,257,0
INV000164,2020-07-04, Comzyme  ,Antibiotics,warsaw plant,B2007-3434,2021-01-13,FROZEN,Poland,3735,230,Yes
INV000165,2017-09-09,Hydroxyprosyn,Antibiotics,poznan site,B1709-3508,2020-06-12,Refrigerated,Poland,7448,119,FALSE
INV000166,2018-01-21,Stelazolid,Antimalarial,Poznan Site,B1801-2568,2019-10-17,Refrigerated,Poland,7382,205,No
INV000167,2020-06-09,Cogxone Levanide,Antimalarial,poznan site,B2006-8856,2021-05-26,Frozen,Poland,6978,71,FALSE
INV000168,2020-11-12, Testant  ,Mood Stabilizers,Warsaw Plant,B2011-2562,2022-05-31,Frozen,Poland,3403,65,FALSE
INV000169,2019-02-19,Adriafinil Ehtymara,Antiseptics, FRANKFURT PLANT  ,B1902-1252,2019-11-10, controlled substance  ,Germany,583,330,No
INV000170,2019-04-15,Nevanide Actozide,Antibiotics,krakow facility,B1904-1476,2021-02-26,refrigerated,Poland,1157,276,No
INV000171,2019-04-15,Victomax,Analgesics,FRANKFURT PLANT,B1904-3483,2020-11-27,Frozen,Germany,3522,140,No
INV000172,2019-03-23,Doxivorin,Antimalarial,Poznan Site,B1903-1892,2019-06-23,room temperature,Poland,4804,301,FALSE
INV000173,2019-05-31,Xenaderal,Mood Stabilizers, Munich Plant  ,B1905-4187,2021-08-31, controlled substance  ,Germany,7469,260,No
INV000174,2018-11-21,Belavarix Benzabicin,Antibiotics, Frankfurt Plant  ,B1811-2568,2021-10-29, controlled substance  ,Germany,2229,251,No
INV000175,2018-02-13,Rebedase Aplencor,Mood Stabilizers, munich plant  ,B1802-5364,2019-04-16,Frozen,Germany,448,260,No
INV000176,2017-05-11,Ganineva Agenium,Antiseptics,Frankfurt Plant,B1705-6183,2020-05-13,CONTROLLED SUBSTANCE,Germany,3160,155,FALSE
INV000177,2018-11-08, Hydroxyprosyn  ,Antibiotics,poznan site,B1811-1248,2020-06-25, room temperature  ,Poland,2285,259,No
INV000178,2019-07-31,Claripenem,Antibiotics,warsaw plant,B1907-2801,2020-11-17,controlled substance,Poland,3543,275,0
INV000179,2020-02-09,Apronazol,Antibiotics, krakow facility  ,B2002-5826,2022-08-16,controlled substance,Poland,3612,141,No
INV000180,2018-08-31,Metapatch,Antipiretics, Krakow Facility  ,B1808-8862,2020-11-29,room temperature,Poland,2956,51,FALSE
INV000181,2019-09-27, Paronium Atracustone  ,Analgesics, MUNICH PLANT  ,B1909-5091,2022-04-30,Frozen,Germany,4085,313,No
INV000182,2017-11-26, Adideine  ,Mood Stabilizers,Krakow Facility,B1711-4684,2019-12-28, frozen  ,Poland,2296,365,FALSE
INV000183,2019-01-24,Dantocept Ferurenone,Antiseptics,Warsaw Plant,B1901-9302,2021-05-25, controlled substance  ,Poland,4763,350,No
INV000184,2017-01-06,Halcifergen Nevazone,Antimalarial,warsaw plant,B1701-6990,2017-05-04,controlled substance,Poland,3721,332,FALSE
INV000185,2019-02-06, Diazemid Felcept  ,Analgesics,WARSAW PLANT,B1902-3633,2021-04-25,room temperature,Poland,1119,194,FALSE
INV000186,2020-02-27,Sucprine Specbalamin,Antiseptics, Munich Plant  ,B2002-9445,2022-05-07, controlled substance  ,Germany,1029,78,No
INV000187,2017-09-24,Immurenol Temarate,Antipiretics,Frankfurt Plant,B1709-1628,2020-01-10,room temperature,Germany,211,150,FALSE
INV000188,2020-09-23,Effidomide Evofribrate,Antiseptics,Warsaw Plant,B2009-3684,2021-12-05,REFRIGERATED,Poland,2379,84,FALSE
INV000189,2019-11-04, Pentastrin  ,Antibiotics,frankfurt plant,B1911-9083,2022-01-29,Refrigerated,Germany,9255,222,No
INV000190,2019-11-01, Alpradipine  ,Analgesics,Munich Plant,B1911-7034,2021-03-26, Refrigerated  ,Germany,2445,285,No
INV000191,2018-10-10,Rebedase Aplencor,Mood Stabilizers,MUNICH PLANT,B1810-9782,2021-10-13,room temperature,Germany,2388,145,No
INV000192,2019-04-07,Interfedox Pilobamol,Antiseptics,frankfurt plant,B1904-8223,2021-01-31,room temperature,Germany,4433,165,FALSE
INV000193,2019-10-03, Feruprazole  ,Mood Stabilizers,poznan site,B1910-5790,2021-04-01,controlled substance,Poland,8571,131,No
INV000194,2017-09-06, Alarudin Azarolac  ,Mood Stabilizers, warsaw plant  ,B1709-5059,2020-01-09,room temperature,Poland,1607,337,FALSE
INV000195,2020-05-19,Comzyme,Antibiotics, Warsaw Plant  ,B2005-3808,2022-05-27, room temperature  ,Poland,719,87,0
INV000196,2020-01-08,Androporin,Antiseptics,MUNICH PLANT,B2001-8074,2022-01-18,CONTROLLED SUBSTANCE,Germany,6781,145,No
INV000197,2018-04-26, Sodinel Olofribrate  ,Antimalarial, Warsaw Plant  ,B1804-2135,2020-04-01, Refrigerated  ,Poland,6452,153,FALSE
INV000198,2019-11-20, Panpion  ,Antiseptics,POZNAN SITE,B1911-4983,2022-05-13,Frozen,Poland,735,132,No
INV000199,2019-06-22,Dexacilin Triline,Analgesics,munich plant,B1906-6370,2020-12-16,frozen,Germany,1142,262,No
INV000200,2017-02-07,Ketamara Evogel,Antipiretics,poznan site,B1702-7762,2017-04-22,refrigerated,Poland,3371,261,No
INV000201,2020-02-29,Androporin,Antiseptics, MUNICH PLANT  ,B2002-3070,2021-03-04,room temperature,Germany,4946,396,No
INV000202,2018-05-02,Lovavatol Azelavarix,Mood Stabilizers,FRANKFURT PLANT,B1805-8565,2020-08-02,controlled substance,Germany,9435,365,FALSE
INV000203,2017-09-13,Alpradipine,Analgesics, MUNICH PLANT  ,B1709-9761,2020-06-03,Refrigerated,Germany,5441,327,FALSE
INV000204,2017-08-16,Syntheruvax Proracin,Antimalarial,warsaw plant,B1708-3496,2018-12-26,Refrigerated,Poland,5847,,No
INV000205,2017-06-26,Dasagestin,Analgesics, Poznan Site  ,B1706-0214,2017-10-11,refrigerated,Poland,8760,220,No
INV000206,2018-12-21,Formolovir Amanferon,Analgesics,MUNICH PLANT,B1812-0769,2021-05-12,room temperature,Germany,6522,186,No
INV000207,2019-09-29, Halciramine  ,Antimalarial,Frankfurt Plant,B1909-5682,2022-09-14,Frozen,Germany,8351,115,FALSE
INV000208,2017-11-19,Insozyme,Antiseptics,Poznan Site,B1711-9323,2019-10-22,controlled substance,Poland,5458,183,FALSE
INV000209,2019-09-18,Tetratanyl,Antimalarial,Poznan Site,B1909-3054,2022-05-12,CONTROLLED SUBSTANCE,Poland,9407,274,No
INV000210,2017-07-18,Megenorphine,Antimalarial, Frankfurt Plant  ,B1707-3256,2019-09-04,refrigerated,Germany,6221,388,FALSE
INV000211,2017-06-14,Ribabyclor,Antiseptics,Warsaw Plant,B1706-5541,2019-12-13,ROOM TEMPERATURE,Poland,4017,322,FALSE
INV000212,2020-07-11,Rositroban,Mood Stabilizers,KRAKOW FACILITY,B2007-5705,2021-02-02,controlled substance,Poland,7398,336,FALSE
INV000213,2020-10-25,Interfeferon Aspipex,Antiseptics, frankfurt plant  ,B2010-0759,2022-08-10,refrigerated,Germany,5861,285,No
INV000214,2019-10-27,Interzide,Antimalarial,munich plant,B1910-3163,2020-03-12, FROZEN  ,Germany,2545,203,FALSE
INV000215,2018-10-25, Megenorphine  ,Antimalarial,Frankfurt Plant,B1810-3430,2020-09-08, room temperature  ,Germany,2549,362,No
INV000216,2017-11-15,Claripenem,Antibiotics,Warsaw Plant,B1711-7062,2018-03-01, room temperature  ,Poland,9803,151,No
INV000217,2019-06-28,Abtasol,Antiseptics,munich plant,B1906-1956,2020-07-01,controlled substance,Germany,3769,138,FALSE
INV000218,2018-09-01,Dexacilin Triline,Analgesics,MUNICH PLANT,B1809-8014,2020-01-01,refrigerated,Germany,9017,243,No
INV000219,2019-03-16,Megenorphine,Antimalarial,frankfurt plant,B1903-9952,2019-09-05,refrigerated,Germany,6768,116,TRUE
INV000220,2020-08-22,Requimadin,Antimalarial,Krakow Facility,B2008-7168,2022-12-20,controlled substance,Poland,8980,234,0
INV000221,2018-01-12,Vibratosine Alemtrace,Antibiotics,Krakow Facility,B1801-7338,2018-06-25,Refrigerated,Poland,6405,169,No
INV000222,2019-12-17,Pazofenac,Mood Stabilizers, krakow facility  ,B1912-6823,2020-11-27,controlled substance,Poland,2220,56,No
INV000223,2018-03-05,Paronium Atracustone,Analgesics, MUNICH PLANT  ,B1803-7131,2019-06-01,Frozen,Germany,4052,387,FALSE
INV000224,2020-10-22,Vibratosine Alemtrace,Antibiotics, Krakow Facility  ,B2010-6735,2021-04-11,FROZEN,Poland,1571,183,No
INV000225,2018-10-31,Morphizolid Tianalin,Mood Stabilizers,KRAKOW FACILITY,B1810-0872,2020-11-14, refrigerated  ,Poland,4151,341,No
INV000226,2019-01-18,Primapion,Antibiotics,Poznan Site,B1901-4018,2020-09-23,Frozen,Poland,4410,177,FALSE
INV000227,2019-12-27,Ketastadil,Analgesics, FRANKFURT PLANT  ,B1912-3443,2020-08-31,FROZEN,Germany,3000,200,FALSE
INV000228,2020-04-22, Halciramine  ,Antimalarial,Frankfurt Plant,B2004-1674,2021-03-30, controlled substance  ,Germany,923,384,No
INV000229,2019-12-24,Quixitriptan Alanesin,Antiseptics,Poznan Site,B1912-8134,2021-07-14,controlled substance,Poland,N/A,381,No
INV000230,2018-06-12, Magnemunex  ,Antiseptics, Munich Plant  ,B1806-2477,2021-03-31,Refrigerated,Germany,1401,147,No
INV000231,2019-02-07, Brimorix Amonine  ,Antibiotics, Munich Plant  ,B1902-2996,2020-03-06,REFRIGERATED,Germany,7848,278,Yes
INV000232,2019-02-21,Eproline,Antibiotics,FRANKFURT PLANT,B1902-0954,2021-04-17, FROZEN  ,Germany,9524,198,FALSE
INV000233,2018-05-26,Alisteride Pemidizem,Antiseptics,POZNAN SITE,B1805-3174,2020-10-25,Refrigerated,Poland,4674,119,FALSE
INV000234,2020-11-11, Bexridol  ,Antipiretics,KRAKOW FACILITY,B2011-3668,2023-06-12,CONTROLLED SUBSTANCE,Poland,1977,399,No
INV000235,2017-01-27,Insozyme,Antiseptics,Poznan Site,B1701-1106,2019-12-21,room temperature,Poland,4711,244,0
INV000236,2020-01-27,Victomax,Analgesics,FRANKFURT PLANT,B2001-2203,2021-06-02, Refrigerated  ,Germany,645,252,Yes
INV000237,2018-01-19,Requimadin,Antimalarial,KRAKOW FACILITY,B1801-1736,2019-12-05,room temperature,Poland,1652,345,FALSE
INV000238,2018-12-10,Topitaine,Mood Stabilizers,FRANKFURT PLANT,B1812-8097,2019-11-16,room temperature,Germany,3329,376,No
INV000239,2017-03-07, Feruprazole  ,Mood Stabilizers,Poznan Site,B1703-0741,2017-09-12,CONTROLLED SUBSTANCE,Poland,8361,128,No
INV000240,2019-09-03,Victomine,Antimalarial,krakow facility,B1909-4552,2022-06-02,FROZEN,Poland,9964,306,No
INV000241,2017-09-05,Aclonuma,Antimalarial,Warsaw Plant,B1709-5792,2018-01-12, room temperature  ,Poland,2565,241,No
INV000242,2018-05-05, Xenaminphen  ,Antimalarial,WARSAW PLANT,B1805-2332,2018-07-08, Frozen  ,Poland,6075,313,No
INV000243,2017-03-05,Ketamara Evogel,Antipiretics,poznan site,B1703-5169,2019-08-10,REFRIGERATED,Poland,2758,103,FALSE
INV000244,2017-08-14,Hemavate Spirolinum,Mood Stabilizers,warsaw plant,B1708-9332,2018-10-27,FROZEN,Poland,9810,133,FALSE
INV000245,2017-05-09,Zonixamine Immulinum,Analgesics,Munich Plant,B1705-8877,2017-10-24, controlled substance  ,Germany,601,386,No
INV000246,2018-02-17,Solasteride,Mood Stabilizers, Poznan Site  ,B1802-9646,2020-06-12, Frozen  ,Poland,996,195,No
INV000247,2018-04-16,Dexacilin Triline,Analgesics,Munich Plant,B1804-0401,2019-11-08,controlled substance,Germany,5333,195,No
INV000248,2019-01-24,Hepavice,Mood Stabilizers,Warsaw Plant,B1901-5166,2021-01-30, frozen  ,Poland,9121,78,FALSE
INV000249,2017-01-17, Exotropin Empizine  ,Mood Stabilizers,poznan site,B1701-2989,2020-01-12,Frozen,Poland,6306,321,No
INV000250,2020-09-16,Ribabyclor,Antiseptics,warsaw plant,B2009-4404,2023-05-17,room temperature,Poland,9976,191,0
INV000251,2018-10-04,Aggrakine,Antiseptics,poznan site,B1810-9819,2020-05-18,controlled substance,Poland,7011,259,No
INV000252,2017-01-02, Afretosine  ,Mood Stabilizers,munich plant,B1701-8503,2018-08-08, room temperature  ,Germany,3787,360,No
INV000253,2018-01-10,Ketamara Evogel,Antipiretics,Poznan Site,B1801-9445,2018-06-02, REFRIGERATED  ,Poland,217,298,Yes
INV000254,2017-09-11,Sumanazole,Analgesics,Munich Plant,B1709-2643,2019-06-27,Refrigerated,Germany,7004,358,No
INV000255,2018-08-16, Dexmeprazole Transnuvia  ,Mood Stabilizers,FRANKFURT PLANT,B1808-0761,2019-03-24,Refrigerated,Germany,4553,244,No
INV000256,2017-09-13, Aggrakine  ,Antiseptics,Poznan Site,B1709-2861,2018-01-04,room temperature,Poland,9381,63,No
INV000257,2020-11-20,Eproline,Antibiotics,FRANKFURT PLANT,B2011-5012,2021-07-17,room temperature,Germany,1892,121,FALSE
INV000258,2019-08-16,Vibratosine Alemtrace,Antibiotics,krakow facility,B1908-1412,2022-06-05, room temperature  ,Poland,3816,163,No
INV000259,2017-03-25,Darlofen,Antipiretics, poznan site  ,B1703-2570,2018-03-15, Refrigerated  ,Poland,7937,90,No
INV000260,2017-01-09,Dexmeprazole Transnuvia,Mood Stabilizers,frankfurt plant,B1701-7571,2017-11-03, Refrigerated  ,Germany,4011,88,No
INV000261,2019-05-20,Flutacerol,Analgesics,Frankfurt Plant,B1905-0865,2021-10-14,controlled substance,Germany,6334,118,No
INV000262,2020-08-18,Zonitonin,Antiseptics,Warsaw Plant,B2008-3811,2023-04-09,Refrigerated,Poland,4322,236,No
INV000263,2018-02-05,Fentalac,Antipiretics,Warsaw Plant,B1802-3954,2019-02-07,REFRIGERATED,Poland,9117,91,No
INV000264,2020-04-19,Afaxacin,Analgesics, Krakow Facility  ,B2004-2537,2022-05-18,room temperature,Poland,8086,129,No
INV000265,2017-05-15, Ketamara Evogel  ,Antipiretics,poznan site,B1705-2791,2017-12-16,REFRIGERATED,Poland,7383,60,No
INV000266,2020-09-29,Factolamide,Antiseptics,Warsaw Plant,B2009-9698,2021-01-30,refrigerated,Poland,6211,354,No
INV000267,2019-07-11,Lactubucil,Antipiretics,poznan site,B1907-0236,2022-06-19,ROOM TEMPERATURE,Poland,8557,316,No
INV000268,2018-09-22, Finanel  ,Antimalarial,Krakow Facility,B1809-5695,2019-05-05,refrigerated,Poland,1094,211,No
INV000269,2020-09-04,Dantocept Ferurenone,Antiseptics,WARSAW PLANT,B2009-2766,2022-08-17, room temperature  ,Poland,934,152,No
INV000270,2019-05-03,Paronium Atracustone,Analgesics, Munich Plant  ,B1905-4846,2021-02-06,REFRIGERATED,Germany,7055,146,No
INV000271,2019-12-16,Metapatch,Antipiretics, krakow facility  ,B1912-6753,2021-02-03,controlled substance,Poland,7479,267,FALSE
INV000272,2020-12-11,Interfestar,Antibiotics, Munich Plant  ,B2012-9656,2022-06-16,CONTROLLED SUBSTANCE,Germany,8406,359,No
INV000273,2017-04-29, Adideine  ,Mood Stabilizers, KRAKOW FACILITY  ,B1704-4383,2017-08-17,CONTROLLED SUBSTANCE,Poland,4727,68,No
INV000274,2018-03-27,Ketastadil,Analgesics,Frankfurt Plant,B1803-3363,2018-08-14, refrigerated  ,Germany,N/A,166,FALSE
INV000275,2017-07-18,Atomorelin,Analgesics,warsaw plant,B1707-2086,2020-03-24,room temperature,Poland,4844,259,FALSE
INV000276,2019-01-10,Ciclonazol,Antiseptics,KRAKOW FACILITY,B1901-7558,2021-07-22,FROZEN,Poland,8839,121,No
INV000277,2020-07-14,Thionide,Analgesics,MUNICH PLANT,B2007-0260,2023-05-26,Refrigerated,Germany,9917,97,No
INV000278,2017-09-21,Amamadin,Antimalarial,MUNICH PLANT,B1709-6840,2020-05-30, Refrigerated  ,Germany,9519,366,0
INV000279,2019-01-04, Dexacilin Triline  ,Analgesics,Munich Plant,B1901-5582,2020-07-25, Refrigerated  ,Germany,5460,212,No
INV000280,2018-06-04,Exexone,Mood Stabilizers,munich plant,B1806-9718,2020-12-12,controlled substance,Germany,2959,156,0
INV000281,2019-03-13,Menogine,Antiseptics,Frankfurt Plant,B1903-4482,2020-03-10, Refrigerated  ,Germany,4492,224,Yes
INV000282,2019-01-03,Flutacerol,Analgesics,frankfurt plant,B1901-0031,2019-06-06, Frozen  ,Germany,5408,276,No
INV000283,2018-10-21, Aldevac  ,Analgesics,Warsaw Plant,B1810-9432,2019-12-21, CONTROLLED SUBSTANCE  ,Poland,7895,218,No
INV000284,2019-01-10,Abatatriptan,Antibiotics,Munich Plant,B1901-1809,2020-01-28,FROZEN,Germany,3425,87,No
INV000285,2019-10-09,Travosoline Capolac,Antipiretics,poznan site,B1910-9754,2021-01-28, frozen  ,Poland,7385,110,FALSE
INV000286,2018-05-06, Vibratosine Alemtrace  ,Antibiotics,KRAKOW FACILITY,B1805-3957,2020-01-10, room temperature  ,Poland,9513,344,FALSE
INV000287,2017-04-24,Methiclotide,Antibiotics,MUNICH PLANT,B1704-4048,2017-07-12,room temperature,Germany,7593,366,No
INV000288,2017-06-13,Cephozumab Synmethate,Antibiotics,POZNAN SITE,B1706-9896,2019-04-19, ROOM TEMPERATURE  ,Poland,1950,251,No
INV000289,2018-09-13,Factolamide,Antiseptics,warsaw plant,B1809-6788,2021-06-18,room temperature,Poland,4387,114,No
INV000290,2020-04-24,Requimadin,Antimalarial,Krakow Facility,B2004-3922,2022-07-06,controlled substance,Poland,8186,117,0
INV000291,2019-01-26,Microroban Afatigomar,Antimalarial,MUNICH PLANT,B1901-4627,2021-08-14,ROOM TEMPERATURE,Germany,2957,367,No
INV000292,2020-09-26,Acubulin,Antipiretics,POZNAN SITE,B2009-7006,2021-08-08,controlled substance,Poland,9005,367,No
INV000293,2020-11-21,Topitaine,Mood Stabilizers,frankfurt plant,B2011-8467,2023-10-08,room temperature,Germany,6596,366,No
INV000294,2020-11-19,Invisteride Diclomycin,Mood Stabilizers, Frankfurt Plant  ,B2011-9311,2022-12-30, frozen  ,Germany,9259,243,0
INV000295,2020-05-11,Immurenol Temarate,Antipiretics,Frankfurt Plant,B2005-6301,2021-03-15,controlled substance,Germany,9704,55,No
INV000296,2017-02-03,Rositroban,Mood Stabilizers,krakow facility,B1702-8034,2017-07-20, room temperature  ,Poland,8061,280,No
INV000297,2018-07-27,Ibrulinum,Antipiretics,Poznan Site,B1807-0378,2019-11-26,REFRIGERATED,Poland,6992,295,0
INV000298,2018-07-11, Penitrana  ,Analgesics,FRANKFURT PLANT,B1807-2688,2019-05-09,controlled substance,Germany,7056,383,No
INV000299,2020-12-17,Betanem,Analgesics,Poznan Site,B2012-4844,2023-06-20,controlled substance,Poland,3506,218,No
INV000300,2019-10-17, Amphesirox  ,Antiseptics,warsaw plant,B1910-1884,2022-07-13,room temperature,Poland,3928,196,No
INV000301,2017-12-07,Abranatal Lysoprosate,Antiseptics, MUNICH PLANT  ,B1712-5683,2019-05-22,Frozen,Germany,9651,245,No
INV000302,2020-01-06,Cordamectin Actolamin,Antipiretics, WARSAW PLANT  ,B2001-3255,2022-01-05,room temperature,Poland,4620,341,No
INV000303,2017-07-28,Albuterenone,Antimalarial,krakow facility,B1707-5294,2019-03-23, CONTROLLED SUBSTANCE  ,Poland,8750,142,No
INV000304,2019-07-06,Morphizolid Tianalin,Mood Stabilizers,KRAKOW FACILITY,B1907-6870,2019-12-02,refrigerated,Poland,4834,344,FALSE
INV000305,2018-04-16,Dantolac Pazocor,Analgesics,warsaw plant,B1804-3798,2019-10-20,frozen,Poland,5635,98,No
INV000306,2017-11-18, Malaxolol Aeroprosyn  ,Antiseptics,Frankfurt Plant,B1711-0213,2019-07-01,CONTROLLED SUBSTANCE,Germany,5680,144,No
INV000307,2018-02-08,Trazozaprine,Mood Stabilizers,Frankfurt Plant,B1802-4422,2018-05-14,frozen,Germany,8841,294,0
INV000308,2020-01-13,Alglutriptan,Analgesics,poznan site,B2001-4488,2021-07-30,frozen,Poland,2926,298,0
INV000309,2018-12-06,Sucprine Specbalamin,Antiseptics, Munich Plant  ,B1812-6759,2020-05-05,frozen,Germany,6980,170,0
INV000310,2020-05-15,Clinolan Pitoletra,Mood Stabilizers,Munich Plant,B2005-8179,2021-11-22,CONTROLLED SUBSTANCE,Germany,3084,343,No
INV000311,2019-10-02,Vibratosine Alemtrace,Antibiotics,Krakow Facility,B1910-8859,2020-03-04,FROZEN,Poland,5118,239,0
INV000312,2017-10-23,Xenaminphen,Antimalarial,warsaw plant,B1710-2837,2018-02-18, controlled substance  ,Poland,888,287,No
INV000313,2020-09-15, Spiroderall  ,Mood Stabilizers,munich plant,B2009-0971,2021-01-20,room temperature,Germany,8032,286,No
INV000314,2017-12-09,Factofribrate,Mood Stabilizers,Frankfurt Plant,B1712-9352,2018-09-23, Refrigerated  ,Germany,7369,175,FALSE
INV000315,2020-09-24, Diprolimus  ,Antiseptics,Poznan Site,B2009-3114,2023-08-05,refrigerated,Poland,4657,198,No
INV000316,2019-01-30,Adideine,Mood Stabilizers,KRAKOW FACILITY,B1901-1014,2020-09-26,controlled substance,Poland,6359,264,No
INV000317,2019-10-14,Bexridol,Antipiretics,krakow facility,B1910-1496,2020-12-12,CONTROLLED SUBSTANCE,Poland,5455,328,No
INV000318,2018-03-27,Malaxolol Aeroprosyn,Antiseptics,FRANKFURT PLANT,B1803-5326,2020-03-12, room temperature  ,Germany,3787,290,No
INV000319,2017-06-16,Dantolac Pazocor,Analgesics, WARSAW PLANT  ,B1706-6249,2017-12-21,Frozen,Poland,5873,274,FALSE
INV000320,2019-04-30,Lansostral Acgestin,Antiseptics,Munich Plant,B1904-7662,2020-11-21,FROZEN,Germany,3317,260,No
INV000321,2020-07-21,Saprodeine Zanprosyn,Antibiotics,POZNAN SITE,B2007-0446,2020-12-23,ROOM TEMPERATURE,Poland,7821,120,No
INV000322,2017-03-31,Claricriptine Adaferol,Antibiotics,Frankfurt Plant,B1703-5297,2017-08-03,ROOM TEMPERATURE,Germany,4790,347,No
INV000323,2017-07-02, Menogine  ,Antiseptics,Frankfurt Plant,B1707-5432,2019-11-14,FROZEN,Germany,4666,334,No
INV000324,2018-08-09, Abranatal Lysoprosate  ,Antiseptics,Munich Plant,B1808-2394,2019-09-18,frozen,Germany,4197,258,0
INV000325,2018-03-24, Androporin  ,Antiseptics, MUNICH PLANT  ,B1803-3903,2019-04-29,refrigerated,Germany,3217,227,No
INV000326,2019-10-14,Adalatamine,Antiseptics,Poznan Site,B1910-8294,2021-11-17,REFRIGERATED,Poland,3205,,No
INV000327,2019-03-07,Sanctumine,Antimalarial,Warsaw Plant,B1903-0339,2021-08-04,Refrigerated,Poland,9973,230,No
INV000328,2020-09-19,Presetron,Mood Stabilizers,frankfurt plant,B2009-0751,2022-11-09,room temperature,Germany,2792,291,No
INV000329,2019-12-24, Cephozumab Synmethate  ,Antibiotics,Poznan Site,B1912-9607,2021-10-25,frozen,Poland,5619,162,No
INV000330,2019-02-11,Antaparin Varizyme,Mood Stabilizers,Munich Plant,B1902-9959,2021-04-27,frozen,Germany,2755,135,No
INV000331,2019-02-25, Saprodeine Zanprosyn  ,Antibiotics,Poznan Site,B1902-6968,2020-01-14,ROOM TEMPERATURE,Poland,4367,92,No
INV000332,2019-11-05,Fosinofen,Antipiretics,Munich Plant,B1911-7916,2021-09-05,CONTROLLED SUBSTANCE,Germany,8867,265,No
INV000333,2020-10-16, Aciprex  ,Antipiretics, Poznan Site  ,B2010-4749,2021-04-11, controlled substance  ,Poland,3598,175,No
INV000334,2017-05-26,Fosinofen,Antipiretics, munich plant  ,B1705-6260,2019-03-25, Refrigerated  ,Germany,5671,181,FALSE
INV000335,2020-12-27, Adrecetam Barazoxane  ,Antimalarial, POZNAN SITE  ,B2012-1445,2023-10-13,Refrigerated,Poland,4741,105,No
INV000336,2018-11-03,Hemavate Spirolinum,Mood Stabilizers,WARSAW PLANT,B1811-5453,2020-11-20, FROZEN  ,Poland,9930,82,No
INV000337,2020-02-02,Amphesirox,Antiseptics,Warsaw Plant,B2002-4037,2021-06-20,controlled substance,Poland,9839,351,Yes
INV000338,2020-01-21,Cricane Acamsumab,Antiseptics,Warsaw Plant,B2001-8962,2022-11-04,FROZEN,Poland,8602,53,0
INV000339,2020-07-12,Flutacerol,Analgesics, Frankfurt Plant  ,B2007-9564,2022-05-08, ROOM TEMPERATURE  ,Germany,6198,55,No
INV000340,2020-11-28,Kinenadryl,Antipiretics,POZNAN SITE,B2011-7159,2023-03-31,Frozen,Poland,6930,50,FALSE
INV000341,2017-09-20,Immurenol Temarate,Antipiretics, frankfurt plant  ,B1709-2115,2019-05-05,refrigerated,Germany,1933,127,No
INV000342,2017-01-06,Flutacerol,Analgesics,frankfurt plant,B1701-5601,2019-10-03,room temperature,Germany,1514,94,No
INV000343,2017-07-05, Adriacaine  ,Mood Stabilizers,Munich Plant,B1707-8040,2020-01-02,room temperature,Germany,1610,142,FALSE
INV000344,2019-10-18, Factofribrate  ,Mood Stabilizers, Frankfurt Plant  ,B1910-3434,2022-05-10, FROZEN  ,Germany,9587,313,No
INV000345,2017-10-01,Eproline,Antibiotics, frankfurt plant  ,B1710-3689,2020-08-14,frozen,Germany,2890,329,No
INV000346,2018-02-04,Thionide,Analgesics,munich plant,B1802-3276,2018-05-27,refrigerated,Germany,1774,170,FALSE
INV000347,2020-02-28,Adriacaine,Mood Stabilizers, MUNICH PLANT  ,B2002-9468,2022-01-26,room temperature,Germany,7363,373,No
INV000348,2018-08-19,Interzide,Antimalarial,MUNICH PLANT,B1808-5399,2020-08-10, room temperature  ,Germany,9491,75,No
INV000349,2019-01-17,Zyvance,Analgesics,frankfurt plant,B1901-9755,2020-06-09, FROZEN  ,Germany,2546,135,No
INV000350,2020-04-20,Presetron,Mood Stabilizers,frankfurt plant,B2004-2627,2022-04-12,Frozen,Germany,1725,71,No
INV000351,2019-02-22,Choriogestrel,Antiseptics,Frankfurt Plant,B1902-1324,2021-03-06,room temperature,Germany,N/A,154,No
INV000352,2020-10-23,Tesnorphine Silotamine,Antibiotics,munich plant,B2010-0828,2022-09-16,ROOM TEMPERATURE,Germany,5477,215,FALSE
INV000353,2020-03-15, Abranatal Lysoprosate  ,Antiseptics, MUNICH PLANT  ,B2003-8678,2022-04-19,room temperature,Germany,1472,84,No
INV000354,2018-02-28,Claripenem,Antibiotics, Warsaw Plant  ,B1802-3922,2020-11-02,controlled substance,Poland,4710,152,No
INV000355,2020-11-15,Penitrana,Analgesics, frankfurt plant  ,B2011-0053,2022-08-03,REFRIGERATED,Germany,1902,119,No
INV000356,2019-12-13, Topifribrate  ,Analgesics, MUNICH PLANT  ,B1912-4767,2021-11-23,Frozen,Germany,2801,122,FALSE
INV000357,2018-08-01,Zithrotrol,Antiseptics,krakow facility,B1808-3069,2020-06-04, controlled substance  ,Poland,8282,292,FALSE
INV000358,2019-03-18, Ranediol  ,Antibiotics,Warsaw Plant,B1903-4866,2020-09-27,controlled substance,Poland,N/A,142,FALSE
INV000359,2017-11-08, Zyvance  ,Analgesics,FRANKFURT PLANT,B1711-6865,2018-02-10,FROZEN,Germany,8769,193,Yes
INV000360,2017-01-31,Zonixamine Immulinum,Analgesics,Munich Plant,B1701-0318,2017-08-21,room temperature,Germany,9611,253,No
INV000361,2020-03-18,Rositroban,Mood Stabilizers,Krakow Facility,B2003-4576,2020-09-17,room temperature,Poland,5169,222,FALSE
INV000362,2020-01-28,Atomorelin,Analgesics,Warsaw Plant,B2001-9637,2020-08-18,refrigerated,Poland,4155,316,FALSE
INV000363,2018-12-17,Requimadin,Antimalarial,Krakow Facility,B1812-3989,2021-03-25,FROZEN,Poland,9462,170,No
INV000364,2020-10-26,Xenaminphen,Antimalarial,Warsaw Plant,B2010-2386,2021-12-05,controlled substance,Poland,1377,310,No
INV000365,2019-12-27, Abtasol  ,Antiseptics,munich plant,B1912-3607,2022-02-06,CONTROLLED SUBSTANCE,Germany,4704,120,No
INV000366,2019-10-19,Claripenem,Antibiotics,Warsaw Plant,B1910-8698,2021-05-09, room temperature  ,Poland,6070,86,FALSE
INV000367,2018-02-02, Kinenadryl  ,Antipiretics,Poznan Site,B1802-3497,2020-06-02,controlled substance,Poland,5832,125,FALSE
INV000368,2017-03-17,Choriotrisin,Antibiotics,Warsaw Plant,B1703-8675,2018-07-03, room temperature  ,Poland,9164,353,No
INV000369,2020-05-09,Biotasol Siloderm,Antiseptics,Frankfurt Plant,B2005-7087,2021-09-15,FROZEN,Germany,6964,121,0
INV000370,2018-09-06,Androporin,Antiseptics,Munich Plant,B1809-2540,2020-10-11,room temperature,Germany,1622,149,No
INV000371,2018-06-25, Tiaracil  ,Antipiretics, Warsaw Plant  ,B1806-6372,2020-07-02, frozen  ,Poland,4555,58,No
INV000372,2017-05-19,Interfeferon Aspipex,Antiseptics,frankfurt plant,B1705-5338,2019-06-17, Frozen  ,Germany,2886,371,FALSE
INV000373,2017-12-26,Sevotrana Tiafoxin,Analgesics, Krakow Facility  ,B1712-0136,2020-06-14,controlled substance,Poland,6832,258,0
INV000374,2018-08-14, Syntheruvax Proracin  ,Antimalarial,Warsaw Plant,B1808-1071,2020-03-05,room temperature,Poland,9644,368,FALSE
INV000375,2018-03-24, Exotropin Empizine  ,Mood Stabilizers,Poznan Site,B1803-9998,2020-07-03,refrigerated,Poland,3450,290,No
INV000376,2018-10-30,Solasteride,Mood Stabilizers,Poznan Site,B1810-6207,2021-04-26,Refrigerated,Poland,9451,97,No
INV000377,2019-05-21,Aldevac,Analgesics, Warsaw Plant  ,B1905-7503,2021-05-16, Frozen  ,Poland,6378,60,No
INV000378,2017-11-29,Dexmeprazole Transnuvia,Mood Stabilizers,FRANKFURT PLANT,B1711-3651,2019-03-22,CONTROLLED SUBSTANCE,Germany,6200,235,No
INV000379,2019-10-29, Relenvice  ,Antimalarial,Munich Plant,B1910-4505,2020-11-24,room temperature,Germany,7459,104,No
INV000380,2020-06-30, Insozyme  ,Antiseptics,Poznan Site,B2006-5100,2022-07-20,CONTROLLED SUBSTANCE,Poland,5439,386,No
INV000381,2017-04-25,Diaxolol,Antiseptics,krakow facility,B1704-4160,2020-03-07,frozen,Poland,4878,121,No
INV000382,2017-04-16,Duraprazole Agalsixolol,Antiseptics,FRANKFURT PLANT,B1704-6122,2019-06-11, Refrigerated  ,Germany,806,178,No
INV000383,2020-01-20, Immurenol Temarate  ,Antipiretics,Frankfurt Plant,B2001-0851,2021-07-27,refrigerated,Germany,4382,254,No
INV000384,2020-10-18,Alpradipine,Analgesics,munich plant,B2010-4200,2021-09-17,FROZEN,Germany,3355,212,No
INV000385,2020-10-07, Sanctumine  ,Antimalarial, WARSAW PLANT  ,B2010-4321,2020-12-12, refrigerated  ,Poland,3291,298,No
INV000386,2017-05-03,Proprabax,Analgesics,warsaw plant,B1705-1819,2020-04-18,room temperature,Poland,7365,102,No
INV000387,2020-12-20,Propratecan,Antimalarial,Krakow Facility,B2012-1098,2022-11-15,CONTROLLED SUBSTANCE,Poland,2646,384,No
INV000388,2019-03-06,Methiclotide,Antibiotics,Munich Plant,B1903-7505,2021-07-03,REFRIGERATED,Germany,3483,309,No
INV000389,2020-01-08, Menogine  ,Antiseptics,Frankfurt Plant,B2001-0541,2021-05-10, controlled substance  ,Germany,4249,156,FALSE
INV000390,2018-03-27,Interfedox Pilobamol,Antiseptics, Frankfurt Plant  ,B1803-5992,2020-06-30,REFRIGERATED,Germany,3901,89,FALSE
INV000391,2018-02-25, Theopril  ,Antipiretics,Krakow Facility,B1802-4686,2018-07-03,Refrigerated,Poland,1930,219,No
INV000392,2018-08-04,Dexmeprazole Transnuvia,Mood Stabilizers,FRANKFURT PLANT,B1808-0288,2020-07-13,room temperature,Germany,8586,251,No
INV000393,2018-09-01, Diazemid Felcept  ,Analgesics,warsaw plant,B1809-4857,2021-06-16,CONTROLLED SUBSTANCE,Poland,6637,241,FALSE
INV000394,2019-11-29,Lacoplex Hyaluvance,Mood Stabilizers,MUNICH PLANT,B1911-0717,2020-06-22, frozen  ,Germany,6519,53,No
INV000395,2019-07-15,Dexmeprazole Transnuvia,Mood Stabilizers,Frankfurt Plant,B1907-5090,2020-01-31, FROZEN  ,Germany,5102,309,No
INV000396,2017-07-18,Dasagestin,Analgesics,Poznan Site,B1707-2996,2018-04-08, controlled substance  ,Poland,346,262,No
INV000397,2017-02-23,Testant,Mood Stabilizers,Warsaw Plant,B1702-7102,2018-07-20, CONTROLLED SUBSTANCE  ,Poland,2618,312,FALSE
INV000398,2017-07-09,Choriotrisin,Antibiotics,warsaw plant,B1707-4290,2020-03-22,refrigerated,Poland,7058,269,FALSE
INV000399,2017-10-19, Choriotrisin  ,Antibiotics, Warsaw Plant  ,B1710-5565,2018-06-12,refrigerated,Poland,7131,250,No
INV000400,2018-01-09,Nisorase,Antibiotics,MUNICH PLANT,B1801-9686,2018-09-07,controlled substance,Germany,3524,282,No
INV000401,2017-03-13,Darlofen,Antipiretics,Poznan Site,B1703-3513,2018-01-16, controlled substance  ,Poland,4748,274,No
INV000402,2020-03-09,Claripenem,Antibiotics,WARSAW PLANT,B2003-1726,2021-04-30,room temperature,Poland,1215,337,No
INV000403,2018-02-07,Acycpex,Mood Stabilizers,Warsaw Plant,B1802-9425,2019-12-26,Refrigerated,Poland,N/A,341,No
INV000404,2017-04-03,Effigine Propraprex,Antimalarial,Frankfurt Plant,B1704-2270,2019-11-23,room temperature,Germany,5491,188,No
INV000405,2020-09-07,Hepavice,Mood Stabilizers, warsaw plant  ,B2009-9088,2021-08-16,Frozen,Poland,9144,154,No
INV000406,2018-01-02, Fentalac  ,Antipiretics,Warsaw Plant,B1801-0706,2020-10-20, frozen  ,Poland,9400,313,No
INV000407,2020-12-05,Diazemid Felcept,Analgesics, Warsaw Plant  ,B2012-2888,2021-08-19,room temperature,Poland,7524,149,No
INV000408,2017-08-10,Albuterenone,Antimalarial,KRAKOW FACILITY,B1708-0335,2017-12-15, Refrigerated  ,Poland,4801,207,FALSE
INV000409,2019-03-10, Biotasol Siloderm  ,Antiseptics,Frankfurt Plant,B1903-1596,2021-04-28,FROZEN,Germany,4584,128,FALSE
INV000410,2019-12-11,Ampinonide,Antimalarial, POZNAN SITE  ,B1912-3421,2020-03-17,Refrigerated,Poland,9922,229,No
INV000411,2019-07-05,Relenvice,Antimalarial,munich plant,B1907-4893,2021-01-03,room temperature,Germany,7324,119,No
INV000412,2020-04-01,Topitaine,Mood Stabilizers,Frankfurt Plant,B2004-4735,2021-01-28,REFRIGERATED,Germany,2133,188,0
INV000413,2018-04-20, Apromin  ,Antiseptics,Poznan Site,B1804-6275,2018-10-21,room temperature,Poland,6033,54,No
INV000414,2019-12-05, Penitrana  ,Analgesics, Frankfurt Plant  ,B1912-8442,2022-01-02,frozen,Germany,8001,141,No
INV000415,2019-06-20,Ibrulinum,Antipiretics, poznan site  ,B1906-5189,2022-03-01,controlled substance,Poland,4992,82,FALSE
INV000416,2018-12-05,Proprabax,Analgesics,WARSAW PLANT,B1812-8336,2020-01-07,CONTROLLED SUBSTANCE,Poland,N/A,354,No
INV000417,2019-04-14, Ampysin  ,Analgesics,Krakow Facility,B1904-2095,2021-02-12,frozen,Poland,1235,389,No
INV000418,2020-03-21,Ceretosine,Antiseptics,poznan site,B2003-2205,2021-09-07,Refrigerated,Poland,4511,252,No
INV000419,2018-03-01, Lacoplex Hyaluvance  ,Mood Stabilizers, Munich Plant  ,B1803-3330,2018-11-20, CONTROLLED SUBSTANCE  ,Germany,2021,258,No
INV000420,2020-03-27,Trazozaprine,Mood Stabilizers,Frankfurt Plant,B2003-0942,2022-10-02, refrigerated  ,Germany,525,165,No
INV000421,2017-05-30,Pentastrin,Antibiotics,frankfurt plant,B1705-2595,2018-01-07, Refrigerated  ,Germany,2874,248,No
INV000422,2020-07-09,Decidenu Galantrigine,Antipiretics,MUNICH PLANT,B2007-3239,2022-07-04,Frozen,Germany,3272,249,No
INV000423,2018-10-05,Asparathasone Unipan,Antibiotics,Poznan Site,B1810-8598,2020-02-19,Refrigerated,Poland,2235,109,No
INV000424,2017-05-22,Victomax,Analgesics,Frankfurt Plant,B1705-3874,2018-09-15,frozen,Germany,9595,134,FALSE
INV000425,2019-01-01, Victomine  ,Antimalarial,Krakow Facility,B1901-2157,2019-12-15,controlled substance,Poland,5958,63,FALSE
INV000426,2020-03-26,Argalazine Abostryl,Antipiretics,POZNAN SITE,B2003-0401,2022-10-12,Refrigerated,Poland,2634,339,No
INV000427,2019-11-23,Symbiroban,Antibiotics,Poznan Site,B1911-4950,2021-05-16,Frozen,Poland,4579,328,No
INV000428,2018-02-08,Travoloride,Antiseptics, MUNICH PLANT  ,B1802-8913,2019-08-17,Refrigerated,Germany,2718,169,No
INV000429,2018-08-15,Magneprex,Antimalarial,Krakow Facility,B1808-7369,2019-08-03, Refrigerated  ,Poland,7285,71,No
INV000430,2017-03-08,Zyvance,Analgesics, FRANKFURT PLANT  ,B1703-7798,2018-04-05,refrigerated,Germany,9205,284,No
INV000431,2018-08-23,Effigine Propraprex,Antimalarial,Frankfurt Plant,B1808-9650,2019-12-25,refrigerated,Germany,8182,165,No
INV000432,2017-03-10,Pentastrin,Antibiotics,Frankfurt Plant,B1703-0821,2018-06-07,controlled substance,Germany,5471,74,Yes
INV000433,2020-12-25,Primapion,Antibiotics,poznan site,B2012-7306,2022-04-02,controlled substance,Poland,8664,112,FALSE
INV000434,2018-05-28,Ganineva Agenium,Antiseptics,Frankfurt Plant,B1805-5792,2020-03-24,frozen,Germany,9132,311,0
INV000435,2019-02-18,Pitodomide,Antimalarial, Munich Plant  ,B1902-9681,2021-10-31,room temperature,Germany,3020,334,FALSE
INV000436,2017-12-17, Benzoprox  ,Antiseptics,KRAKOW FACILITY,B1712-8053,2020-05-24,frozen,Poland,6942,111,0
INV000437,2017-05-08,Testant,Mood Stabilizers,WARSAW PLANT,B1705-8730,2017-10-29, REFRIGERATED  ,Poland,8108,302,FALSE
INV000438,2017-07-16,Interfestar,Antibiotics,munich plant,B1707-0929,2020-05-29,room temperature,Germany,1754,66,No
INV000439,2017-03-28,Primapion,Antibiotics,POZNAN SITE,B1703-1049,2020-02-29, controlled substance  ,Poland,2421,192,0
INV000440,2019-09-02,Trazobalamin,Mood Stabilizers,poznan site,B1909-1933,2020-03-03,room temperature,Poland,7771,179,FALSE
INV000441,2019-09-28,Abatatriptan,Antibiotics,Munich Plant,B1909-9915,2020-07-12,frozen,Germany,8977,121,No
INV000442,2018-02-28, Adriafinil Ehtymara  ,Antiseptics,FRANKFURT PLANT,B1802-2546,2019-01-21, controlled substance  ,Germany,6288,122,No
INV000443,2019-09-09,Propralamide Dexlanzolam,Mood Stabilizers,KRAKOW FACILITY,B1909-9460,2020-05-06, room temperature  ,Poland,5190,59,0
INV000444,2018-05-08,Asparathasone Unipan,Antibiotics, POZNAN SITE  ,B1805-5579,2019-04-01, Frozen  ,Poland,7026,353,No
INV000445,2019-02-08,Apronazol,Antibiotics, KRAKOW FACILITY  ,B1902-7772,2021-09-21,ROOM TEMPERATURE,Poland,5553,365,No
INV000446,2018-11-15, Ciclonazol  ,Antiseptics, Krakow Facility  ,B1811-6711,2019-09-06, Frozen  ,Poland,6503,372,No
INV000447,2019-12-06,Halciramine,Antimalarial,Frankfurt Plant,B1912-4682,2020-02-29,controlled substance,Germany,5869,200,No
INV000448,2019-09-03,Zynosine,Antimalarial,Warsaw Plant,B1909-7771,2021-01-21,Refrigerated,Poland,1511,86,No
INV000449,2018-09-11, Ganineva Agenium  ,Antiseptics,Frankfurt Plant,B1809-0449,2019-04-12,Frozen,Germany,8032,102,FALSE
INV000450,2017-01-18,Abilovir Aprotasol,Antipiretics,Poznan Site,B1701-0581,2018-04-08, room temperature  ,Poland,7636,63,No
INV000451,2018-07-22, Malavirine Alimdine  ,Mood Stabilizers,Munich Plant,B1807-7923,2019-08-26,ROOM TEMPERATURE,Germany,1258,86,No
INV000452,2019-01-10,Adalatamine,Antiseptics,Poznan Site,B1901-1007,2020-02-18,room temperature,Poland,3420,74,No
INV000453,2019-04-12,Sucprine Specbalamin,Antiseptics, Munich Plant  ,B1904-9588,2020-12-13,controlled substance,Germany,6641,222,FALSE
INV000454,2019-03-25,Interfedox Pilobamol,Antiseptics,Frankfurt Plant,B1903-3336,2020-02-14,frozen,Germany,6303,188,FALSE
INV000455,2018-02-23,Sanctumine,Antimalarial,Warsaw Plant,B1802-3231,2019-01-31, room temperature  ,Poland,4718,167,No
INV000456,2020-06-07, Cephozumab Synmethate  ,Antibiotics,Poznan Site,B2006-9184,2022-03-23,Refrigerated,Poland,9543,289,No
INV000457,2019-04-06,Malavirine Alimdine,Mood Stabilizers,munich plant,B1904-6111,2021-01-20,room temperature,Germany,2509,267,0
INV000458,2020-05-16, Betanem  ,Analgesics,poznan site,B2005-5311,2023-03-09, Frozen  ,Poland,7764,313,No
INV000459,2020-11-06,Primatate Univatol,Mood Stabilizers,Frankfurt Plant,B2011-8815,2021-01-30, frozen  ,Germany,1971,359,FALSE
INV000460,2019-08-17,Trazozaprine,Mood Stabilizers,FRANKFURT PLANT,B1908-3048,2021-02-13,room temperature,Germany,7380,186,No
INV000461,2020-04-01, Ultrimax Ultriset  ,Antiseptics, krakow facility  ,B2004-5863,2021-07-02,ROOM TEMPERATURE,Poland,3799,204,FALSE
INV000462,2017-09-17,Zonixamine Immulinum,Analgesics, MUNICH PLANT  ,B1709-4519,2019-03-12, controlled substance  ,Germany,4630,268,No
INV000463,2018-02-27, Albudazole Erobloc  ,Antiseptics,Frankfurt Plant,B1802-5777,2019-02-07,Refrigerated,Germany,1037,105,No
INV000464,2018-02-10,Paronium Atracustone,Analgesics,munich plant,B1802-3055,2020-04-19,controlled substance,Germany,1116,397,No
INV000465,2020-12-22,Afinitasol,Antipiretics, Munich Plant  ,B2012-6249,2021-09-22,room temperature,Germany,1068,195,No
INV000466,2020-03-20, Kinerinex  ,Antiseptics, Poznan Site  ,B2003-1503,2022-10-18,ROOM TEMPERATURE,Poland,4694,166,No
INV000467,2018-03-06,Palodizem,Mood Stabilizers, Krakow Facility  ,B1803-3799,2020-05-05,room temperature,Poland,5188,280,No
INV000468,2020-08-24, Algluconium Dorzofoxin  ,Antibiotics, Munich Plant  ,B2008-4439,2021-07-01,Frozen,Germany,5714,305,No
INV000469,2020-11-18,Zynosine,Antimalarial,warsaw plant,B2011-3312,2022-11-08, controlled substance  ,Poland,4531,354,No
INV000470,2018-05-23,Adriafinil Ehtymara,Antiseptics, Frankfurt Plant  ,B1805-4222,2021-03-30,Refrigerated,Germany,550,303,No
INV000471,2019-12-08, Travoloride  ,Antiseptics,Munich Plant,B1912-0200,2021-05-19,REFRIGERATED,Germany,3341,397,No
INV000472,2019-02-18, Antilamin Clinbital  ,Antibiotics,FRANKFURT PLANT,B1902-9227,2021-11-24,refrigerated,Germany,9368,388,FALSE
INV000473,2017-12-08,Aprerase,Antipiretics,FRANKFURT PLANT,B1712-1679,2018-06-26,controlled substance,Germany,3132,127,FALSE
INV000474,2020-02-28,Trazozaprine,Mood Stabilizers,FRANKFURT PLANT,B2002-8040,2020-10-02,controlled substance,Germany,1556,206,No
INV000475,2018-02-14,Cricane Acamsumab,Antiseptics,Warsaw Plant,B1802-6425,2020-03-16,controlled substance,Poland,654,50,No
INV000476,2018-03-27,Diaxolol,Antiseptics,KRAKOW FACILITY,B1803-2925,2019-01-07, room temperature  ,Poland,5825,111,FALSE
INV000477,2018-09-26, Adideine  ,Mood Stabilizers,KRAKOW FACILITY,B1809-7578,2020-07-31,room temperature,Poland,992,77,FALSE
INV000478,2018-04-14,Relenvice,Antimalarial, Munich Plant  ,B1804-3441,2021-02-17,Refrigerated,Germany,1553,254,FALSE
INV000479,2018-02-13,Insozyme,Antiseptics, poznan site  ,B1802-8378,2020-07-06,controlled substance,Poland,1440,206,No
INV000480,2020-08-24,Spiroderall,Mood Stabilizers,MUNICH PLANT,B2008-9662,2022-03-08,REFRIGERATED,Germany,3503,364,No
INV000481,2019-02-20,Sevoderm,Antipiretics,Munich Plant,B1902-6789,2021-02-17,controlled substance,Germany,7205,213,Yes
INV000482,2019-05-30, Diprotaine  ,Antiseptics, FRANKFURT PLANT  ,B1905-4326,2020-02-05,ROOM TEMPERATURE,Germany,6328,94,No
INV000483,2019-01-12,Alisteride Pemidizem,Antiseptics, Poznan Site  ,B1901-1937,2019-10-23,Frozen,Poland,1428,322,No
INV000484,2019-02-21,Hydroxyprosyn,Antibiotics,poznan site,B1902-9612,2021-01-22,Refrigerated,Poland,6483,342,No
INV000485,2020-09-26, Relenstrel Exurabine  ,Antibiotics,WARSAW PLANT,B2009-9067,2021-09-04, room temperature  ,Poland,5364,59,No
INV000486,2018-03-09, Tacrodomide  ,Antipiretics, Krakow Facility  ,B1803-7962,2020-02-23, Frozen  ,Poland,4757,337,No
INV000487,2020-03-10, Sanctumine  ,Antimalarial,Warsaw Plant,B2003-1313,2020-12-21,frozen,Poland,9789,95,No
INV000488,2018-05-08, Invisteride Diclomycin  ,Mood Stabilizers,FRANKFURT PLANT,B1805-8578,2021-02-08,ROOM TEMPERATURE,Germany,5792,137,No
INV000489,2018-03-17,Acycnafine Microvate,Mood Stabilizers, Frankfurt Plant  ,B1803-7556,2020-09-15,controlled substance,Germany,6313,127,No
INV000490,2017-05-07,Abtasol,Antiseptics,Munich Plant,B1705-5634,2018-10-11,controlled substance,Germany,5453,222,FALSE
INV000491,2017-12-28,Secrelazine Insonamic,Antipiretics,Munich Plant,B1712-2276,2019-08-04,refrigerated,Germany,3401,348,FALSE
INV000492,2018-04-01,Interzide,Antimalarial,Munich Plant,B1804-7930,2019-09-03,controlled substance,Germany,209,205,No
INV000493,2020-07-27, Afretosine  ,Mood Stabilizers,Munich Plant,B2007-7338,2022-08-10,frozen,Germany,5023,204,FALSE
INV000494,2019-02-10, Primapion  ,Antibiotics,poznan site,B1902-2903,2019-06-13,room temperature,Poland,4693,237,No
INV000495,2017-01-25,Ribabyclor,Antiseptics,warsaw plant,B1701-0537,2018-09-19,controlled substance,Poland,4622,279,FALSE
INV000496,2017-09-17,Amavirase,Antipiretics,MUNICH PLANT,B1709-3136,2018-08-02,room temperature,Germany,2091,194,No
INV000497,2017-11-29,Kinovatol,Analgesics, munich plant  ,B1711-1484,2018-07-11,Frozen,Germany,9255,287,FALSE
INV000498,2020-05-30,Ergomethate,Mood Stabilizers,munich plant,B2005-9472,2023-01-06,REFRIGERATED,Germany,N/A,56,Yes
INV000499,2017-12-01,Alpradipine,Analgesics,munich plant,B1712-7310,2019-03-09,room temperature,Germany,4901,295,No
INV000500,2018-01-30,Benzoprox,Antiseptics,Krakow Facility,B1801-4952,2020-12-23,room temperature,Poland,993,53,FALSE
INV000501,2018-08-16,Tetratanyl,Antimalarial,Poznan Site,B1808-0345,2019-07-04,ROOM TEMPERATURE,Poland,7651,384,No
INV000502,2020-11-24,Metapatch,Antipiretics,krakow facility,B2011-9456,2022-11-16,REFRIGERATED,Poland,2726,276,No
INV000503,2017-01-19, Symbisine Prednimadin  ,Mood Stabilizers,FRANKFURT PLANT,B1701-1878,2017-12-30,controlled substance,Germany,7780,214,FALSE
INV000504,2019-11-02, Interzide  ,Antimalarial,Munich Plant,B1911-4483,2021-11-20, room temperature  ,Germany,5925,326,No
INV000505,2018-01-29,Doxivorin,Antimalarial,poznan site,B1801-6381,2020-08-31, REFRIGERATED  ,Poland,559,287,No
INV000506,2018-01-02,Feruprazole,Mood Stabilizers,poznan site,B1801-3837,2020-07-16,controlled substance,Poland,2343,188,No
INV000507,2017-01-19, Morphizolid Tianalin  ,Mood Stabilizers,Krakow Facility,B1701-3801,2018-10-05,Frozen,Poland,2316,362,FALSE
INV000508,2018-12-18, Alimmethate Insudase  ,Analgesics,Krakow Facility,B1812-4994,2021-07-29,Frozen,Poland,8017,347,Yes
INV000509,2018-11-01,Dexmebital Acanplan,Analgesics,Poznan Site,B1811-6343,2021-09-03,Refrigerated,Poland,8037,58,No
INV000510,2019-04-15,Brimorix Amonine,Antibiotics, MUNICH PLANT  ,B1904-3626,2019-09-11,Refrigerated,Germany,1299,301,No
INV000511,2017-03-12, Allomenda  ,Antipiretics,Poznan Site,B1703-9498,2017-08-03,controlled substance,Poland,4556,263,1
INV000512,2018-06-03,Abatatriptan,Antibiotics, munich plant  ,B1806-7051,2020-12-16,Frozen,Germany,9478,227,No
INV000513,2020-12-07,Symbitrim,Analgesics,Munich Plant,B2012-3352,2023-11-20, room temperature  ,Germany,4645,134,No
INV000514,2017-05-12,Travosoline Capolac,Antipiretics,poznan site,B1705-8193,2017-11-07,REFRIGERATED,Poland,3826,124,FALSE
INV000515,2020-08-26,Penitrana,Analgesics,Frankfurt Plant,B2008-9365,2023-07-13,ROOM TEMPERATURE,Germany,4088,,Yes
INV000516,2018-08-03,Saprodeine Zanprosyn,Antibiotics,Poznan Site,B1808-2587,2021-04-09, controlled substance  ,Poland,7299,60,No
INV000517,2020-02-05,Oxymotroban Fexoformin,Analgesics,Krakow Facility,B2002-7879,2021-06-08,CONTROLLED SUBSTANCE,Poland,5142,143,No
INV000518,2017-06-03,Metapatch,Antipiretics,KRAKOW FACILITY,B1706-4118,2017-11-10,Refrigerated,Poland,1786,386,No
INV000519,2018-09-05,Alarudin Azarolac,Mood Stabilizers, Warsaw Plant  ,B1809-7675,2020-07-15, FROZEN  ,Poland,6455,244,No
INV000520,2020-01-13,Finanel,Antimalarial,Krakow Facility,B2001-2125,2021-09-01,ROOM TEMPERATURE,Poland,5742,82,FALSE
INV000521,2017-04-16,Abranatal Lysoprosate,Antiseptics,Munich Plant,B1704-7725,2019-04-27,controlled substance,Germany,9262,301,No
INV000522,2020-07-18,Symbiroban,Antibiotics,poznan site,B2007-2030,2021-08-18,ROOM TEMPERATURE,Poland,2548,368,FALSE
INV000523,2019-05-24,Methiclotide,Antibiotics,MUNICH PLANT,B1905-3734,2021-08-10,room temperature,Germany,5875,222,No
INV000524,2018-02-19,Dantolac Pazocor,Analgesics,Warsaw Plant,B1802-3857,2019-04-26,FROZEN,Poland,2735,263,FALSE
INV000525,2020-03-05,Neuropogen Empibax,Analgesics,frankfurt plant,B2003-5898,2021-09-08, controlled substance  ,Germany,5382,344,No
INV000526,2019-11-24,Diaxolol,Antiseptics,krakow facility,B1911-4438,2020-05-24,frozen,Poland,6139,290,FALSE
INV000527,2017-08-19,Microroban Afatigomar,Antimalarial, MUNICH PLANT  ,B1708-7826,2018-11-20,controlled substance,Germany,8259,316,No
INV000528,2019-03-17,Paronium Atracustone,Analgesics,MUNICH PLANT,B1903-3458,2020-03-11, FROZEN  ,Germany,2796,82,No
INV000529,2020-01-20,Ceftatana Serolamide,Antipiretics, MUNICH PLANT  ,B2001-6622,2020-09-10, Frozen  ,Germany,9665,66,No
INV000530,2017-07-07,Kinenadryl,Antipiretics,poznan site,B1707-8902,2019-04-29,Frozen,Poland,N/A,140,No
INV000531,2017-09-06, Cortirodine Alimcline  ,Antipiretics,POZNAN SITE,B1709-6624,2019-11-20, controlled substance  ,Poland,2394,252,FALSE
INV000532,2019-01-21, Testant  ,Mood Stabilizers,warsaw plant,B1901-3147,2021-05-13,REFRIGERATED,Poland,5376,96,FALSE
INV000533,2019-01-13, Lioletine Refliruvax  ,Analgesics,Munich Plant,B1901-7177,2020-04-05,CONTROLLED SUBSTANCE,Germany,6586,75,FALSE
INV000534,2020-06-14, Magneprex  ,Antimalarial,Krakow Facility,B2006-9036,2022-09-28, Refrigerated  ,Poland,8852,258,FALSE
INV000535,2020-03-10, Symdocet  ,Antipiretics,Poznan Site,B2003-0153,2020-05-26, Frozen  ,Poland,7505,359,No
INV000536,2017-09-26,Doxivorin,Antimalarial,POZNAN SITE,B1709-6050,2018-08-25, controlled substance  ,Poland,7145,97,1
INV000537,2019-05-22,Novakyn Tracprox,Antiseptics,POZNAN SITE,B1905-9158,2022-04-05, room temperature  ,Poland,2507,117,FALSE
INV000538,2018-06-12,Ketastadil,Analgesics,FRANKFURT PLANT,B1806-8143,2019-04-29, room temperature  ,Germany,8841,94,No
INV000539,2017-12-07,Fentatrol Rapatelase,Antibiotics,Frankfurt Plant,B1712-4166,2020-05-03,Frozen,Germany,3945,182,0
INV000540,2017-09-17,Dantolac Pazocor,Analgesics,warsaw plant,B1709-4570,2019-06-15,controlled substance,Poland,1444,124,No
INV000541,2019-09-15,Quixitriptan Alanesin,Antiseptics,Poznan Site,B1909-2773,2022-05-10,Frozen,Poland,9273,137,No
INV000542,2020-12-28, Presetron  ,Mood Stabilizers,FRANKFURT PLANT,B2012-6161,2023-11-21, room temperature  ,Germany,8271,311,No
INV000543,2017-03-11, Liomulin  ,Mood Stabilizers,MUNICH PLANT,B1703-2601,2019-03-01,controlled substance,Germany,2499,304,FALSE
INV000544,2017-04-08,Hepavice,Mood Stabilizers, WARSAW PLANT  ,B1704-4730,2018-01-15, frozen  ,Poland,3273,324,No
INV000545,2020-10-21,Paronium Atracustone,Analgesics,MUNICH PLANT,B2010-6816,2022-08-27,REFRIGERATED,Germany,5244,125,No
INV000546,2018-02-02,Lovepion,Antiseptics, Krakow Facility  ,B1802-7231,2019-07-14,frozen,Poland,5116,69,FALSE
INV000547,2017-11-08,Antilamin Clinbital,Antibiotics,Frankfurt Plant,B1711-8082,2018-11-17,REFRIGERATED,Germany,4957,139,FALSE
INV000548,2018-08-19,Relenvice,Antimalarial,MUNICH PLANT,B1808-7001,2019-03-16, frozen  ,Germany,5077,379,Yes
INV000549,2019-03-14, Ciclonazol  ,Antiseptics,KRAKOW FACILITY,B1903-1490,2020-03-31,room temperature,Poland,992,205,No
INV000550,2017-03-19,Pazofenac,Mood Stabilizers,Krakow Facility,B1703-2986,2017-06-02,refrigerated,Poland,3308,340,FALSE
INV000551,2019-11-07,Thalilamide,Antibiotics,warsaw plant,B1911-2846,2021-10-24, controlled substance  ,Poland,1396,221,No
INV000552,2018-02-16, Docstryl Rivacin  ,Antiseptics,Frankfurt Plant,B1802-9459,2018-08-12,Refrigerated,Germany,1933,258,No
INV000553,2017-05-30,Pazofenac,Mood Stabilizers,Krakow Facility,B1705-2903,2018-01-30,room temperature,Poland,2819,156,FALSE
INV000554,2017-02-10,Aprerase,Antipiretics,Frankfurt Plant,B1702-9368,2019-08-10,REFRIGERATED,Germany,2231,379,FALSE
INV000555,2018-12-13, Argalazine Abostryl  ,Antipiretics,POZNAN SITE,B1812-7290,2021-02-18,Frozen,Poland,6670,183,Yes
INV000556,2019-03-30, Theopril  ,Antipiretics,Krakow Facility,B1903-0902,2020-09-10,controlled substance,Poland,3617,84,No
INV000557,2020-01-02,Victomine,Antimalarial, KRAKOW FACILITY  ,B2001-1162,2022-10-19,REFRIGERATED,Poland,1421,287,No
INV000558,2017-05-07,Alemtuvatol Megalinum,Analgesics,Krakow Facility,B1705-7835,2018-03-08,Frozen,Poland,1509,193,FALSE
INV000559,2018-01-16,Amphesirox,Antiseptics,Warsaw Plant,B1801-9378,2020-10-27,room temperature,Poland,9453,91,No
INV000560,2019-10-02,Liomulin,Mood Stabilizers, Munich Plant  ,B1910-2892,2020-08-02,refrigerated,Germany,4212,242,No
INV000561,2018-01-16,Lansopril Acribax,Antipiretics,Poznan Site,B1801-7726,2020-12-29,Frozen,Poland,3235,243,No
INV000562,2020-03-11,Magnemunex,Antiseptics,Munich Plant,B2003-9675,2022-09-23,Frozen,Germany,3587,165,FALSE
INV000563,2020-06-26,Interfeferon Aspipex,Antiseptics,Frankfurt Plant,B2006-8371,2023-02-11,REFRIGERATED,Germany,3395,385,No
INV000564,2018-07-22,Biotasol Siloderm,Antiseptics,Frankfurt Plant,B1807-2049,2018-11-17, room temperature  ,Germany,2468,319,FALSE
INV000565,2018-09-09,Sucprine Specbalamin,Antiseptics, Munich Plant  ,B1809-8444,2019-03-07,Refrigerated,Germany,7597,123,FALSE
INV000566,2019-08-21, Albuterenone  ,Antimalarial,KRAKOW FACILITY,B1908-4477,2019-11-25,controlled substance,Poland,9994,283,No
INV000567,2017-12-15,Adideine,Mood Stabilizers,Krakow Facility,B1712-3418,2020-04-15,CONTROLLED SUBSTANCE,Poland,3113,144,FALSE
INV000568,2017-06-18,Oxymotroban Fexoformin,Analgesics,Krakow Facility,B1706-6286,2018-09-29,Frozen,Poland,803,95,No
INV000569,2017-03-06, Aprerase  ,Antipiretics, Frankfurt Plant  ,B1703-6513,2018-07-31,Frozen,Germany,6226,,No
INV000570,2017-05-16,Claricriptine Adaferol,Antibiotics,Frankfurt Plant,B1705-2525,2017-08-19, Refrigerated  ,Germany,6650,308,FALSE
INV000571,2017-05-16,Claripenem,Antibiotics,WARSAW PLANT,B1705-5068,2020-05-08,ROOM TEMPERATURE,Poland,6062,201,No
INV000572,2019-07-23,Afinitasol,Antipiretics,Munich Plant,B1907-6848,2021-08-06,frozen,Germany,5480,286,No
INV000573,2018-03-29, Amavirase  ,Antipiretics, Munich Plant  ,B1803-9649,2020-08-18, room temperature  ,Germany,7296,191,No
INV000574,2017-05-22, Afluferon Entrarenone  ,Antimalarial,Poznan Site,B1705-1589,2019-01-28,frozen,Poland,6036,376,No
INV000575,2017-12-19, Cordamectin Actolamin  ,Antipiretics, Warsaw Plant  ,B1712-8099,2020-04-24,REFRIGERATED,Poland,2890,92,No
INV000576,2020-08-19,Lacoplex Hyaluvance,Mood Stabilizers, Munich Plant  ,B2008-7332,2021-09-28,room temperature,Germany,4489,245,No
INV000577,2018-04-08,Symdocet,Antipiretics,poznan site,B1804-2211,2018-10-23,REFRIGERATED,Poland,769,190,No
INV000578,2020-11-12,Hydroxyprosyn,Antibiotics,Poznan Site,B2011-1532,2023-02-02,refrigerated,Poland,2548,300,Yes
INV000579,2019-01-21,Stelazolid,Antimalarial,Poznan Site,B1901-6331,2020-05-23,room temperature,Poland,N/A,163,No
INV000580,2018-04-24,Dexacilin Triline,Analgesics,munich plant,B1804-2125,2019-06-23,frozen,Germany,4795,245,No
INV000581,2017-01-15,Angioparin Brimosumab,Mood Stabilizers,munich plant,B1701-2972,2019-04-30, FROZEN  ,Germany,7433,127,FALSE
INV000582,2017-02-01,Afluferon Entrarenone,Antimalarial,Poznan Site,B1702-7609,2018-03-24,REFRIGERATED,Poland,845,365,No
INV000583,2017-06-17,Lovavatol Azelavarix,Mood Stabilizers,Frankfurt Plant,B1706-0214,2019-08-14, controlled substance  ,Germany,7895,391,No
INV000584,2019-12-25,Antilamin Clinbital,Antibiotics,Frankfurt Plant,B1912-6301,2021-08-28,room temperature,Germany,6604,307,No
INV000585,2017-12-06,Claripenem,Antibiotics,WARSAW PLANT,B1712-8612,2019-04-06, room temperature  ,Poland,1788,,No
INV000586,2017-05-23,Invisteride Diclomycin,Mood Stabilizers,Frankfurt Plant,B1705-1109,2017-12-05, room temperature  ,Germany,7636,142,FALSE
INV000587,2020-10-08,Zyvance,Analgesics,Frankfurt Plant,B2010-8774,2023-08-28, Frozen  ,Germany,2529,389,No
INV000588,2019-02-06,Aprerase,Antipiretics,Frankfurt Plant,B1902-0168,2020-03-18,FROZEN,Germany,8601,65,FALSE
INV000589,2018-02-07,Ketamara Evogel,Antipiretics, POZNAN SITE  ,B1802-0622,2018-08-02,Refrigerated,Poland,3097,286,No
INV000590,2019-08-08, Ultrimax Ultriset  ,Antiseptics,Krakow Facility,B1908-9041,2022-01-19,controlled substance,Poland,8002,183,No
INV000591,2020-06-06,Pazofenac,Mood Stabilizers,Krakow Facility,B2006-4084,2020-12-04, Refrigerated  ,Poland,5586,281,No
INV000592,2019-09-28,Relenstrel Exurabine,Antibiotics, Warsaw Plant  ,B1909-6700,2021-09-14,Frozen,Poland,8573,247,0
INV000593,2018-03-20,Propratecan,Antimalarial,Krakow Facility,B1803-9401,2019-10-07,controlled substance,Poland,912,330,No
INV000594,2020-09-25,Hemavate Spirolinum,Mood Stabilizers,WARSAW PLANT,B2009-1235,2021-01-09, Refrigerated  ,Poland,1707,151,No
INV000595,2019-06-07,Thalilamide,Antibiotics,WARSAW PLANT,B1906-2642,2021-06-03,frozen,Poland,3834,307,No
INV000596,2019-01-08,Spiroderall,Mood Stabilizers, Munich Plant  ,B1901-1510,2021-05-02, frozen  ,Germany,5310,111,No
INV000597,2020-09-06,Thionide,Analgesics, munich plant  ,B2009-3954,2022-02-13, REFRIGERATED  ,Germany,2955,127,FALSE
INV000598,2019-10-03, Symdocet  ,Antipiretics, Poznan Site  ,B1910-1936,2020-10-14, frozen  ,Poland,8640,107,FALSE
INV000599,2018-08-23,Zithrotrol,Antiseptics, KRAKOW FACILITY  ,B1808-5711,2019-01-29,room temperature,Poland,2397,141,FALSE
INV000600,2017-03-13, Quiniprosyn  ,Antiseptics, munich plant  ,B1703-1142,2019-06-08, CONTROLLED SUBSTANCE  ,Germany,9168,118,FALSE
INV000601,2020-01-31, Rositroban  ,Mood Stabilizers,KRAKOW FACILITY,B2001-3406,2021-07-21,controlled substance,Poland,2877,223,No
INV000602,2018-02-10,Ampinonide,Antimalarial,Poznan Site,B1802-1759,2019-07-18,controlled substance,Poland,5734,101,No
INV000603,2020-11-01,Imiformin Transmunex,Antibiotics,frankfurt plant,B2011-1492,2021-01-04,refrigerated,Germany,1409,290,No
INV000604,2018-06-11,Invisteride Diclomycin,Mood Stabilizers, FRANKFURT PLANT  ,B1806-4180,2019-08-04,CONTROLLED SUBSTANCE,Germany,965,127,No
INV000605,2017-09-08,Effidomide Evofribrate,Antiseptics, WARSAW PLANT  ,B1709-2352,2020-04-23, refrigerated  ,Poland,8435,343,No
INV000606,2019-10-07,Feruprazole,Mood Stabilizers, Poznan Site  ,B1910-1868,2022-08-19,Refrigerated,Poland,4368,231,FALSE
INV000607,2017-02-26, Relenvice  ,Antimalarial,munich plant,B1702-7805,2019-04-15,controlled substance,Germany,1422,338,No
INV000608,2018-05-18,Ceretosine,Antiseptics,Poznan Site,B1805-8824,2020-09-07,controlled substance,Poland,6232,161,No
INV000609,2017-05-30,Dantolac Pazocor,Analgesics,Warsaw Plant,B1705-7658,2018-09-25,ROOM TEMPERATURE,Poland,5253,331,No
INV000610,2018-08-12, Pulmodiol Adalaxime  ,Analgesics,Munich Plant,B1808-2013,2020-09-03,Frozen,Germany,4068,144,No
INV000611,2019-09-27,Lansopril Acribax,Antipiretics,Poznan Site,B1909-1066,2020-12-06, FROZEN  ,Poland,1701,262,No
INV000612,2020-07-25,Malaxolol Aeroprosyn,Antiseptics,Frankfurt Plant,B2007-4413,2020-11-19, refrigerated  ,Germany,6195,370,FALSE
INV000613,2020-06-27,Flutacerol,Analgesics,Frankfurt Plant,B2006-5484,2020-09-24, Refrigerated  ,Germany,5693,331,No
INV000614,2019-10-23,Fentatrol Rapatelase,Antibiotics,frankfurt plant,B1910-6640,2020-11-05, CONTROLLED SUBSTANCE  ,Germany,1247,329,No
INV000615,2020-02-24, Aquamycin Lacoran  ,Analgesics,WARSAW PLANT,B2002-5197,2021-01-14,room temperature,Poland,1600,398,No
INV000616,2017-01-24,Diaxolol,Antiseptics,Krakow Facility,B1701-3083,2017-08-07, Frozen  ,Poland,3690,332,No
INV000617,2018-08-05, Aggretisol  ,Antimalarial,krakow facility,B1808-6818,2021-05-30,CONTROLLED SUBSTANCE,Poland,6217,208,No
INV000618,2019-08-25,Lovapur,Mood Stabilizers,Krakow Facility,B1908-8529,2020-12-06,controlled substance,Poland,2751,312,No
INV000619,2017-02-11, Symbisine Prednimadin  ,Mood Stabilizers,Frankfurt Plant,B1702-6145,2019-10-09,refrigerated,Germany,4104,231,No
INV000620,2019-12-31,Afaxacin,Analgesics,Krakow Facility,B1912-0698,2022-08-26,controlled substance,Poland,403,275,FALSE
INV000621,2018-12-21, Adriafinil Ehtymara  ,Antiseptics,FRANKFURT PLANT,B1812-6713,2019-06-07, ROOM TEMPERATURE  ,Germany,3764,123,No
INV000622,2019-11-24,Stelazolid,Antimalarial,POZNAN SITE,B1911-3732,2020-11-21,Frozen,Poland,8943,61,FALSE
INV000623,2017-03-08,Lovavatol Azelavarix,Mood Stabilizers,Frankfurt Plant,B1703-4958,2018-05-18, Refrigerated  ,Germany,724,362,No
INV000624,2017-10-23,Abranatal Lysoprosate,Antiseptics,Munich Plant,B1710-0922,2019-06-24, controlled substance  ,Germany,7032,137,0
INV000625,2017-02-08,Pentastrin,Antibiotics,frankfurt plant,B1702-2797,2018-07-20, room temperature  ,Germany,8910,331,No
INV000626,2018-10-14,Adriafinil Ehtymara,Antiseptics,Frankfurt Plant,B1810-5590,2020-11-23, refrigerated  ,Germany,6704,288,0
INV000627,2018-02-28,Immurenol Temarate,Antipiretics,frankfurt plant,B1802-1837,2019-04-24, Frozen  ,Germany,2593,321,No
INV000628,2018-03-18,Megenorphine,Antimalarial,FRANKFURT PLANT,B1803-3011,2020-10-28,Refrigerated,Germany,6716,259,0
INV000629,2019-03-12, Tetratanyl  ,Antimalarial, poznan site  ,B1903-9582,2021-09-10,controlled substance,Poland,9415,285,No
INV000630,2018-01-14,Pitodomide,Antimalarial,MUNICH PLANT,B1801-1717,2018-10-06,refrigerated,Germany,3335,170,No
INV000631,2018-01-28,Pulmodiol Adalaxime,Analgesics,munich plant,B1801-4508,2019-07-15,Frozen,Germany,8280,65,FALSE
INV000632,2020-12-07,Afretosine,Mood Stabilizers,MUNICH PLANT,B2012-2433,2021-07-21,Refrigerated,Germany,1679,,No
INV000633,2017-04-05, Claripenem  ,Antibiotics,Warsaw Plant,B1704-5810,2018-12-08, controlled substance  ,Poland,410,359,No
INV000634,2020-01-16,Pazofenac,Mood Stabilizers,krakow facility,B2001-7430,2022-01-12,FROZEN,Poland,4442,308,No
INV000635,2018-01-26,Ceretosine,Antiseptics,POZNAN SITE,B1801-2398,2018-10-02, Refrigerated  ,Poland,4864,121,No
INV000636,2018-03-11, Zonitonin  ,Antiseptics,warsaw plant,B1803-5233,2019-10-22,Refrigerated,Poland,4752,53,0
INV000637,2020-06-26,Aggretisol,Antimalarial,Krakow Facility,B2006-9457,2020-09-22,Frozen,Poland,6195,212,0
INV000638,2017-12-16,Aclonuma,Antimalarial,Warsaw Plant,B1712-5345,2018-11-13,controlled substance,Poland,1550,101,FALSE
INV000639,2017-01-11,Eproline,Antibiotics, FRANKFURT PLANT  ,B1701-5376,2019-04-28,room temperature,Germany,5337,205,No
INV000640,2017-04-30,Ketastadil,Analgesics,Frankfurt Plant,B1704-7231,2017-12-02, Refrigerated  ,Germany,6301,359,1
INV000641,2020-08-25,Betanem,Analgesics, Poznan Site  ,B2008-7570,2023-04-21, Refrigerated  ,Poland,5247,320,No
INV000642,2020-10-04, Clindaracil  ,Analgesics, poznan site  ,B2010-8311,2022-05-02,REFRIGERATED,Poland,3537,199,No
INV000643,2020-10-03,Pentastrin,Antibiotics,Frankfurt Plant,B2010-2555,2023-06-22,ROOM TEMPERATURE,Germany,6824,212,FALSE
INV000644,2019-01-07,Liomulin,Mood Stabilizers,munich plant,B1901-6111,2020-02-20, CONTROLLED SUBSTANCE  ,Germany,6961,361,No
INV000645,2018-09-05, Topipizole  ,Mood Stabilizers,Warsaw Plant,B1809-0460,2019-01-19,Refrigerated,Poland,4613,303,No
INV000646,2019-01-22,Diaxolol,Antiseptics,Krakow Facility,B1901-6715,2019-06-06, controlled substance  ,Poland,9099,396,FALSE
INV000647,2017-12-26,Doxivorin,Antimalarial, Poznan Site  ,B1712-0480,2020-01-09,Refrigerated,Poland,9432,160,No
INV000648,2018-09-06,Thionide,Analgesics,Munich Plant,B1809-8517,2020-12-24,room temperature,Germany,5800,157,No
INV000649,2017-10-28,Cyclovital,Antimalarial,MUNICH PLANT,B1710-3689,2020-04-06,controlled substance,Germany,8352,359,No
INV000650,2019-03-02,Diprolimus,Antiseptics, Poznan Site  ,B1903-5240,2019-10-15,Refrigerated,Poland,591,62,No
INV000651,2018-02-23, Zithrotrol  ,Antiseptics,krakow facility,B1802-0017,2019-01-02,controlled substance,Poland,4870,299,No
INV000652,2019-03-14,Agalsiline,Mood Stabilizers,warsaw plant,B1903-4688,2020-09-11, room temperature  ,Poland,2397,330,FALSE
INV000653,2017-09-13,Exexone,Mood Stabilizers,MUNICH PLANT,B1709-4008,2018-04-12,controlled substance,Germany,5199,390,No
INV000654,2017-04-30,Malaxolol Aeroprosyn,Antiseptics,Frankfurt Plant,B1704-1793,2019-08-10,Refrigerated,Germany,3760,311,No
INV000655,2018-01-15,Dasagestin,Analgesics,Poznan Site,B1801-8096,2018-12-28,room temperature,Poland,2723,87,No
INV000656,2018-10-16,Lansopril Acribax,Antipiretics,Poznan Site,B1810-9588,2019-02-09, Frozen  ,Poland,9988,207,No
INV000657,2018-05-22,Acantaine,Antibiotics,FRANKFURT PLANT,B1805-7516,2019-08-20,CONTROLLED SUBSTANCE,Germany,401,230,FALSE
INV000658,2018-03-11,Morphizolid Tianalin,Mood Stabilizers,KRAKOW FACILITY,B1803-1959,2019-05-20,controlled substance,Poland,789,89,FALSE
INV000659,2019-02-09,Hepavice,Mood Stabilizers,warsaw plant,B1902-9231,2021-03-21, Frozen  ,Poland,1458,286,FALSE
INV000660,2017-10-27, Algluconium Dorzofoxin  ,Antibiotics,MUNICH PLANT,B1710-7578,2018-03-10,CONTROLLED SUBSTANCE,Germany,6660,56,FALSE
INV000661,2019-09-05,Raparidol,Mood Stabilizers, Krakow Facility  ,B1909-2846,2019-12-26,controlled substance,Poland,8031,327,No
INV000662,2019-07-31,Amcibax Amcikeran,Analgesics,FRANKFURT PLANT,B1907-5533,2021-03-14,Refrigerated,Germany,8717,326,FALSE
INV000663,2020-09-21,Victomax,Analgesics,frankfurt plant,B2009-3961,2023-06-25,room temperature,Germany,7278,189,No
INV000664,2018-10-17,Cortirodine Alimcline,Antipiretics,Poznan Site,B1810-9525,2019-04-17,Refrigerated,Poland,3407,241,No
INV000665,2017-02-17,Abranatal Lysoprosate,Antiseptics, MUNICH PLANT  ,B1702-3716,2020-01-18,Refrigerated,Germany,4072,263,No
INV000666,2018-01-22,Immurenol Temarate,Antipiretics,FRANKFURT PLANT,B1801-5477,2020-03-19,room temperature,Germany,8728,77,No
INV000667,2020-10-09,Syntheruvax Proracin,Antimalarial,Warsaw Plant,B2010-2821,2021-05-08, room temperature  ,Poland,1502,74,FALSE
INV000668,2020-09-24,Interfestar,Antibiotics, MUNICH PLANT  ,B2009-1650,2023-06-20,room temperature,Germany,6771,273,FALSE
INV000669,2019-02-20,Ultrimax Ultriset,Antiseptics,krakow facility,B1902-8568,2021-12-27,room temperature,Poland,3440,111,FALSE
INV000670,2018-08-14,Topifribrate,Analgesics,MUNICH PLANT,B1808-8603,2021-08-06,Refrigerated,Germany,8517,185,No
INV000671,2019-12-21,Lovephilus,Analgesics, Poznan Site  ,B1912-5080,2020-09-14, Frozen  ,Poland,1940,154,No
INV000672,2020-05-17,Metapatch,Antipiretics, KRAKOW FACILITY  ,B2005-6355,2020-12-16,CONTROLLED SUBSTANCE,Poland,6745,66,No
INV000673,2020-05-13,Cordamectin Actolamin,Antipiretics,Warsaw Plant,B2005-6238,2022-08-10,controlled substance,Poland,9939,305,No
INV000674,2018-02-05,Interfestar,Antibiotics,Munich Plant,B1802-9880,2018-12-04,Refrigerated,Germany,7859,326,No
INV000675,2018-06-26,Symbisine Prednimadin,Mood Stabilizers,Frankfurt Plant,B1806-0532,2020-01-01,refrigerated,Germany,5472,,No
INV000676,2020-01-28,Diprotaine,Antiseptics,FRANKFURT PLANT,B2001-4345,2022-04-06,controlled substance,Germany,8198,171,No
INV000677,2018-02-17,Aggrakine,Antiseptics,POZNAN SITE,B1802-1885,2019-09-24,room temperature,Poland,3878,352,No
INV000678,2020-10-30,Adrecetam Barazoxane,Antimalarial,POZNAN SITE,B2010-0762,2023-04-03,room temperature,Poland,9494,58,No
INV000679,2017-04-05, Fosinofen  ,Antipiretics,MUNICH PLANT,B1704-8143,2018-02-26,Frozen,Germany,6101,52,No
INV000680,2018-07-26, Alglutriptan  ,Analgesics,poznan site,B1807-4380,2020-10-17,room temperature,Poland,8875,106,No
INV000681,2020-08-25,Ergomethate,Mood Stabilizers,Munich Plant,B2008-8127,2022-02-17,controlled substance,Germany,2768,70,No
INV000682,2020-01-02,Rebedase Aplencor,Mood Stabilizers,munich plant,B2001-4844,2022-09-03,ROOM TEMPERATURE,Germany,5505,279,No
INV000683,2017-09-19,Afluferon Entrarenone,Antimalarial,POZNAN SITE,B1709-2028,2020-02-20,FROZEN,Poland,5872,379,No
INV000684,2020-01-04, Dexmeprazole Transnuvia  ,Mood Stabilizers,Frankfurt Plant,B2001-3874,2021-01-08,controlled substance,Germany,6097,200,FALSE
INV000685,2019-03-04, Propralamide Dexlanzolam  ,Mood Stabilizers,Krakow Facility,B1903-9497,2020-12-04, refrigerated  ,Poland,776,158,FALSE
INV000686,2017-04-30,Fosinofen,Antipiretics, Munich Plant  ,B1704-3013,2018-01-18,FROZEN,Germany,N/A,112,FALSE
INV000687,2019-04-30,Sucprine Specbalamin,Antiseptics,MUNICH PLANT,B1904-6928,2022-04-07,ROOM TEMPERATURE,Germany,8783,389,FALSE
INV000688,2020-07-11,Immurenol Temarate,Antipiretics,Frankfurt Plant,B2007-8165,2022-04-10,room temperature,Germany,9851,282,No
INV000689,2020-12-19, Benzoprox  ,Antiseptics,KRAKOW FACILITY,B2012-2008,2022-07-29, controlled substance  ,Poland,5133,162,No
INV000690,2018-03-16,Ibruferon,Antiseptics,frankfurt plant,B1803-6406,2020-10-31, controlled substance  ,Germany,750,280,No
INV000691,2019-05-25, Methiclotide  ,Antibiotics,Munich Plant,B1905-0765,2022-03-04, controlled substance  ,Germany,6580,359,FALSE
INV000692,2018-12-14,Neuropogen Empibax,Analgesics, Frankfurt Plant  ,B1812-3991,2021-10-22, ROOM TEMPERATURE  ,Germany,N/A,280,No
INV000693,2020-04-18,Stelazolid,Antimalarial,Poznan Site,B2004-1257,2020-11-22, controlled substance  ,Poland,4967,316,No
INV000694,2018-12-04,Acelimus,Analgesics,WARSAW PLANT,B1812-3316,2019-05-29,CONTROLLED SUBSTANCE,Poland,8282,359,No
INV000695,2019-11-01,Doxivorin,Antimalarial,POZNAN SITE,B1911-1745,2022-04-30,controlled substance,Poland,801,181,No
INV000696,2019-12-03,Lovapur,Mood Stabilizers, Krakow Facility  ,B1912-9087,2021-08-25,REFRIGERATED,Poland,9892,273,TRUE
INV000697,2019-12-19, Docstryl Rivacin  ,Antiseptics,Frankfurt Plant,B1912-5904,2020-02-29, room temperature  ,Germany,7879,144,No
INV000698,2018-05-01,Malaxolol Aeroprosyn,Antiseptics, FRANKFURT PLANT  ,B1805-2338,2020-11-16,controlled substance,Germany,7142,329,FALSE
INV000699,2019-08-31, Zonitonin  ,Antiseptics,warsaw plant,B1908-9607,2019-12-16,room temperature,Poland,3563,228,FALSE
INV000700,2018-11-30, Cephozumab Synmethate  ,Antibiotics,POZNAN SITE,B1811-0407,2020-12-14, REFRIGERATED  ,Poland,6151,,FALSE
INV000701,2018-03-29, Proderal  ,Antiseptics, Munich Plant  ,B1803-9945,2020-10-29,FROZEN,Germany,4212,307,No
INV000702,2018-03-19,Kinovatol,Analgesics, Munich Plant  ,B1803-1737,2018-11-12,FROZEN,Germany,7174,127,No
INV000703,2017-02-17,Lovapur,Mood Stabilizers,KRAKOW FACILITY,B1702-0872,2017-05-18, controlled substance  ,Poland,7576,304,No
INV000704,2018-03-06,Afretosine,Mood Stabilizers,munich plant,B1803-8458,2020-02-16, controlled substance  ,Germany,9104,352,No
INV000705,2019-10-01,Acantaine,Antibiotics,Frankfurt Plant,B1910-1253,2020-11-22, controlled substance  ,Germany,7719,89,FALSE
INV000706,2017-10-13,Quixitriptan Alanesin,Antiseptics, POZNAN SITE  ,B1710-5634,2018-02-15, refrigerated  ,Poland,8224,319,No
INV000707,2020-02-11,Clinolan Pitoletra,Mood Stabilizers,munich plant,B2002-6337,2022-07-20, frozen  ,Germany,6742,50,FALSE
INV000708,2018-02-18,Travoloride,Antiseptics,munich plant,B1802-5641,2019-03-31,Frozen,Germany,8657,284,No
INV000709,2020-03-03,Testant,Mood Stabilizers, Warsaw Plant  ,B2003-2193,2021-10-16,FROZEN,Poland,4086,138,FALSE
INV000710,2019-09-13,Tacrodomide,Antipiretics,Krakow Facility,B1909-7455,2022-02-25,Frozen,Poland,1002,264,FALSE
INV000711,2018-12-29,Eproline,Antibiotics, Frankfurt Plant  ,B1812-6987,2020-12-19, Frozen  ,Germany,3653,68,FALSE
INV000712,2018-10-17,Zithrotrol,Antiseptics,krakow facility,B1810-0719,2019-07-09,refrigerated,Poland,1890,190,FALSE
INV000713,2018-07-26,Topitaine,Mood Stabilizers,FRANKFURT PLANT,B1807-7503,2019-05-01,controlled substance,Germany,2889,115,No
INV000714,2018-03-08,Allomenda,Antipiretics,poznan site,B1803-0882,2020-05-08,Refrigerated,Poland,2926,171,No
INV000715,2019-12-10,Antaparin Varizyme,Mood Stabilizers,Munich Plant,B1912-3505,2020-06-03,Frozen,Germany,7402,227,No
INV000716,2020-11-02,Zynosine,Antimalarial,Warsaw Plant,B2011-4257,2023-05-12, room temperature  ,Poland,6876,177,FALSE
INV000717,2017-03-06,Insozyme,Antiseptics,poznan site,B1703-6505,2019-03-06, room temperature  ,Poland,4740,231,FALSE
INV000718,2019-04-30,Acycnafine Microvate,Mood Stabilizers,frankfurt plant,B1904-1779,2019-07-24,ROOM TEMPERATURE,Germany,8865,156,No
INV000719,2017-07-08, Cephozumab Synmethate  ,Antibiotics, POZNAN SITE  ,B1707-6065,2020-02-24,Refrigerated,Poland,7622,,No
INV000720,2020-11-22, Lactubucil  ,Antipiretics,Poznan Site,B2011-9880,2021-07-13,controlled substance,Poland,5627,346,FALSE
INV000721,2017-11-13,Atomorelin,Analgesics,WARSAW PLANT,B1711-0092,2018-04-22,room temperature,Poland,726,199,No
INV000722,2020-12-17,Kinenadryl,Antipiretics,poznan site,B2012-1261,2022-01-17,controlled substance,Poland,1082,255,FALSE
INV000723,2017-03-18,Raparidol,Mood Stabilizers,Krakow Facility,B1703-7097,2019-03-29,FROZEN,Poland,4996,93,No
INV000724,2020-09-15,Dantolac Pazocor,Analgesics,warsaw plant,B2009-3159,2020-12-07,FROZEN,Poland,N/A,310,0
INV000725,2018-07-08,Aggretisol,Antimalarial,Krakow Facility,B1807-3916,2020-04-09,controlled substance,Poland,6729,106,No
INV000726,2019-12-10,Feruprazole,Mood Stabilizers,poznan site,B1912-3532,2022-09-09, controlled substance  ,Poland,5894,68,0
INV000727,2020-11-21,Biotasol Siloderm,Antiseptics, frankfurt plant  ,B2011-2265,2023-04-19,Refrigerated,Germany,8386,234,No
INV000728,2017-03-29,Proprabax,Analgesics, Warsaw Plant  ,B1703-7590,2018-05-03,controlled substance,Poland,8906,293,FALSE
INV000729,2017-08-18,Invisteride Diclomycin,Mood Stabilizers,Frankfurt Plant,B1708-5669,2020-02-11,controlled substance,Germany,8325,190,0
INV000730,2020-12-19, Halciramine  ,Antimalarial,Frankfurt Plant,B2012-7135,2023-08-22,Refrigerated,Germany,7478,320,Yes
INV000731,2018-03-23,Adalatamine,Antiseptics,Poznan Site,B1803-5145,2020-05-21,controlled substance,Poland,6474,121,No
INV000732,2019-05-11, Victomax  ,Analgesics,Frankfurt Plant,B1905-4269,2020-10-02, controlled substance  ,Germany,1334,209,No
INV000733,2017-04-09,Symbisine Prednimadin,Mood Stabilizers,Frankfurt Plant,B1704-1328,2019-03-20,controlled substance,Germany,5344,362,0
INV000734,2020-06-25,Argalazine Abostryl,Antipiretics,Poznan Site,B2006-5356,2022-03-28,controlled substance,Poland,9421,60,No
INV000735,2019-12-16, Alpharolac  ,Antipiretics,FRANKFURT PLANT,B1912-7564,2020-10-28,Refrigerated,Germany,9435,300,FALSE
INV000736,2018-11-05,Clindaracil,Analgesics,Poznan Site,B1811-6721,2020-10-25,controlled substance,Poland,824,,FALSE
INV000737,2019-03-28,Kinerinex,Antiseptics, Poznan Site  ,B1903-0544,2021-10-08,REFRIGERATED,Poland,1868,145,No
INV000738,2020-02-24, Ceftatana Serolamide  ,Antipiretics,Munich Plant,B2002-5987,2023-01-17, room temperature  ,Germany,9769,339,No
INV000739,2018-10-23, Biotasol Siloderm  ,Antiseptics,frankfurt plant,B1810-1288,2020-08-30,frozen,Germany,7133,257,0
INV000740,2017-11-30,Dantocept Ferurenone,Antiseptics,WARSAW PLANT,B1711-0135,2018-02-15,Frozen,Poland,1714,315,No
INV000741,2019-02-12, Alimmethate Insudase  ,Analgesics,krakow facility,B1902-1728,2021-08-17, CONTROLLED SUBSTANCE  ,Poland,770,171,No
INV000742,2020-04-12,Atomorelin,Analgesics,warsaw plant,B2004-0908,2020-09-21,Refrigerated,Poland,3275,135,No
INV000743,2017-02-18,Doxivorin,Antimalarial,Poznan Site,B1702-3379,2019-08-27, Frozen  ,Poland,9106,285,No
INV000744,2020-06-11,Afretosine,Mood Stabilizers,Munich Plant,B2006-7513,2021-10-02,REFRIGERATED,Germany,8801,174,0
INV000745,2020-09-12,Sucprine Specbalamin,Antiseptics,Munich Plant,B2009-1729,2023-07-18,room temperature,Germany,5349,237,No
INV000746,2017-02-02, Alpharolac  ,Antipiretics, Frankfurt Plant  ,B1702-3460,2019-09-14,room temperature,Germany,6782,95,No
INV000747,2018-11-27,Penitrana,Analgesics,frankfurt plant,B1811-3163,2020-10-15, controlled substance  ,Germany,8044,150,FALSE
INV000748,2017-08-28,Neuropogen Empibax,Analgesics,frankfurt plant,B1708-7968,2017-11-28,room temperature,Germany,5677,277,No
INV000749,2018-01-19,Abobozolid,Antimalarial,Poznan Site,B1801-8708,2019-05-01, controlled substance  ,Poland,1138,182,No
INV000750,2019-12-17,Antilamin Clinbital,Antibiotics,FRANKFURT PLANT,B1912-5805,2022-03-18,controlled substance,Germany,4206,118,No
INV000751,2018-12-15,Adideine,Mood Stabilizers,KRAKOW FACILITY,B1812-1259,2019-04-15, Refrigerated  ,Poland,9820,281,No
INV000752,2017-12-09, Adrecetam Barazoxane  ,Antimalarial,POZNAN SITE,B1712-6941,2019-01-14,room temperature,Poland,9499,259,No
INV000753,2019-05-20, Propratecan  ,Antimalarial,KRAKOW FACILITY,B1905-6081,2022-01-08,ROOM TEMPERATURE,Poland,1077,251,FALSE
INV000754,2018-03-15,Clinicilin Pentozone,Antimalarial,munich plant,B1803-9826,2018-11-27, refrigerated  ,Germany,1741,257,No
INV000755,2019-03-23, Zonixamine Immulinum  ,Analgesics, MUNICH PLANT  ,B1903-7360,2019-12-24,frozen,Germany,5840,211,No
INV000756,2018-02-16,Palodizem,Mood Stabilizers,Krakow Facility,B1802-3679,2018-10-08,REFRIGERATED,Poland,7446,128,No
INV000757,2017-12-30,Feruprazole,Mood Stabilizers,Poznan Site,B1712-6620,2020-06-16, Refrigerated  ,Poland,5036,83,FALSE
INV000758,2017-01-30,Ergomethate,Mood Stabilizers,Munich Plant,B1701-0236,2017-06-21,Frozen,Germany,1500,121,FALSE
INV000759,2019-02-12,Halcifergen Nevazone,Antimalarial, WARSAW PLANT  ,B1902-1888,2020-12-16,room temperature,Poland,9037,108,No
INV000760,2019-02-17,Microroban Afatigomar,Antimalarial,MUNICH PLANT,B1902-4755,2019-11-29,room temperature,Germany,1015,86,No
INV000761,2018-05-04, Cortirodine Alimcline  ,Antipiretics,Poznan Site,B1805-6989,2019-06-13,CONTROLLED SUBSTANCE,Poland,5431,138,0
INV000762,2019-02-03,Travosoline Capolac,Antipiretics,poznan site,B1902-3125,2020-02-20,frozen,Poland,587,303,FALSE
INV000763,2018-09-11,Nisorase,Antibiotics,Munich Plant,B1809-0781,2020-04-18, controlled substance  ,Germany,7383,381,No
INV000764,2017-04-11,Thionide,Analgesics,munich plant,B1704-5242,2017-12-20,room temperature,Germany,4226,171,No
INV000765,2020-10-02,Adriacaine,Mood Stabilizers,Munich Plant,B2010-4410,2022-05-18,refrigerated,Germany,3460,173,No
INV000766,2018-04-01,Relenstrel Exurabine,Antibiotics,warsaw plant,B1804-2309,2020-09-08,controlled substance,Poland,3197,285,No
INV000767,2020-11-23,Adideine,Mood Stabilizers,KRAKOW FACILITY,B2011-8408,2021-11-17,controlled substance,Poland,1860,331,No
INV000768,2018-11-23, Ergomethate  ,Mood Stabilizers, Munich Plant  ,B1811-3544,2019-05-24,frozen,Germany,797,100,FALSE
INV000769,2020-07-13,Zithrotrol,Antiseptics,krakow facility,B2007-8745,2022-12-15,room temperature,Poland,6056,264,No
INV000770,2018-01-28,Veratorol Ciclovatol,Mood Stabilizers, Poznan Site  ,B1801-8711,2020-08-29,Refrigerated,Poland,7139,333,No
INV000771,2018-07-27,Dantocept Ferurenone,Antiseptics,Warsaw Plant,B1807-6008,2018-11-29,ROOM TEMPERATURE,Poland,9856,334,No
INV000772,2018-07-26,Trazozaprine,Mood Stabilizers,FRANKFURT PLANT,B1807-9315,2021-01-24,Frozen,Germany,9412,271,FALSE
INV000773,2020-08-30,Halciramine,Antimalarial,Frankfurt Plant,B2008-3584,2021-02-26,room temperature,Germany,3084,154,No
INV000774,2018-01-02,Insozyme,Antiseptics,POZNAN SITE,B1801-1049,2019-09-18,Refrigerated,Poland,781,255,No
INV000775,2020-01-16, Arivac  ,Antimalarial, Frankfurt Plant  ,B2001-8926,2020-09-05,Refrigerated,Germany,7375,304,No
INV000776,2018-11-29,Effidomide Evofribrate,Antiseptics,Warsaw Plant,B1811-1523,2019-08-31, FROZEN  ,Poland,1528,283,No
INV000777,2018-11-10, Eproline  ,Antibiotics,FRANKFURT PLANT,B1811-1758,2019-05-13,room temperature,Germany,9198,275,No
INV000778,2017-07-30,Megenorphine,Antimalarial,FRANKFURT PLANT,B1707-8840,2019-06-24,room temperature,Germany,4394,364,No
INV000779,2020-12-25, Rebedase Aplencor  ,Mood Stabilizers,MUNICH PLANT,B2012-8242,2022-12-22,frozen,Germany,1937,108,No
INV000780,2019-07-23,Alglutriptan,Analgesics,Poznan Site,B1907-8427,2021-12-15,Refrigerated,Poland,3040,125,FALSE
INV000781,2017-05-01,Exexone,Mood Stabilizers,MUNICH PLANT,B1705-7454,2019-06-08,room temperature,Germany,1757,133,0
INV000782,2019-12-18,Antilamin Clinbital,Antibiotics,Frankfurt Plant,B1912-6249,2021-03-18,CONTROLLED SUBSTANCE,Germany,2537,295,No
INV000783,2020-02-03,Afluferon Entrarenone,Antimalarial, poznan site  ,B2002-5672,2021-11-07,controlled substance,Poland,8837,210,No
INV000784,2019-03-10,Formolovir Amanferon,Analgesics,Munich Plant,B1903-6327,2020-04-24,CONTROLLED SUBSTANCE,Germany,2360,76,No
INV000785,2019-12-20,Apromin,Antiseptics,poznan site,B1912-6009,2020-07-13, Frozen  ,Poland,2072,265,No
INV000786,2017-01-27,Asparathasone Unipan,Antibiotics,Poznan Site,B1701-9213,2017-04-11, ROOM TEMPERATURE  ,Poland,481,144,Yes
INV000787,2018-06-14, Ibrulinum  ,Antipiretics, poznan site  ,B1806-1765,2020-10-02,room temperature,Poland,7071,128,FALSE
INV000788,2018-02-13,Androporin,Antiseptics,Munich Plant,B1802-1606,2019-03-22,controlled substance,Germany,9031,208,1
INV000789,2017-10-24,Kinerinex,Antiseptics,Poznan Site,B1710-5301,2019-03-27,controlled substance,Poland,7389,228,FALSE
INV000790,2017-06-26,Ketastadil,Analgesics,frankfurt plant,B1706-0548,2018-02-18, controlled substance  ,Germany,7777,149,No
INV000791,2017-07-30,Alisteride Pemidizem,Antiseptics,Poznan Site,B1707-7877,2019-05-05,CONTROLLED SUBSTANCE,Poland,9895,105,No
INV000792,2018-04-02,Brimorix Amonine,Antibiotics,MUNICH PLANT,B1804-0045,2019-08-15, Frozen  ,Germany,5513,330,No
INV000793,2018-07-22,Tracdomide,Antipiretics,Krakow Facility,B1807-1257,2020-03-28,controlled substance,Poland,N/A,309,FALSE
INV000794,2017-03-02,Aprerase,Antipiretics,Frankfurt Plant,B1703-3685,2020-01-24,Frozen,Germany,4717,130,No
INV000795,2018-11-14,Diprolimus,Antiseptics, Poznan Site  ,B1811-0659,2021-10-05,REFRIGERATED,Poland,7094,157,FALSE
INV000796,2019-01-14, Diaxolol  ,Antiseptics,Krakow Facility,B1901-3078,2019-10-16,REFRIGERATED,Poland,911,239,No
INV000797,2018-12-10,Cyclovital,Antimalarial,Munich Plant,B1812-3581,2019-10-29, Refrigerated  ,Germany,3150,274,No
INV000798,2017-03-03,Tetalamide,Antibiotics,FRANKFURT PLANT,B1703-0871,2019-04-28, CONTROLLED SUBSTANCE  ,Germany,2997,181,No
INV000799,2019-10-30, Apromin  ,Antiseptics,poznan site,B1910-5930,2022-10-05,refrigerated,Poland,2009,323,FALSE
INV000800,2017-08-22,Theopril,Antipiretics, Krakow Facility  ,B1708-2356,2019-12-02,REFRIGERATED,Poland,4561,309,FALSE
INV000801,2020-05-06, Pulmogen Alitora  ,Antiseptics,Frankfurt Plant,B2005-8860,2023-03-08,room temperature,Germany,3178,279,FALSE
INV000802,2017-09-28,Clinicilin Pentozone,Antimalarial,Munich Plant,B1709-8158,2019-01-27,FROZEN,Germany,6393,370,0
INV000803,2020-12-23,Malavirine Alimdine,Mood Stabilizers, Munich Plant  ,B2012-6413,2021-02-21, CONTROLLED SUBSTANCE  ,Germany,7096,199,FALSE
INV000804,2017-03-03,Diazemid Felcept,Analgesics,warsaw plant,B1703-0376,2019-05-15,room temperature,Poland,6977,369,FALSE
INV000805,2018-08-08,Tiaracil,Antipiretics,Warsaw Plant,B1808-9599,2019-03-30, controlled substance  ,Poland,9040,272,FALSE
INV000806,2017-11-10, Alpharolac  ,Antipiretics,Frankfurt Plant,B1711-4298,2019-01-28,room temperature,Germany,9934,223,0
INV000807,2017-02-22,Pulmofine,Antibiotics,Warsaw Plant,B1702-9484,2017-05-08, room temperature  ,Poland,8649,370,No
INV000808,2020-03-31,Imiformin Transmunex,Antibiotics, FRANKFURT PLANT  ,B2003-7601,2022-05-28, room temperature  ,Germany,4292,340,No
INV000809,2020-01-23, Interfestar  ,Antibiotics,MUNICH PLANT,B2001-7332,2021-04-12,frozen,Germany,229,333,No
INV000810,2019-08-21,Rositroban,Mood Stabilizers, krakow facility  ,B1908-4612,2021-10-07,Refrigerated,Poland,8892,115,No
INV000811,2018-10-19, Belavarix Benzabicin  ,Antibiotics,Frankfurt Plant,B1810-7999,2020-07-04,Frozen,Germany,926,258,No
INV000812,2019-02-15,Zithrotrol,Antiseptics, Krakow Facility  ,B1902-7658,2019-12-11,room temperature,Poland,8190,235,FALSE
INV000813,2020-03-25, Aciprex  ,Antipiretics, POZNAN SITE  ,B2003-4389,2021-10-25, refrigerated  ,Poland,6672,376,No
INV000814,2017-08-27, Adriafinil Ehtymara  ,Antiseptics,frankfurt plant,B1708-8456,2017-12-27,room temperature,Germany,5886,222,No
INV000815,2020-01-28,Alarudin Azarolac,Mood Stabilizers,warsaw plant,B2001-1159,2021-02-16,room temperature,Poland,8717,383,No
INV000816,2018-09-22, Lansopril Acribax  ,Antipiretics, Poznan Site  ,B1809-0607,2019-01-30,CONTROLLED SUBSTANCE,Poland,4185,392,No
INV000817,2018-03-18,Sodinel Olofribrate,Antimalarial, WARSAW PLANT  ,B1803-3601,2019-03-30,room temperature,Poland,2205,128,No
INV000818,2017-02-09,Tesnorphine Silotamine,Antibiotics,Munich Plant,B1702-9997,2017-05-25,FROZEN,Germany,5239,207,No
INV000819,2018-09-18, Ampysin  ,Analgesics,krakow facility,B1809-9189,2019-12-23, room temperature  ,Poland,5584,56,No
INV000820,2017-09-04,Testant,Mood Stabilizers,Warsaw Plant,B1709-5526,2018-05-05,Frozen,Poland,8097,116,FALSE
INV000821,2018-02-19, Ketastadil  ,Analgesics,Frankfurt Plant,B1802-5938,2020-02-28, controlled substance  ,Germany,7628,359,No
INV000822,2017-01-11,Betanem,Analgesics,poznan site,B1701-8416,2019-08-18,frozen,Poland,7043,192,FALSE
INV000823,2018-11-12,Zonixamine Immulinum,Analgesics,Munich Plant,B1811-5063,2019-04-10,room temperature,Germany,809,182,No
INV000824,2018-07-22,Apromin,Antiseptics,poznan site,B1807-5656,2021-05-18,controlled substance,Poland,6335,169,No
INV000825,2017-03-16, Alarudin Azarolac  ,Mood Stabilizers, WARSAW PLANT  ,B1703-8760,2019-02-27,Refrigerated,Poland,717,321,No
INV000826,2019-08-06, Victomine  ,Antimalarial, Krakow Facility  ,B1908-6536,2019-12-24,controlled substance,Poland,5763,391,No
INV000827,2020-04-05, Aciprex  ,Antipiretics,POZNAN SITE,B2004-3290,2022-09-18,frozen,Poland,6176,379,Yes
INV000828,2019-03-09,Effidomide Evofribrate,Antiseptics,warsaw plant,B1903-0555,2021-10-27, FROZEN  ,Poland,2873,150,No
INV000829,2020-01-30, Alimmethate Insudase  ,Analgesics,krakow facility,B2001-0028,2022-03-14,Frozen,Poland,7644,377,FALSE
INV000830,2019-09-24, Abobozolid  ,Antimalarial,Poznan Site,B1909-4323,2022-08-01,REFRIGERATED,Poland,3537,308,Yes
INV000831,2018-02-03,Alisteride Pemidizem,Antiseptics,Poznan Site,B1802-5625,2020-12-16,CONTROLLED SUBSTANCE,Poland,212,107,No
INV000832,2020-12-16, Symbitrim  ,Analgesics,Munich Plant,B2012-4334,2021-05-18,controlled substance,Germany,9979,223,FALSE
INV000833,2020-09-19,Lansopril Acribax,Antipiretics,POZNAN SITE,B2009-0447,2021-05-09,Frozen,Poland,710,234,No
INV000834,2018-11-04, Tetalamide  ,Antibiotics,frankfurt plant,B1811-2994,2021-09-09,controlled substance,Germany,3003,211,FALSE
INV000835,2019-02-19, Primapion  ,Antibiotics,POZNAN SITE,B1902-0814,2019-07-28,refrigerated,Poland,1860,399,No
INV000836,2019-09-26,Trazozaprine,Mood Stabilizers,frankfurt plant,B1909-8938,2022-09-12,Refrigerated,Germany,6218,96,FALSE
INV000837,2020-03-27, Vibratosine Alemtrace  ,Antibiotics,Krakow Facility,B2003-6255,2020-08-12, controlled substance  ,Poland,596,250,No
INV000838,2017-04-14,Cephozumab Synmethate,Antibiotics,Poznan Site,B1704-7231,2019-04-07,Refrigerated,Poland,6445,148,FALSE
INV000839,2018-10-19,Symbisine Prednimadin,Mood Stabilizers,frankfurt plant,B1810-3751,2020-06-19,Refrigerated,Germany,9110,387,0
INV000840,2017-12-01,Antaparin Varizyme,Mood Stabilizers, Munich Plant  ,B1712-1552,2019-06-01, FROZEN  ,Germany,4405,149,No
INV000841,2019-02-17, Afaxacin  ,Analgesics, krakow facility  ,B1902-9035,2021-02-08,REFRIGERATED,Poland,730,85,No
INV000842,2018-09-30, Secrelazine Insonamic  ,Antipiretics,Munich Plant,B1809-8641,2021-05-24,refrigerated,Germany,8052,398,No
INV000843,2020-08-05,Morphizolid Tianalin,Mood Stabilizers,Krakow Facility,B2008-1981,2022-12-07,room temperature,Poland,8938,347,FALSE
INV000844,2020-05-04,Ganineva Agenium,Antiseptics,Frankfurt Plant,B2005-8998,2021-03-05, controlled substance  ,Germany,9881,393,No
INV000845,2020-05-23, Magnemunex  ,Antiseptics,munich plant,B2005-2271,2023-03-26,frozen,Germany,7905,207,No
INV000846,2019-08-09,Formolovir Amanferon,Analgesics,munich plant,B1908-6012,2021-10-15,refrigerated,Germany,2299,228,No
INV000847,2020-02-07,Liomulin,Mood Stabilizers, Munich Plant  ,B2002-9784,2022-07-04,room temperature,Germany,204,286,No
INV000848,2019-10-25,Zarostral,Antipiretics,Warsaw Plant,B1910-1312,2021-01-10, room temperature  ,Poland,1749,291,No
INV000849,2020-07-29,Kinenadryl,Antipiretics,POZNAN SITE,B2007-1760,2022-10-18,controlled substance,Poland,2690,51,No
INV000850,2018-02-16,Raparidol,Mood Stabilizers,Krakow Facility,B1802-3361,2020-05-14,FROZEN,Poland,3641,154,FALSE
INV000851,2020-02-08, Zynosine  ,Antimalarial,Warsaw Plant,B2002-8844,2021-11-18,controlled substance,Poland,445,216,No
INV000852,2019-07-28,Dorzovorin Pentadarone,Antimalarial,Poznan Site,B1907-8480,2020-08-04,REFRIGERATED,Poland,1268,166,No
INV000853,2018-05-30,Magnemunex,Antiseptics, munich plant  ,B1805-1341,2020-12-28,refrigerated,Germany,3715,,No
INV000854,2018-10-09,Choriogestrel,Antiseptics,Frankfurt Plant,B1810-3319,2019-02-19, Refrigerated  ,Germany,3102,396,FALSE
INV000855,2020-06-24,Thionide,Analgesics,MUNICH PLANT,B2006-0338,2021-03-30,Frozen,Germany,3004,305,No
INV000856,2019-09-21,Epzipitant,Analgesics,POZNAN SITE,B1909-4316,2022-09-09, refrigerated  ,Poland,6861,198,FALSE
INV000857,2018-04-13,Victomine,Antimalarial, Krakow Facility  ,B1804-2359,2020-05-30,room temperature,Poland,1497,181,No
INV000858,2017-03-11,Hemavate Spirolinum,Mood Stabilizers,warsaw plant,B1703-4611,2017-05-10, frozen  ,Poland,7292,341,No
INV000859,2017-03-03, Adriafinil Ehtymara  ,Antiseptics, Frankfurt Plant  ,B1703-6189,2020-03-02,controlled substance,Germany,4021,329,No
INV000860,2018-04-23,Albudazole Erobloc,Antiseptics, Frankfurt Plant  ,B1804-4900,2019-04-04, controlled substance  ,Germany,8656,295,FALSE
INV000861,2018-08-20,Sanctumine,Antimalarial,WARSAW PLANT,B1808-2684,2019-09-24, CONTROLLED SUBSTANCE  ,Poland,6363,286,No
INV000862,2020-10-03, Stelazolid  ,Antimalarial,Poznan Site,B2010-8265,2022-09-26, CONTROLLED SUBSTANCE  ,Poland,5604,355,FALSE
INV000863,2019-08-13,Victomax,Analgesics,frankfurt plant,B1908-3841,2019-10-14,controlled substance,Germany,3093,349,0
INV000864,2019-01-24, Aciprex  ,Antipiretics,POZNAN SITE,B1901-2851,2020-06-21,room temperature,Poland,8881,306,No
INV000865,2018-08-07,Oxymotroban Fexoformin,Analgesics,Krakow Facility,B1808-2087,2019-01-29, REFRIGERATED  ,Poland,2345,351,No
INV000866,2019-11-21,Insozyme,Antiseptics,poznan site,B1911-5911,2020-10-18, room temperature  ,Poland,1126,384,No
INV000867,2018-04-30,Acycpex,Mood Stabilizers,warsaw plant,B1804-1674,2019-02-18, frozen  ,Poland,7040,316,0
INV000868,2017-03-12,Albudazole Erobloc,Antiseptics,FRANKFURT PLANT,B1703-7710,2019-01-24,Frozen,Germany,8280,347,No
INV000869,2019-04-06,Sanctumine,Antimalarial, warsaw plant  ,B1904-9625,2022-03-04,Frozen,Poland,7545,125,No
INV000870,2020-03-21,Abobozolid,Antimalarial,POZNAN SITE,B2003-3626,2022-05-18,REFRIGERATED,Poland,1749,155,No
INV000871,2019-03-03, Biotasol Siloderm  ,Antiseptics,Frankfurt Plant,B1903-1433,2021-07-25,controlled substance,Germany,4080,367,FALSE
INV000872,2018-08-18, Tetalamide  ,Antibiotics,frankfurt plant,B1808-4406,2019-08-09,Frozen,Germany,3376,376,No
INV000873,2019-05-17,Bexridol,Antipiretics,Krakow Facility,B1905-6675,2020-04-18,Refrigerated,Poland,3490,92,FALSE
INV000874,2018-07-28,Requimadin,Antimalarial, krakow facility  ,B1807-1638,2020-01-24,Refrigerated,Poland,6451,119,No
INV000875,2018-04-25,Lovapur,Mood Stabilizers,KRAKOW FACILITY,B1804-0833,2019-04-29,FROZEN,Poland,2682,71,No
INV000876,2017-02-01,Sevoderm,Antipiretics,MUNICH PLANT,B1702-2290,2017-05-13,CONTROLLED SUBSTANCE,Germany,6557,148,No
INV000877,2017-11-22,Magnemunex,Antiseptics,munich plant,B1711-6608,2019-10-22,Refrigerated,Germany,1917,111,FALSE
INV000878,2020-07-03, Tesnorphine Silotamine  ,Antibiotics,MUNICH PLANT,B2007-6094,2020-09-03,frozen,Germany,6907,73,No
INV000879,2017-09-06,Imiderm Vibranovate,Antipiretics,FRANKFURT PLANT,B1709-1178,2019-07-11,room temperature,Germany,4051,232,No
INV000880,2020-03-09,Sucprine Specbalamin,Antiseptics,munich plant,B2003-2713,2023-01-31,room temperature,Germany,4276,82,No
INV000881,2020-08-15,Cephozumab Synmethate,Antibiotics,Poznan Site,B2008-7040,2022-12-07,controlled substance,Poland,6365,275,No
INV000882,2019-10-28, Cephozumab Synmethate  ,Antibiotics,poznan site,B1910-8185,2022-04-06,controlled substance,Poland,7766,71,FALSE
INV000883,2020-07-31,Finanel,Antimalarial, krakow facility  ,B2007-0541,2022-09-30,Refrigerated,Poland,8715,352,No
INV000884,2019-05-18,Dexmeprazole Transnuvia,Mood Stabilizers,Frankfurt Plant,B1905-5650,2020-04-03, ROOM TEMPERATURE  ,Germany,7879,,FALSE
INV000885,2018-07-07,Albudazole Erobloc,Antiseptics, Frankfurt Plant  ,B1807-0499,2020-03-20,Refrigerated,Germany,8144,397,No
INV000886,2017-12-12,Ganineva Agenium,Antiseptics,frankfurt plant,B1712-3195,2018-03-14, ROOM TEMPERATURE  ,Germany,8257,397,FALSE
INV000887,2020-01-10,Adriacaine,Mood Stabilizers,MUNICH PLANT,B2001-6125,2022-12-16,room temperature,Germany,2804,355,FALSE
INV000888,2019-11-27,Adalatamine,Antiseptics,poznan site,B1911-3513,2022-01-01, Frozen  ,Poland,5824,184,FALSE
INV000889,2019-12-02,Rositroban,Mood Stabilizers, Krakow Facility  ,B1912-6046,2021-08-22, room temperature  ,Poland,9108,361,FALSE
INV000890,2018-08-05, Paronium Atracustone  ,Analgesics,munich plant,B1808-2877,2021-03-20, REFRIGERATED  ,Germany,767,82,FALSE
INV000891,2018-07-10, Ceretosine  ,Antiseptics,POZNAN SITE,B1807-3349,2020-08-17, FROZEN  ,Poland,2192,180,No
INV000892,2017-06-30, Topifribrate  ,Analgesics, munich plant  ,B1706-7432,2019-06-11,Refrigerated,Germany,2208,,0
INV000893,2018-07-13,Adalatamine,Antiseptics,Poznan Site,B1807-7826,2020-10-04,ROOM TEMPERATURE,Poland,2892,319,No
INV000894,2020-11-25,Insozyme,Antiseptics, Poznan Site  ,B2011-9897,2022-06-23,ROOM TEMPERATURE,Poland,9813,263,No
INV000895,2019-07-28,Acubulin,Antipiretics,Poznan Site,B1907-1952,2021-08-27, Refrigerated  ,Poland,7821,113,No
INV000896,2019-07-13,Alimmethate Insudase,Analgesics,krakow facility,B1907-8134,2021-02-06, room temperature  ,Poland,1430,230,No
INV000897,2019-10-13, Neuropogen Empibax  ,Analgesics,Frankfurt Plant,B1910-2208,2021-03-13,refrigerated,Germany,6488,56,No
INV000898,2019-05-24,Dantocept Ferurenone,Antiseptics,warsaw plant,B1905-6983,2021-04-06, refrigerated  ,Poland,5215,196,Yes
INV000899,2019-07-26,Dantolac Pazocor,Analgesics,WARSAW PLANT,B1907-2002,2021-12-29,Frozen,Poland,1054,365,No
INV000900,2018-09-13, Betanem  ,Analgesics, poznan site  ,B1809-3362,2019-03-07, room temperature  ,Poland,4684,63,No
INV000901,2019-02-04,Choriogestrel,Antiseptics,Frankfurt Plant,B1902-4457,2019-04-16,CONTROLLED SUBSTANCE,Germany,6292,279,FALSE
INV000902,2017-11-12,Fentalac,Antipiretics,warsaw plant,B1711-9268,2018-03-27, controlled substance  ,Poland,1296,366,FALSE
INV000903,2020-09-28,Aclonuma,Antimalarial, Warsaw Plant  ,B2009-4499,2023-05-23,REFRIGERATED,Poland,7313,74,No
INV000904,2020-11-13,Raparidol,Mood Stabilizers,krakow facility,B2011-3345,2021-01-15,controlled substance,Poland,6818,81,FALSE
INV000905,2019-02-25,Symbiroban,Antibiotics,POZNAN SITE,B1902-3841,2021-10-30,ROOM TEMPERATURE,Poland,4467,168,FALSE
INV000906,2018-02-27, Adriacaine  ,Mood Stabilizers,munich plant,B1802-5164,2018-05-04, CONTROLLED SUBSTANCE  ,Germany,7870,133,No
INV000907,2020-02-03,Tetratanyl,Antimalarial,POZNAN SITE,B2002-1893,2022-05-11, room temperature  ,Poland,5333,261,FALSE
INV000908,2019-09-30,Asparathasone Unipan,Antibiotics,POZNAN SITE,B1909-5326,2022-07-29,ROOM TEMPERATURE,Poland,3787,118,No
INV000909,2020-08-23,Argalazine Abostryl,Antipiretics,Poznan Site,B2008-9244,2021-12-22, Frozen  ,Poland,4835,346,FALSE
INV000910,2020-10-25,Decidenu Galantrigine,Antipiretics, Munich Plant  ,B2010-7937,2022-02-03,controlled substance,Germany,4502,272,No
INV000911,2017-09-11,Aspinavir Silovance,Antibiotics,poznan site,B1709-9033,2020-01-23,frozen,Poland,3495,243,0
INV000912,2018-04-03,Lansostral Acgestin,Antiseptics,MUNICH PLANT,B1804-2958,2019-09-21, Frozen  ,Germany,6853,233,FALSE
INV000913,2018-08-04,Topipizole,Mood Stabilizers,Warsaw Plant,B1808-3455,2018-12-13,controlled substance,Poland,3317,172,0
INV000914,2017-01-15,Halcifergen Nevazone,Antimalarial,Warsaw Plant,B1701-2693,2019-10-03,frozen,Poland,1078,115,FALSE
INV000915,2020-07-29,Alpharolac,Antipiretics,Frankfurt Plant,B2007-0084,2020-10-21,controlled substance,Germany,5198,223,No
INV000916,2018-09-25,Interfeferon Aspipex,Antiseptics, Frankfurt Plant  ,B1809-3909,2019-12-05, frozen  ,Germany,8236,168,No
INV000917,2019-02-27,Aclonuma,Antimalarial,warsaw plant,B1902-8523,2020-01-09,controlled substance,Poland,1970,382,FALSE
INV000918,2019-02-26,Doxivorin,Antimalarial, Poznan Site  ,B1902-2653,2019-05-07,FROZEN,Poland,8386,310,No
INV000919,2018-12-17, Pulmogen Alitora  ,Antiseptics,Frankfurt Plant,B1812-7207,2019-07-18,CONTROLLED SUBSTANCE,Germany,9978,368,No
INV000920,2017-02-16, Adrecetam Barazoxane  ,Antimalarial, poznan site  ,B1702-4709,2017-09-28,room temperature,Poland,7612,137,No
INV000921,2020-03-20,Choriogestrel,Antiseptics,FRANKFURT PLANT,B2003-2008,2021-10-19,Refrigerated,Germany,8474,283,No
INV000922,2017-12-26, Travosoline Capolac  ,Antipiretics,poznan site,B1712-0704,2020-02-15, REFRIGERATED  ,Poland,8324,187,FALSE
INV000923,2017-01-28,Tacrodomide,Antipiretics, krakow facility  ,B1701-1729,2017-10-06, frozen  ,Poland,6380,351,0
INV000924,2017-11-06,Testant,Mood Stabilizers, WARSAW PLANT  ,B1711-9627,2019-10-21,room temperature,Poland,653,321,FALSE
INV000925,2017-02-08,Afinitasol,Antipiretics,Munich Plant,B1702-9671,2019-09-05,frozen,Germany,1822,357,FALSE
INV000926,2020-06-04,Diazemid Felcept,Analgesics,Warsaw Plant,B2006-5844,2022-07-22,Frozen,Poland,9949,79,No
INV000927,2017-02-06,Afinitasol,Antipiretics,munich plant,B1702-7407,2017-04-28,controlled substance,Germany,8614,53,No
INV000928,2017-02-14,Pazofenac,Mood Stabilizers,KRAKOW FACILITY,B1702-5642,2018-05-23, FROZEN  ,Poland,610,351,FALSE
INV000929,2018-05-15, Adrecetam Barazoxane  ,Antimalarial, Poznan Site  ,B1805-1742,2018-07-15,room temperature,Poland,6027,324,FALSE
INV000930,2019-07-12,Acantaine,Antibiotics,FRANKFURT PLANT,B1907-5383,2021-07-17,Refrigerated,Germany,4590,310,FALSE
INV000931,2018-03-13, Quixitriptan Alanesin  ,Antiseptics, poznan site  ,B1803-3713,2019-03-24,ROOM TEMPERATURE,Poland,7164,170,No
INV000932,2020-07-21, Saprodeine Zanprosyn  ,Antibiotics,Poznan Site,B2007-0640,2023-02-17, REFRIGERATED  ,Poland,4856,187,No
INV000933,2020-04-16,Immurenol Temarate,Antipiretics,Frankfurt Plant,B2004-1234,2022-04-26,refrigerated,Germany,3952,345,No
INV000934,2017-01-04,Dantocept Ferurenone,Antiseptics,Warsaw Plant,B1701-0064,2019-08-07,controlled substance,Poland,3410,150,FALSE
INV000935,2017-05-05,Argalazine Abostryl,Antipiretics, Poznan Site  ,B1705-8044,2019-06-25,Refrigerated,Poland,6027,343,No
INV000936,2017-10-14,Magnemunex,Antiseptics,MUNICH PLANT,B1710-8545,2019-04-23,room temperature,Germany,231,202,FALSE
INV000937,2019-01-19,Ceretosine,Antiseptics,POZNAN SITE,B1901-8594,2020-09-11,REFRIGERATED,Poland,6674,242,No
INV000938,2019-04-15,Amavirase,Antipiretics,munich plant,B1904-9314,2020-05-29,ROOM TEMPERATURE,Germany,6840,117,FALSE
INV000939,2020-08-04, Aggretisol  ,Antimalarial,Krakow Facility,B2008-2132,2020-10-10,CONTROLLED SUBSTANCE,Poland,6682,386,FALSE
INV000940,2019-06-23,Symbisine Prednimadin,Mood Stabilizers,Frankfurt Plant,B1906-7946,2020-06-06, controlled substance  ,Germany,1940,390,No
INV000941,2018-01-14, Dorzovorin Pentadarone  ,Antimalarial,poznan site,B1801-7672,2018-04-01,controlled substance,Poland,5171,358,FALSE
INV000942,2017-04-03,Testant,Mood Stabilizers,Warsaw Plant,B1704-4600,2019-09-09, ROOM TEMPERATURE  ,Poland,7224,121,FALSE
INV000943,2018-03-01,Veratorol Ciclovatol,Mood Stabilizers,poznan site,B1803-9717,2020-03-21, Refrigerated  ,Poland,3461,287,No
INV000944,2018-03-19,Kinovatol,Analgesics,MUNICH PLANT,B1803-7043,2018-11-10, Frozen  ,Germany,4317,317,No
INV000945,2018-11-29,Fosinofen,Antipiretics,munich plant,B1811-2688,2019-09-28, refrigerated  ,Germany,696,180,FALSE
INV000946,2018-09-21,Cogxone Levanide,Antimalarial,Poznan Site,B1809-0537,2020-07-31,room temperature,Poland,1764,378,No
INV000947,2020-05-08,Atrabicin Alkerotec,Antiseptics,krakow facility,B2005-5376,2023-01-29,refrigerated,Poland,9377,317,No
INV000948,2020-01-19,Eproline,Antibiotics,Frankfurt Plant,B2001-8143,2022-02-24,FROZEN,Germany,7801,84,No
INV000949,2019-12-15,Clinolan Pitoletra,Mood Stabilizers,Munich Plant,B1912-7962,2021-10-18,Refrigerated,Germany,4851,317,FALSE
INV000950,2018-04-28, Abranatal Lysoprosate  ,Antiseptics,Munich Plant,B1804-1346,2018-12-28, CONTROLLED SUBSTANCE  ,Germany,N/A,249,FALSE
INV000951,2019-09-07,Claripenem,Antibiotics,WARSAW PLANT,B1909-6629,2020-07-22,controlled substance,Poland,8556,102,FALSE
INV000952,2018-04-02,Halcifergen Nevazone,Antimalarial,warsaw plant,B1804-5988,2019-08-11,frozen,Poland,5367,207,No
INV000953,2017-12-09,Aciprex,Antipiretics,poznan site,B1712-1267,2020-11-08,room temperature,Poland,3356,208,FALSE
INV000954,2018-03-15,Decidenu Galantrigine,Antipiretics,Munich Plant,B1803-0929,2019-07-19,room temperature,Germany,4308,328,No
INV000955,2018-01-27,Clinolan Pitoletra,Mood Stabilizers,MUNICH PLANT,B1801-2041,2018-07-01,room temperature,Germany,3480,109,FALSE
INV000956,2018-10-27, Androporin  ,Antiseptics,Munich Plant,B1810-0719,2019-09-10,ROOM TEMPERATURE,Germany,3745,295,FALSE
INV000957,2017-10-07, Albudazole Erobloc  ,Antiseptics,Frankfurt Plant,B1710-1927,2017-12-12,Frozen,Germany,5618,228,FALSE
INV000958,2019-06-22,Nevanide Actozide,Antibiotics,Krakow Facility,B1906-2632,2021-09-17,Refrigerated,Poland,9891,213,No
INV000959,2017-01-29,Ibruferon,Antiseptics,FRANKFURT PLANT,B1701-6088,2019-09-26, Frozen  ,Germany,9769,255,FALSE
INV000960,2020-12-14,Kiovax Tercorolac,Analgesics, Munich Plant  ,B2012-0707,2021-10-05,REFRIGERATED,Germany,8921,245,FALSE
INV000961,2019-04-06,Effidomide Evofribrate,Antiseptics,warsaw plant,B1904-4271,2021-03-18, frozen  ,Poland,4808,130,0
INV000962,2018-08-09,Asparathasone Unipan,Antibiotics,Poznan Site,B1808-5358,2019-12-04,ROOM TEMPERATURE,Poland,9229,268,No
INV000963,2020-06-10,Dasagestin,Analgesics,POZNAN SITE,B2006-2673,2022-08-28,CONTROLLED SUBSTANCE,Poland,1173,231,No
INV000964,2017-01-26,Fosinofen,Antipiretics,Munich Plant,B1701-6705,2017-09-10,controlled substance,Germany,1592,389,No
INV000965,2020-02-09, Zarostral  ,Antipiretics, warsaw plant  ,B2002-4911,2020-10-20, CONTROLLED SUBSTANCE  ,Poland,7096,282,No
INV000966,2019-08-30,Belavarix Benzabicin,Antibiotics,Frankfurt Plant,B1908-6804,2020-10-14,frozen,Germany,4407,170,No
INV000967,2018-05-29,Sevotrana Tiafoxin,Analgesics, krakow facility  ,B1805-5014,2019-06-04,controlled substance,Poland,2119,255,No
INV000968,2017-03-04,Megenorphine,Antimalarial,Frankfurt Plant,B1703-4684,2018-10-02, Refrigerated  ,Germany,1674,229,0
INV000969,2019-12-11,Zarostral,Antipiretics,warsaw plant,B1912-5246,2022-06-23,refrigerated,Poland,1577,105,No
INV000970,2019-01-25,Relenstrel Exurabine,Antibiotics,warsaw plant,B1901-2490,2019-06-23,ROOM TEMPERATURE,Poland,5931,292,No
INV000971,2017-02-09, Xenaminphen  ,Antimalarial, WARSAW PLANT  ,B1702-6426,2019-08-30, Refrigerated  ,Poland,5717,247,No
INV000972,2018-12-30,Epzipitant,Analgesics, Poznan Site  ,B1812-8237,2020-04-25,Refrigerated,Poland,4024,117,No
INV000973,2020-12-29,Belavarix Benzabicin,Antibiotics,Frankfurt Plant,B2012-1587,2022-03-14,controlled substance,Germany,9474,183,FALSE
INV000974,2017-03-21,Magneprex,Antimalarial,krakow facility,B1703-6728,2020-02-28,CONTROLLED SUBSTANCE,Poland,N/A,187,No
INV000975,2020-08-29,Exotropin Empizine,Mood Stabilizers,POZNAN SITE,B2008-5769,2021-12-26,REFRIGERATED,Poland,4390,86,No
INV000976,2020-09-08,Zynosine,Antimalarial,Warsaw Plant,B2009-8637,2022-09-25,REFRIGERATED,Poland,8454,326,No
INV000977,2018-12-04,Dantolac Pazocor,Analgesics,WARSAW PLANT,B1812-5108,2020-12-10,Frozen,Poland,9782,202,No
INV000978,2020-07-21,Pentastrin,Antibiotics,Frankfurt Plant,B2007-4086,2022-06-25,room temperature,Germany,1555,187,No
INV000979,2019-03-18, Pulmogen Alitora  ,Antiseptics,Frankfurt Plant,B1903-3605,2021-08-27,FROZEN,Germany,9696,335,Yes
INV000980,2018-05-08,Sevoderm,Antipiretics, MUNICH PLANT  ,B1805-3027,2020-02-10,frozen,Germany,5964,87,No
INV000981,2017-05-24,Dantolac Pazocor,Analgesics, Warsaw Plant  ,B1705-6012,2019-06-18, room temperature  ,Poland,4868,83,No
INV000982,2018-05-05, Aciprex  ,Antipiretics,POZNAN SITE,B1805-2545,2019-09-15,Frozen,Poland,N/A,176,No
INV000983,2018-11-09, Cyclovital  ,Antimalarial,MUNICH PLANT,B1811-1494,2020-03-18,REFRIGERATED,Germany,9715,172,FALSE
INV000984,2018-01-30,Alisteride Pemidizem,Antiseptics,Poznan Site,B1801-1043,2019-04-09,CONTROLLED SUBSTANCE,Poland,1114,66,No
INV000985,2019-12-28, Interzide  ,Antimalarial, Munich Plant  ,B1912-0910,2021-11-29, controlled substance  ,Germany,8786,107,No
INV000986,2017-05-26,Malaxolol Aeroprosyn,Antiseptics,Frankfurt Plant,B1705-3127,2019-03-23,controlled substance,Germany,3290,160,No
INV000987,2019-02-22,Solasteride,Mood Stabilizers,Poznan Site,B1902-4997,2019-12-21, controlled substance  ,Poland,5316,112,FALSE
INV000988,2019-12-04,Albuterenone,Antimalarial,KRAKOW FACILITY,B1912-3269,2020-02-22, Refrigerated  ,Poland,5619,359,0
INV000989,2020-12-15, Solasteride  ,Mood Stabilizers,poznan site,B2012-0597,2021-03-23,refrigerated,Poland,9874,212,FALSE
INV000990,2018-07-09,Kinenadryl,Antipiretics,Poznan Site,B1807-6166,2019-09-22,room temperature,Poland,8974,63,No
INV000991,2020-06-03,Menogine,Antiseptics,Frankfurt Plant,B2006-9494,2022-03-18,controlled substance,Germany,561,93,No
INV000992,2020-07-04, Paronium Atracustone  ,Analgesics,Munich Plant,B2007-8134,2020-12-26,Refrigerated,Germany,7615,363,No
INV000993,2018-06-04, Dexmebital Acanplan  ,Analgesics,poznan site,B1806-4008,2020-10-08,room temperature,Poland,6499,,FALSE
INV000994,2017-01-09,Proprabax,Analgesics,Warsaw Plant,B1701-3710,2019-11-10,Frozen,Poland,7808,67,FALSE
INV000995,2019-09-30,Benzoprox,Antiseptics,KRAKOW FACILITY,B1909-4811,2021-09-11,ROOM TEMPERATURE,Poland,7086,224,FALSE
INV000996,2018-03-01,Lovavatol Azelavarix,Mood Stabilizers,FRANKFURT PLANT,B1803-2811,2020-03-01,Frozen,Germany,7021,246,No
INV000997,2017-01-08, Lovephilus  ,Analgesics, poznan site  ,B1701-7767,2019-10-20,controlled substance,Poland,4001,127,No
INV000998,2018-03-24,Ionclotide,Analgesics,Krakow Facility,B1803-0971,2018-05-30,ROOM TEMPERATURE,Poland,203,149,No
INV000999,2020-06-19,Benzoprox,Antiseptics, Krakow Facility  ,B2006-0700,2021-02-21,CONTROLLED SUBSTANCE,Poland,1250,270,FALSE
INV001000,2019-03-26,Tesnorphine Silotamine,Antibiotics,Munich Plant,B1903-5959,2021-08-03,FROZEN,Germany,226,278,No
INV001001,2019-05-07,Interfestar,Antibiotics, munich plant  ,B1905-5283,2021-08-09,FROZEN,Germany,6144,81,FALSE
INV001002,2018-11-21,Zithrotrol,Antiseptics,Krakow Facility,B1811-2533,2020-11-10,Frozen,Poland,4066,161,No
INV001003,2020-01-14, Amamadin  ,Antimalarial,MUNICH PLANT,B2001-1508,2020-04-26,FROZEN,Germany,8956,375,No
INV001004,2020-11-15,Androporin,Antiseptics,munich plant,B2011-7858,2022-01-24, Frozen  ,Germany,5467,192,No
INV001005,2017-11-04,Effigine Propraprex,Antimalarial, FRANKFURT PLANT  ,B1711-3495,2018-11-17, controlled substance  ,Germany,4914,155,FALSE
INV001006,2019-01-02, Diazemid Felcept  ,Analgesics,WARSAW PLANT,B1901-3688,2020-01-15,Frozen,Poland,5445,117,0
INV001007,2018-04-03,Rebedase Aplencor,Mood Stabilizers, Munich Plant  ,B1804-0590,2019-05-18,CONTROLLED SUBSTANCE,Germany,7087,374,No
INV001008,2020-01-28,Albuterenone,Antimalarial, Krakow Facility  ,B2001-1431,2021-11-04,room temperature,Poland,2692,242,FALSE
INV001009,2020-01-05,Formolovir Amanferon,Analgesics, MUNICH PLANT  ,B2001-1240,2021-02-10,controlled substance,Germany,N/A,190,No
INV001010,2020-01-11,Cephovelam,Mood Stabilizers,munich plant,B2001-9802,2020-12-09,refrigerated,Germany,707,102,No
INV001011,2019-10-31,Zarostral,Antipiretics,WARSAW PLANT,B1910-4164,2020-04-26, Frozen  ,Poland,672,170,No
INV001012,2018-10-31,Pulmogen Alitora,Antiseptics, Frankfurt Plant  ,B1810-3732,2020-02-25, Frozen  ,Germany,4677,397,No
INV001013,2017-04-28, Acycpex  ,Mood Stabilizers,Warsaw Plant,B1704-7323,2018-11-28,frozen,Poland,2022,147,FALSE
INV001014,2020-02-23,Veratorol Ciclovatol,Mood Stabilizers,poznan site,B2002-8158,2022-09-01,controlled substance,Poland,4355,54,FALSE
INV001015,2020-09-05,Zarostral,Antipiretics,Warsaw Plant,B2009-8366,2022-09-22,refrigerated,Poland,9797,250,No
INV001016,2018-05-15,Raparidol,Mood Stabilizers,krakow facility,B1805-6904,2019-03-22,Refrigerated,Poland,3035,345,No
INV001017,2019-12-20,Secrelazine Insonamic,Antipiretics,Munich Plant,B1912-0909,2022-12-11,Frozen,Germany,2907,208,No
INV001018,2020-08-10, Exotropin Empizine  ,Mood Stabilizers, Poznan Site  ,B2008-7217,2022-08-18,controlled substance,Poland,4036,211,0
INV001019,2017-02-11,Antilamin Clinbital,Antibiotics,frankfurt plant,B1702-1668,2019-05-14, Frozen  ,Germany,8404,340,No
INV001020,2019-09-11,Ceftatana Serolamide,Antipiretics,munich plant,B1909-9550,2021-12-05, controlled substance  ,Germany,6658,376,No
INV001021,2020-07-22,Requimadin,Antimalarial,Krakow Facility,B2007-3852,2022-11-16,CONTROLLED SUBSTANCE,Poland,2257,298,FALSE
INV001022,2019-04-23,Aclonuma,Antimalarial,WARSAW PLANT,B1904-1739,2020-03-21, refrigerated  ,Poland,7217,335,No
INV001023,2018-09-26,Biotasol Siloderm,Antiseptics,Frankfurt Plant,B1809-5277,2020-10-11, Frozen  ,Germany,6280,218,No
INV001024,2020-03-23, Atomorelin  ,Analgesics,WARSAW PLANT,B2003-0096,2022-06-06,controlled substance,Poland,7703,93,No
INV001025,2018-05-06, Sanctumine  ,Antimalarial,Warsaw Plant,B1805-3841,2020-12-01,Refrigerated,Poland,9084,131,No
INV001026,2020-11-23,Neuropogen Empibax,Analgesics,Frankfurt Plant,B2011-5080,2021-02-14,room temperature,Germany,9205,179,FALSE
INV001027,2019-10-23,Ribabyclor,Antiseptics,warsaw plant,B1910-8860,2021-08-26,Frozen,Poland,3242,101,No
INV001028,2019-08-16,Flutacerol,Analgesics,Frankfurt Plant,B1908-0049,2022-03-17,controlled substance,Germany,9983,255,FALSE
INV001029,2018-02-10, Acelimus  ,Analgesics,warsaw plant,B1802-5348,2020-09-03,controlled substance,Poland,7129,109,No
INV001030,2020-06-26,Secrelazine Insonamic,Antipiretics, munich plant  ,B2006-9549,2020-12-10,REFRIGERATED,Germany,3621,348,FALSE
INV001031,2018-03-21, Brimorix Amonine  ,Antibiotics, Munich Plant  ,B1803-0936,2020-10-08,room temperature,Germany,7453,324,No
INV001032,2017-01-31,Ibrulinum,Antipiretics,Poznan Site,B1701-2160,2017-06-18,Refrigerated,Poland,6850,302,FALSE
INV001033,2017-05-18, Halcifergen Nevazone  ,Antimalarial,warsaw plant,B1705-6149,2019-09-14,Frozen,Poland,4457,83,No
INV001034,2019-11-03,Apronazol,Antibiotics, KRAKOW FACILITY  ,B1911-6191,2021-09-29, ROOM TEMPERATURE  ,Poland,5208,374,No
INV001035,2018-05-14,Adalatamine,Antiseptics,POZNAN SITE,B1805-7931,2019-12-15,refrigerated,Poland,7906,85,FALSE
INV001036,2020-02-02, Darlofen  ,Antipiretics,poznan site,B2002-8326,2022-10-14, room temperature  ,Poland,6174,220,No
INV001037,2020-09-22,Nevanide Actozide,Antibiotics,Krakow Facility,B2009-1416,2022-04-18,REFRIGERATED,Poland,685,224,No
INV001038,2020-10-23,Lansostral Acgestin,Antiseptics,MUNICH PLANT,B2010-3614,2022-05-06, room temperature  ,Germany,4595,86,No
INV001039,2020-10-05, Ionclotide  ,Analgesics, KRAKOW FACILITY  ,B2010-1218,2022-09-18,controlled substance,Poland,3088,382,No
INV001040,2018-05-30,Asparathasone Unipan,Antibiotics, POZNAN SITE  ,B1805-1477,2019-09-26, room temperature  ,Poland,6192,121,No
INV001041,2018-09-02,Tesnorphine Silotamine,Antibiotics, MUNICH PLANT  ,B1809-3816,2020-10-29, controlled substance  ,Germany,4351,330,No
INV001042,2020-03-08,Symbisine Prednimadin,Mood Stabilizers,Frankfurt Plant,B2003-2337,2021-04-19,room temperature,Germany,7797,97,FALSE
INV001043,2020-04-14,Adriafinil Ehtymara,Antiseptics,Frankfurt Plant,B2004-3780,2023-03-23, room temperature  ,Germany,4531,110,No
INV001044,2019-12-10,Agalsiline,Mood Stabilizers,Warsaw Plant,B1912-4357,2022-03-15,Frozen,Poland,4461,318,FALSE
INV001045,2018-01-03, Hepavice  ,Mood Stabilizers, Warsaw Plant  ,B1801-2364,2018-03-06,room temperature,Poland,1538,233,No
INV001046,2017-01-24,Relenvice,Antimalarial, Munich Plant  ,B1701-3811,2019-07-26,frozen,Germany,5369,130,FALSE
INV001047,2020-06-07,Angioparin Brimosumab,Mood Stabilizers,munich plant,B2006-9551,2020-11-05,controlled substance,Germany,1390,182,FALSE
INV001048,2018-12-11, Quiniprosyn  ,Antiseptics,MUNICH PLANT,B1812-8546,2020-02-09, Frozen  ,Germany,7759,361,No
INV001049,2017-12-28,Interzide,Antimalarial,munich plant,B1712-2867,2019-04-13, Frozen  ,Germany,4214,311,No
INV001050,2020-11-26, Xenaderal  ,Mood Stabilizers,MUNICH PLANT,B2011-1146,2021-08-03,Refrigerated,Germany,9865,328,No
INV001051,2020-08-02,Spiroderall,Mood Stabilizers, MUNICH PLANT  ,B2008-3310,2021-10-23,Frozen,Germany,2841,211,No
INV001052,2018-10-03,Finanel,Antimalarial,Krakow Facility,B1810-5441,2019-08-02,room temperature,Poland,6358,168,No
INV001053,2020-11-11,Methiclotide,Antibiotics,MUNICH PLANT,B2011-6897,2022-07-23,room temperature,Germany,9023,363,No
INV001054,2019-11-08,Factofribrate,Mood Stabilizers,FRANKFURT PLANT,B1911-2099,2021-11-02, Frozen  ,Germany,9151,78,0
INV001055,2018-12-22,Quiniprosyn,Antiseptics,Munich Plant,B1812-9410,2020-10-08,controlled substance,Germany,863,140,0
INV001056,2017-01-05, Pazofenac  ,Mood Stabilizers,Krakow Facility,B1701-3714,2019-04-17, Frozen  ,Poland,4098,88,FALSE
INV001057,2019-09-22, Tacrodomide  ,Antipiretics, krakow facility  ,B1909-7538,2020-05-14,room temperature,Poland,4183,230,FALSE
INV001058,2017-05-09, Theopril  ,Antipiretics,KRAKOW FACILITY,B1705-2888,2018-09-30,controlled substance,Poland,7734,78,No
INV001059,2020-01-13,Afinitasol,Antipiretics,MUNICH PLANT,B2001-8995,2020-05-23,ROOM TEMPERATURE,Germany,5141,240,0
INV001060,2020-10-09,Zynosine,Antimalarial, warsaw plant  ,B2010-2592,2022-10-27,ROOM TEMPERATURE,Poland,788,129,No
INV001061,2020-11-04,Lactubucil,Antipiretics, poznan site  ,B2011-5184,2022-11-05,frozen,Poland,7604,212,FALSE
INV001062,2018-07-11,Ranediol,Antibiotics,WARSAW PLANT,B1807-1457,2020-08-11,CONTROLLED SUBSTANCE,Poland,1081,192,FALSE
INV001063,2018-01-15,Cyclovital,Antimalarial,Munich Plant,B1801-0616,2019-12-12,FROZEN,Germany,7940,325,FALSE
INV001064,2020-08-11,Tetratanyl,Antimalarial,Poznan Site,B2008-7456,2021-02-23,controlled substance,Poland,8894,317,No
INV001065,2020-12-05, Alpradipine  ,Analgesics,Munich Plant,B2012-3182,2023-02-03,FROZEN,Germany,2086,394,FALSE
INV001066,2020-07-31,Acubulin,Antipiretics, Poznan Site  ,B2007-4077,2022-11-15,refrigerated,Poland,3411,182,FALSE
INV001067,2020-09-15, Alglutriptan  ,Analgesics,POZNAN SITE,B2009-0373,2021-04-10, CONTROLLED SUBSTANCE  ,Poland,3342,234,No
INV001068,2018-11-25,Lioletine Refliruvax,Analgesics,Munich Plant,B1811-4865,2019-12-12, refrigerated  ,Germany,2204,55,FALSE
INV001069,2020-02-09,Lovapur,Mood Stabilizers, Krakow Facility  ,B2002-2763,2022-01-21, frozen  ,Poland,3196,268,No
INV001070,2018-03-15,Alarudin Azarolac,Mood Stabilizers,WARSAW PLANT,B1803-9473,2019-02-01, REFRIGERATED  ,Poland,5060,72,FALSE
INV001071,2019-01-31,Claricriptine Adaferol,Antibiotics,frankfurt plant,B1901-4832,2019-11-29,refrigerated,Germany,4187,364,FALSE
INV001072,2020-08-29, Malaxolol Aeroprosyn  ,Antiseptics,Frankfurt Plant,B2008-3544,2023-07-19,FROZEN,Germany,7128,209,No
INV001073,2018-06-15, Ultrimax Ultriset  ,Antiseptics,Krakow Facility,B1806-6669,2021-04-10,ROOM TEMPERATURE,Poland,6607,333,FALSE
INV001074,2018-07-19,Halciramine,Antimalarial, Frankfurt Plant  ,B1807-2278,2019-11-12,REFRIGERATED,Germany,2200,84,FALSE
INV001075,2018-09-13,Acycpex,Mood Stabilizers, Warsaw Plant  ,B1809-4639,2021-01-03, room temperature  ,Poland,4420,308,No
INV001076,2017-02-11,Flutacerol,Analgesics, FRANKFURT PLANT  ,B1702-6410,2017-12-20,controlled substance,Germany,6642,99,No
INV001077,2017-01-28,Abilovir Aprotasol,Antipiretics, POZNAN SITE  ,B1701-1617,2017-05-19,room temperature,Poland,7278,221,No
INV001078,2019-10-15, Temasone Thiobucil  ,Antimalarial,FRANKFURT PLANT,B1910-0645,2020-02-19,room temperature,Germany,5477,80,No
INV001079,2018-02-21, Travosoline Capolac  ,Antipiretics,Poznan Site,B1802-7000,2020-10-28,controlled substance,Poland,2563,95,No
INV001080,2020-02-17,Menogine,Antiseptics,Frankfurt Plant,B2002-7558,2020-09-12, controlled substance  ,Germany,8712,339,No
INV001081,2020-01-05, Megenorphine  ,Antimalarial, FRANKFURT PLANT  ,B2001-1680,2021-06-30,frozen,Germany,7402,156,No
INV001082,2018-12-04,Relenstrel Exurabine,Antibiotics,Warsaw Plant,B1812-5999,2020-01-06, room temperature  ,Poland,3562,177,FALSE
INV001083,2018-11-22, Penitrana  ,Analgesics, Frankfurt Plant  ,B1811-6420,2020-06-05,CONTROLLED SUBSTANCE,Germany,3793,179,FALSE
INV001084,2020-09-06,Fentalac,Antipiretics,WARSAW PLANT,B2009-6039,2021-06-13,ROOM TEMPERATURE,Poland,3254,337,No
INV001085,2017-02-15, Victomine  ,Antimalarial, Krakow Facility  ,B1702-1043,2017-10-13,CONTROLLED SUBSTANCE,Poland,2271,180,No
INV001086,2020-07-20,Ultrimax Ultriset,Antiseptics,Krakow Facility,B2007-7825,2022-09-14,REFRIGERATED,Poland,328,158,No
INV001087,2018-07-13,Aciprex,Antipiretics, poznan site  ,B1807-1050,2019-04-21,Refrigerated,Poland,4660,358,No
INV001088,2019-10-21,Theopril,Antipiretics, krakow facility  ,B1910-1554,2021-04-24,room temperature,Poland,3836,92,No
INV001089,2017-06-07,Cricane Acamsumab,Antiseptics,Warsaw Plant,B1706-4939,2018-12-16,CONTROLLED SUBSTANCE,Poland,7940,109,No
INV001090,2019-12-05,Finanel,Antimalarial,Krakow Facility,B1912-2571,2022-03-28,room temperature,Poland,5440,320,FALSE
INV001091,2020-04-12,Topifribrate,Analgesics,Munich Plant,B2004-8210,2022-01-16,Frozen,Germany,412,100,No
INV001092,2019-12-22,Rebedase Aplencor,Mood Stabilizers,Munich Plant,B1912-4256,2020-12-26,Frozen,Germany,9292,102,FALSE
INV001093,2019-09-20, Testant  ,Mood Stabilizers,warsaw plant,B1909-6763,2022-02-01,controlled substance,Poland,7015,386,No
INV001094,2017-04-11, Malavirine Alimdine  ,Mood Stabilizers,Munich Plant,B1704-9050,2018-06-02,room temperature,Germany,5734,156,No
INV001095,2020-11-14,Ketamara Evogel,Antipiretics,Poznan Site,B2011-9937,2022-02-15,Refrigerated,Poland,7492,345,No
INV001096,2017-11-21,Spiroderall,Mood Stabilizers,Munich Plant,B1711-1019,2020-01-22,FROZEN,Germany,2480,315,No
INV001097,2017-03-03,Aclonuma,Antimalarial,warsaw plant,B1703-9372,2018-12-29,Frozen,Poland,3039,157,No
INV001098,2017-02-16,Effigine Propraprex,Antimalarial, FRANKFURT PLANT  ,B1702-0384,2019-10-29,room temperature,Germany,9493,192,No
INV001099,2020-01-29,Lovepion,Antiseptics, Krakow Facility  ,B2001-6340,2021-01-19,room temperature,Poland,1976,341,FALSE
INV001100,2020-03-04,Topifribrate,Analgesics,Munich Plant,B2003-1441,2021-09-26,controlled substance,Germany,2962,203,FALSE
INV001101,2017-11-10,Ultrimax Ultriset,Antiseptics,Krakow Facility,B1711-1312,2018-09-16,Frozen,Poland,5942,360,0
INV001102,2020-07-19,Adriafinil Ehtymara,Antiseptics,frankfurt plant,B2007-0829,2020-09-25,controlled substance,Germany,4353,137,No
INV001103,2019-09-22,Interfedox Pilobamol,Antiseptics, FRANKFURT PLANT  ,B1909-2572,2021-10-24, Refrigerated  ,Germany,5049,395,No
INV001104,2020-08-24,Aquamycin Lacoran,Analgesics, Warsaw Plant  ,B2008-2777,2023-05-27,FROZEN,Poland,N/A,246,No
INV001105,2019-06-21,Hepavice,Mood Stabilizers,Warsaw Plant,B1906-5535,2021-09-01, ROOM TEMPERATURE  ,Poland,9104,63,FALSE
INV001106,2017-11-23,Duraprazole Agalsixolol,Antiseptics,FRANKFURT PLANT,B1711-8152,2018-05-05, controlled substance  ,Germany,5806,122,No
INV001107,2019-12-12, Syntheruvax Proracin  ,Antimalarial,Warsaw Plant,B1912-4030,2020-02-25,ROOM TEMPERATURE,Poland,6750,262,FALSE
INV001108,2020-03-11,Flutacerol,Analgesics,Frankfurt Plant,B2003-4224,2021-08-22,frozen,Germany,2967,315,No
INV001109,2019-03-23,Apromin,Antiseptics,Poznan Site,B1903-1575,2021-07-12,frozen,Poland,1033,180,FALSE
INV001110,2017-06-04, Abilovir Aprotasol  ,Antipiretics,poznan site,B1706-5752,2019-07-12,room temperature,Poland,5899,223,0
INV001111,2017-08-19,Ceretosine,Antiseptics,poznan site,B1708-2549,2019-04-30, FROZEN  ,Poland,3981,255,FALSE
INV001112,2020-05-03,Lovapur,Mood Stabilizers, Krakow Facility  ,B2005-3711,2020-11-11,Frozen,Poland,4784,,FALSE
INV001113,2017-10-22,Factofribrate,Mood Stabilizers,Frankfurt Plant,B1710-2351,2019-05-26,frozen,Germany,2293,282,No
INV001114,2017-07-03,Tesnorphine Silotamine,Antibiotics, munich plant  ,B1707-9093,2018-02-18, controlled substance  ,Germany,5322,143,FALSE
INV001115,2018-12-06,Ranediol,Antibiotics,Warsaw Plant,B1812-8659,2020-05-08,controlled substance,Poland,6216,175,FALSE
INV001116,2019-08-23, Requimadin  ,Antimalarial, krakow facility  ,B1908-7750,2021-04-06,Frozen,Poland,9077,221,No
INV001117,2017-10-05,Victomax,Analgesics,frankfurt plant,B1710-1226,2018-01-17,controlled substance,Germany,426,172,No
INV001118,2019-10-04, Zonixamine Immulinum  ,Analgesics, MUNICH PLANT  ,B1910-3011,2020-10-17,controlled substance,Germany,5503,139,No
INV001119,2019-08-01,Exexone,Mood Stabilizers, MUNICH PLANT  ,B1908-1932,2022-03-19,FROZEN,Germany,5042,361,FALSE
INV001120,2018-09-15,Halciramine,Antimalarial,Frankfurt Plant,B1809-4181,2019-01-05,CONTROLLED SUBSTANCE,Germany,8767,375,No
INV001121,2019-03-06,Benzoprox,Antiseptics,krakow facility,B1903-6274,2021-02-04,room temperature,Poland,6010,319,No
INV001122,2020-07-17,Adideine,Mood Stabilizers, Krakow Facility  ,B2007-6381,2021-05-20,REFRIGERATED,Poland,3079,178,FALSE
INV001123,2020-11-11,Acycpex,Mood Stabilizers,Warsaw Plant,B2011-3532,2022-02-17,CONTROLLED SUBSTANCE,Poland,4185,225,No
INV001124,2018-05-14, Cephovelam  ,Mood Stabilizers, munich plant  ,B1805-5821,2020-04-09,REFRIGERATED,Germany,5462,,No
INV001125,2017-05-19, Proderal  ,Antiseptics,Munich Plant,B1705-3762,2020-04-02, Frozen  ,Germany,7984,102,No
INV001126,2018-01-29,Claricriptine Adaferol,Antibiotics,frankfurt plant,B1801-4335,2018-10-24, ROOM TEMPERATURE  ,Germany,1450,330,FALSE
INV001127,2017-12-08,Lioletine Refliruvax,Analgesics,MUNICH PLANT,B1712-0230,2019-10-08,CONTROLLED SUBSTANCE,Germany,5208,252,No
INV001128,2018-01-01,Allomenda,Antipiretics,POZNAN SITE,B1801-5813,2018-11-28,CONTROLLED SUBSTANCE,Poland,291,277,FALSE
INV001129,2017-10-10,Zithrotrol,Antiseptics, KRAKOW FACILITY  ,B1710-6487,2018-11-11,room temperature,Poland,2789,69,TRUE
INV001130,2018-04-24,Cordamectin Actolamin,Antipiretics,WARSAW PLANT,B1804-4111,2019-10-23,controlled substance,Poland,2500,391,No
INV001131,2019-02-07,Dantocept Ferurenone,Antiseptics,warsaw plant,B1902-2824,2019-06-30,Frozen,Poland,3338,359,No
INV001132,2019-07-13,Aprerase,Antipiretics, FRANKFURT PLANT  ,B1907-8596,2020-11-16,FROZEN,Germany,8858,275,No
INV001133,2018-06-23,Temasone Thiobucil,Antimalarial,frankfurt plant,B1806-1953,2019-07-02, CONTROLLED SUBSTANCE  ,Germany,8210,364,No
INV001134,2020-07-24, Sanctumine  ,Antimalarial,Warsaw Plant,B2007-3573,2021-08-23, Frozen  ,Poland,606,212,No
INV001135,2017-11-26,Adriafinil Ehtymara,Antiseptics,FRANKFURT PLANT,B1711-8534,2018-05-21,controlled substance,Germany,1838,161,No
INV001136,2020-12-09,Flutacerol,Analgesics,Frankfurt Plant,B2012-1709,2021-04-30,CONTROLLED SUBSTANCE,Germany,6468,345,FALSE
INV001137,2017-09-08,Ketamara Evogel,Antipiretics,poznan site,B1709-9687,2019-03-17,Refrigerated,Poland,9898,177,No
INV001138,2019-06-27,Spiroderall,Mood Stabilizers,MUNICH PLANT,B1906-3886,2021-01-19,ROOM TEMPERATURE,Germany,8731,387,No
INV001139,2017-07-11,Aggrakine,Antiseptics,poznan site,B1707-8954,2019-11-09,controlled substance,Poland,2815,218,No
INV001140,2020-08-07, Halcifergen Nevazone  ,Antimalarial, WARSAW PLANT  ,B2008-4840,2021-07-05,Refrigerated,Poland,4784,258,No
INV001141,2019-03-08,Fentatrol Rapatelase,Antibiotics, FRANKFURT PLANT  ,B1903-0073,2021-11-25, frozen  ,Germany,5125,,Yes
INV001142,2017-10-30, Interfedox Pilobamol  ,Antiseptics,frankfurt plant,B1710-4143,2019-03-29,controlled substance,Germany,2980,296,No
INV001143,2020-09-24,Ceftatana Serolamide,Antipiretics,munich plant,B2009-2075,2022-07-08,refrigerated,Germany,715,119,No
INV001144,2018-03-06,Alisteride Pemidizem,Antiseptics,POZNAN SITE,B1803-0195,2018-09-03,controlled substance,Poland,2808,106,FALSE
INV001145,2018-12-19,Lacoplex Hyaluvance,Mood Stabilizers, Munich Plant  ,B1812-1842,2019-05-18,REFRIGERATED,Germany,8710,319,No
INV001146,2018-11-27,Ampysin,Analgesics,krakow facility,B1811-6131,2019-11-07, controlled substance  ,Poland,2590,329,No
INV001147,2020-03-23,Zithrotrol,Antiseptics,Krakow Facility,B2003-8429,2023-01-02, Frozen  ,Poland,8049,328,No
INV001148,2017-04-21,Ganineva Agenium,Antiseptics,FRANKFURT PLANT,B1704-1411,2018-04-03,Refrigerated,Germany,3307,301,No
INV001149,2019-12-11,Invisteride Diclomycin,Mood Stabilizers,FRANKFURT PLANT,B1912-0769,2022-09-10,REFRIGERATED,Germany,7787,372,No
INV001150,2020-10-23,Formolovir Amanferon,Analgesics, Munich Plant  ,B2010-2360,2022-08-07,FROZEN,Germany,4911,385,No
INV001151,2017-06-29,Atomorelin,Analgesics,warsaw plant,B1706-1064,2018-03-31,room temperature,Poland,8986,176,0
INV001152,2018-06-10,Sevoderm,Antipiretics, Munich Plant  ,B1806-5288,2018-08-12, room temperature  ,Germany,8326,180,No
INV001153,2019-11-18, Adriafinil Ehtymara  ,Antiseptics,Frankfurt Plant,B1911-6807,2020-02-27,room temperature,Germany,2392,239,FALSE
INV001154,2020-03-19,Stelazolid,Antimalarial,Poznan Site,B2003-9110,2020-12-20,room temperature,Poland,2012,173,No
INV001155,2020-01-24,Pazofenac,Mood Stabilizers,KRAKOW FACILITY,B2001-7176,2020-05-27,controlled substance,Poland,3378,166,No
INV001156,2019-02-19,Enzastryl,Antiseptics,KRAKOW FACILITY,B1902-6014,2020-10-29,Frozen,Poland,6649,315,No
INV001157,2017-03-10, Dexacilin Triline  ,Analgesics,MUNICH PLANT,B1703-2475,2017-10-19,frozen,Germany,8065,192,FALSE
INV001158,2017-09-28,Primatate Univatol,Mood Stabilizers,frankfurt plant,B1709-7194,2019-11-29,room temperature,Germany,5645,87,No
INV001159,2020-10-09, Zyvance  ,Analgesics,frankfurt plant,B2010-7349,2023-10-07,FROZEN,Germany,2887,326,No
INV001160,2019-09-25,Darlofen,Antipiretics,Poznan Site,B1909-6984,2020-08-11,frozen,Poland,9914,108,FALSE
INV001161,2019-08-08, Lansostral Acgestin  ,Antiseptics, Munich Plant  ,B1908-4627,2020-10-10,Refrigerated,Germany,2856,107,No
INV001162,2019-10-16,Ibrulinum,Antipiretics,Poznan Site,B1910-9169,2020-11-19,CONTROLLED SUBSTANCE,Poland,3400,360,No
INV001163,2018-10-12,Brimorix Amonine,Antibiotics,MUNICH PLANT,B1810-5154,2019-12-25, FROZEN  ,Germany,7715,228,FALSE
INV001164,2018-07-21,Alpradipine,Analgesics,Munich Plant,B1807-1621,2021-05-09,refrigerated,Germany,4488,147,No
INV001165,2017-11-29,Travosoline Capolac,Antipiretics, poznan site  ,B1711-5684,2020-12-02,frozen,Poland,6133,332,FALSE
INV001166,2020-11-09,Afretosine,Mood Stabilizers, munich plant  ,B2011-0134,2021-05-03,CONTROLLED SUBSTANCE,Germany,6857,102,FALSE
INV001167,2017-12-12,Aspinavir Silovance,Antibiotics, poznan site  ,B1712-9081,2020-04-17, CONTROLLED SUBSTANCE  ,Poland,3056,,No
INV001168,2019-02-10, Dantolac Pazocor  ,Analgesics,Warsaw Plant,B1902-2745,2021-08-08, refrigerated  ,Poland,4439,308,FALSE
INV001169,2019-02-28,Zyvance,Analgesics,Frankfurt Plant,B1902-6919,2020-02-17,REFRIGERATED,Germany,7409,389,No
INV001170,2018-07-12,Insozyme,Antiseptics,POZNAN SITE,B1807-1897,2021-02-20, controlled substance  ,Poland,5949,76,FALSE
INV001171,2018-02-04,Quixitriptan Alanesin,Antiseptics,poznan site,B1802-4353,2019-07-06,controlled substance,Poland,8483,140,FALSE
INV001172,2018-07-29,Saprodeine Zanprosyn,Antibiotics, poznan site  ,B1807-1280,2020-12-16,controlled substance,Poland,5633,69,No
INV001173,2017-01-23,Symbiroban,Antibiotics, Poznan Site  ,B1701-2424,2019-12-23,Frozen,Poland,8298,216,No
INV001174,2017-03-05,Abtasol,Antiseptics, munich plant  ,B1703-3193,2018-11-03,REFRIGERATED,Germany,3127,192,No
INV001175,2020-01-27,Adtiza Gammaluble,Antibiotics,Warsaw Plant,B2001-2325,2021-12-06,room temperature,Poland,7677,163,TRUE
INV001176,2017-12-19,Topitaine,Mood Stabilizers, Frankfurt Plant  ,B1712-3086,2020-03-01,Frozen,Germany,8246,190,FALSE
INV001177,2018-07-14,Veratorol Ciclovatol,Mood Stabilizers,poznan site,B1807-9965,2020-08-08,room temperature,Poland,287,242,0
INV001178,2018-04-03,Duraprazole Agalsixolol,Antiseptics,Frankfurt Plant,B1804-1207,2021-01-05,CONTROLLED SUBSTANCE,Germany,2350,371,No
INV001179,2017-03-12,Cricane Acamsumab,Antiseptics,Warsaw Plant,B1703-0593,2019-12-09, controlled substance  ,Poland,4625,90,FALSE
INV001180,2017-03-25,Dasagestin,Analgesics,POZNAN SITE,B1703-3770,2018-01-07,room temperature,Poland,2839,267,No
INV001181,2018-12-06,Veratorol Ciclovatol,Mood Stabilizers,POZNAN SITE,B1812-3352,2020-01-13,frozen,Poland,2291,65,No
INV001182,2019-03-18, Aggretisol  ,Antimalarial,Krakow Facility,B1903-0239,2021-03-27,controlled substance,Poland,6443,162,No
INV001183,2019-10-25, Zyvance  ,Analgesics,frankfurt plant,B1910-9256,2020-04-20, Refrigerated  ,Germany,3183,338,No
INV001184,2020-11-20,Topifribrate,Analgesics,Munich Plant,B2011-9711,2022-10-02, frozen  ,Germany,6810,234,No
INV001185,2020-01-30, Vibratosine Alemtrace  ,Antibiotics,krakow facility,B2001-0864,2021-02-06,room temperature,Poland,4338,217,No
INV001186,2017-10-21, Travoloride  ,Antiseptics, Munich Plant  ,B1710-4860,2020-08-28, CONTROLLED SUBSTANCE  ,Germany,7842,133,No
INV001187,2020-02-06,Aspinavir Silovance,Antibiotics,POZNAN SITE,B2002-5385,2022-02-20,REFRIGERATED,Poland,4938,351,0
INV001188,2017-02-01,Testant,Mood Stabilizers,Warsaw Plant,B1702-0788,2019-02-14, ROOM TEMPERATURE  ,Poland,6601,370,No
INV001189,2020-04-25,Novakyn Tracprox,Antiseptics,Poznan Site,B2004-5223,2022-04-12,frozen,Poland,2702,307,FALSE
INV001190,2017-12-08, Interfedox Pilobamol  ,Antiseptics,Frankfurt Plant,B1712-9786,2020-09-11,room temperature,Germany,1823,142,No
INV001191,2017-10-13,Formolovir Amanferon,Analgesics,Munich Plant,B1710-0748,2019-10-06,CONTROLLED SUBSTANCE,Germany,5765,131,FALSE
INV001192,2019-08-20,Halciramine,Antimalarial,frankfurt plant,B1908-0809,2020-03-22, ROOM TEMPERATURE  ,Germany,3851,229,No
INV001193,2019-10-02,Robapril,Antipiretics,Warsaw Plant,B1910-7863,2020-03-17, room temperature  ,Poland,3875,76,No
INV001194,2020-11-24,Abobozolid,Antimalarial, poznan site  ,B2011-7342,2023-02-02, controlled substance  ,Poland,7312,347,0
INV001195,2018-03-22, Metapatch  ,Antipiretics,Krakow Facility,B1803-5988,2018-07-11,REFRIGERATED,Poland,6254,242,No
INV001196,2018-02-12, Zarostral  ,Antipiretics, Warsaw Plant  ,B1802-8382,2018-09-24, controlled substance  ,Poland,7060,179,No
INV001197,2018-03-25, Panpion  ,Antiseptics,Poznan Site,B1803-4134,2018-08-04,CONTROLLED SUBSTANCE,Poland,1283,267,No
INV001198,2019-06-05,Alimmethate Insudase,Analgesics,Krakow Facility,B1906-4622,2020-07-11, room temperature  ,Poland,234,319,0
INV001199,2019-01-18,Ketamara Evogel,Antipiretics, poznan site  ,B1901-3568,2021-02-07,room temperature,Poland,4600,226,No
INV001200,2018-11-30,Benzoprox,Antiseptics,krakow facility,B1811-2075,2019-04-26,Frozen,Poland,8164,284,No
INV001201,2020-03-30, Halcifergen Nevazone  ,Antimalarial, Warsaw Plant  ,B2003-5420,2022-10-07,room temperature,Poland,6395,196,No
INV001202,2019-06-02,Liomulin,Mood Stabilizers,Munich Plant,B1906-7288,2020-01-06,REFRIGERATED,Germany,2183,118,FALSE
INV001203,2017-02-10,Neuropogen Empibax,Analgesics, frankfurt plant  ,B1702-7995,2017-08-22, frozen  ,Germany,7842,124,No
INV001204,2018-01-24,Pazofenac,Mood Stabilizers,KRAKOW FACILITY,B1801-6373,2019-11-12,controlled substance,Poland,9479,236,No
INV001205,2017-06-16,Effidomide Evofribrate,Antiseptics,Warsaw Plant,B1706-9822,2018-02-20,refrigerated,Poland,9656,135,No
INV001206,2019-09-19,Kiovax Tercorolac,Analgesics,Munich Plant,B1909-3493,2022-02-28,refrigerated,Germany,5421,275,No
INV001207,2019-04-22, Penitrana  ,Analgesics, Frankfurt Plant  ,B1904-5508,2019-09-18, REFRIGERATED  ,Germany,1108,383,FALSE
INV001208,2018-02-26,Finanel,Antimalarial, KRAKOW FACILITY  ,B1802-6705,2018-09-26,controlled substance,Poland,3610,77,No
INV001209,2020-04-22,Alemtuvatol Megalinum,Analgesics,KRAKOW FACILITY,B2004-0504,2021-10-16,room temperature,Poland,1706,375,FALSE
INV001210,2019-06-13,Angioparin Brimosumab,Mood Stabilizers,Munich Plant,B1906-4893,2021-03-06,controlled substance,Germany,2328,158,No
INV001211,2019-04-24,Kinovatol,Analgesics, Munich Plant  ,B1904-6723,2021-10-16, Frozen  ,Germany,4300,242,FALSE
INV001212,2019-03-11, Angioparin Brimosumab  ,Mood Stabilizers,munich plant,B1903-3245,2021-04-23,controlled substance,Germany,4425,128,FALSE
INV001213,2017-03-14,Enzastryl,Antiseptics, krakow facility  ,B1703-4702,2018-03-02,ROOM TEMPERATURE,Poland,7914,123,No
INV001214,2020-11-15,Adrecetam Barazoxane,Antimalarial, Poznan Site  ,B2011-8192,2023-10-07, REFRIGERATED  ,Poland,274,299,FALSE
INV001215,2017-11-19,Temasone Thiobucil,Antimalarial,Frankfurt Plant,B1711-4154,2019-10-12,controlled substance,Germany,N/A,307,No
INV001216,2017-12-11,Asparathasone Unipan,Antibiotics,poznan site,B1712-7870,2020-06-02, FROZEN  ,Poland,4412,121,No
INV001217,2019-12-10,Megenorphine,Antimalarial,frankfurt plant,B1912-4785,2020-03-14,refrigerated,Germany,3722,92,No
INV001218,2020-11-11,Interfestar,Antibiotics,munich plant,B2011-3363,2023-04-09,controlled substance,Germany,7299,87,No
INV001219,2017-01-16, Stelazolid  ,Antimalarial, POZNAN SITE  ,B1701-7809,2017-10-07, room temperature  ,Poland,9065,387,No
INV001220,2017-03-25,Aclonuma,Antimalarial,Warsaw Plant,B1703-5650,2017-12-18, Frozen  ,Poland,5548,233,No
INV001221,2020-09-29,Lovepion,Antiseptics,Krakow Facility,B2009-9634,2022-12-01,room temperature,Poland,3942,86,No
INV001222,2020-12-01,Dexmeprazole Transnuvia,Mood Stabilizers, Frankfurt Plant  ,B2012-5955,2022-12-29, room temperature  ,Germany,5111,302,FALSE
INV001223,2019-01-22,Argalazine Abostryl,Antipiretics,Poznan Site,B1901-2162,2019-07-07,room temperature,Poland,7602,265,No
INV001224,2017-04-04,Sumanazole,Analgesics,Munich Plant,B1704-3918,2020-01-01,FROZEN,Germany,3668,340,No
INV001225,2017-07-26,Ampinonide,Antimalarial,Poznan Site,B1707-5296,2019-05-13,controlled substance,Poland,8808,188,FALSE
INV001226,2018-11-21,Dorzovorin Pentadarone,Antimalarial, Poznan Site  ,B1811-2151,2020-10-21,Frozen,Poland,7223,166,FALSE
INV001227,2017-12-09,Abranatal Lysoprosate,Antiseptics,munich plant,B1712-1165,2019-02-02,CONTROLLED SUBSTANCE,Germany,913,387,No
INV001228,2018-02-10,Adriafinil Ehtymara,Antiseptics,Frankfurt Plant,B1802-8058,2018-05-08,controlled substance,Germany,4471,92,No
INV001229,2019-12-03,Lovepion,Antiseptics, KRAKOW FACILITY  ,B1912-3499,2022-07-18,Refrigerated,Poland,8729,167,FALSE
INV001230,2018-05-01,Epzipitant,Analgesics,Poznan Site,B1805-4816,2018-12-05, Frozen  ,Poland,6469,236,No
INV001231,2018-02-02, Amlominphen Dexanovate  ,Analgesics,Warsaw Plant,B1802-1410,2018-07-29,CONTROLLED SUBSTANCE,Poland,799,239,FALSE
INV001232,2019-11-28,Docstryl Rivacin,Antiseptics,frankfurt plant,B1911-2113,2021-12-30,controlled substance,Germany,N/A,380,No
INV001233,2019-04-13,Diprolimus,Antiseptics,poznan site,B1904-3797,2020-12-11,CONTROLLED SUBSTANCE,Poland,1656,136,FALSE
INV001234,2018-03-21, Presetron  ,Mood Stabilizers,FRANKFURT PLANT,B1803-3691,2019-04-17,room temperature,Germany,928,112,FALSE
INV001235,2020-07-28,Requimadin,Antimalarial,Krakow Facility,B2007-0522,2021-08-18,Frozen,Poland,3588,205,No
INV001236,2017-10-26,Lactubucil,Antipiretics,POZNAN SITE,B1710-5494,2020-08-27,ROOM TEMPERATURE,Poland,2002,,No
INV001237,2019-03-12,Argalazine Abostryl,Antipiretics,poznan site,B1903-0507,2021-10-13,room temperature,Poland,8991,86,No
INV001238,2020-02-13,Feruprazole,Mood Stabilizers, Poznan Site  ,B2002-4767,2020-10-15, ROOM TEMPERATURE  ,Poland,4486,195,No
INV001239,2020-11-28,Alemtuvatol Megalinum,Analgesics,krakow facility,B2011-8543,2022-10-13,room temperature,Poland,5242,247,No
INV001240,2017-07-05, Lovephilus  ,Analgesics,Poznan Site,B1707-4314,2018-11-23,room temperature,Poland,9425,287,FALSE
INV001241,2018-01-04, Dexacilin Triline  ,Analgesics,Munich Plant,B1801-3883,2020-11-02,controlled substance,Germany,5894,305,FALSE
INV001242,2020-03-25,Symdocet,Antipiretics, poznan site  ,B2003-5914,2023-01-24,controlled substance,Poland,8015,371,FALSE
INV001243,2020-02-10,Araxetine,Antibiotics,FRANKFURT PLANT,B2002-1216,2021-06-19,refrigerated,Germany,3014,,No
INV001244,2019-09-05,Panpion,Antiseptics, poznan site  ,B1909-0973,2021-04-07,Refrigerated,Poland,350,317,No
INV001245,2017-06-05,Kinovatol,Analgesics,MUNICH PLANT,B1706-7081,2020-05-10, controlled substance  ,Germany,9361,311,No
INV001246,2017-09-08,Insozyme,Antiseptics,Poznan Site,B1709-1633,2020-02-27,Refrigerated,Poland,3415,322,1
INV001247,2018-11-25,Victomax,Analgesics, frankfurt plant  ,B1811-0061,2019-09-04,Refrigerated,Germany,6483,366,No
INV001248,2019-10-13, Asparathasone Unipan  ,Antibiotics,POZNAN SITE,B1910-5817,2020-12-28,Frozen,Poland,8940,71,1
INV001249,2017-01-18,Kinerinex,Antiseptics,Poznan Site,B1701-2965,2019-02-26,refrigerated,Poland,4190,291,No
INV001250,2019-07-06,Biotasol Siloderm,Antiseptics, Frankfurt Plant  ,B1907-0825,2021-11-08,frozen,Germany,5797,98,FALSE
INV001251,2020-02-06,Afretosine,Mood Stabilizers, munich plant  ,B2002-2590,2020-07-24,REFRIGERATED,Germany,7110,212,No
INV001252,2019-01-15,Zarostral,Antipiretics,WARSAW PLANT,B1901-4244,2020-05-23,frozen,Poland,8438,191,No
INV001253,2017-12-04, Travoloride  ,Antiseptics,Munich Plant,B1712-7928,2018-03-16,controlled substance,Germany,1812,283,FALSE
INV001254,2017-11-29,Proderal,Antiseptics,munich plant,B1711-8437,2018-09-15,Refrigerated,Germany,3763,119,FALSE
INV001255,2019-04-21,Amcibax Amcikeran,Analgesics,frankfurt plant,B1904-5774,2021-01-03,controlled substance,Germany,923,132,FALSE
INV001256,2020-12-18,Tetratanyl,Antimalarial,poznan site,B2012-5517,2022-03-01,FROZEN,Poland,6856,169,No
INV001257,2019-11-13,Albuterenone,Antimalarial,Krakow Facility,B1911-5838,2021-12-25,room temperature,Poland,650,65,No
INV001258,2020-10-09,Dasagestin,Analgesics,poznan site,B2010-3812,2022-03-28, Frozen  ,Poland,1466,326,No
INV001259,2018-10-18,Doxivorin,Antimalarial,poznan site,B1810-1282,2019-08-30,FROZEN,Poland,2851,382,No
INV001260,2020-01-01,Relenstrel Exurabine,Antibiotics,WARSAW PLANT,B2001-0378,2021-06-16, controlled substance  ,Poland,2082,59,0
INV001261,2019-07-26,Zynosine,Antimalarial, Warsaw Plant  ,B1907-9359,2020-12-28,refrigerated,Poland,6804,254,FALSE
INV001262,2020-03-17,Amcibax Amcikeran,Analgesics,Frankfurt Plant,B2003-9843,2021-09-10, Refrigerated  ,Germany,3628,395,No
INV001263,2020-08-29,Relenstrel Exurabine,Antibiotics,Warsaw Plant,B2008-4771,2022-01-08,controlled substance,Poland,1591,388,FALSE
INV001264,2017-01-19,Alimmethate Insudase,Analgesics,Krakow Facility,B1701-1127,2017-10-02,refrigerated,Poland,2460,344,No
INV001265,2017-01-28, Ergomethate  ,Mood Stabilizers, munich plant  ,B1701-5568,2017-06-03,controlled substance,Germany,3078,307,No
INV001266,2020-10-28,Imiformin Transmunex,Antibiotics,Frankfurt Plant,B2010-8476,2022-03-15,ROOM TEMPERATURE,Germany,2691,133,No
INV001267,2017-01-04, Aprerase  ,Antipiretics,FRANKFURT PLANT,B1701-7754,2019-12-24,room temperature,Germany,2909,198,No
INV001268,2020-09-23,Clinolan Pitoletra,Mood Stabilizers,Munich Plant,B2009-5871,2021-08-04,room temperature,Germany,6225,307,FALSE
INV001269,2017-02-18, Dantolac Pazocor  ,Analgesics,Warsaw Plant,B1702-8609,2019-12-12,controlled substance,Poland,5694,111,No
INV001270,2017-01-02, Saprodeine Zanprosyn  ,Antibiotics,Poznan Site,B1701-4364,2019-12-31,controlled substance,Poland,4811,217,No
INV001271,2020-02-06,Cordamectin Actolamin,Antipiretics,warsaw plant,B2002-5810,2020-09-23,Refrigerated,Poland,3779,156,No
INV001272,2018-02-26,Primapion,Antibiotics,poznan site,B1802-1385,2021-01-20, refrigerated  ,Poland,7893,208,FALSE
INV001273,2018-10-02,Sodinel Olofribrate,Antimalarial,Warsaw Plant,B1810-8931,2020-08-22,frozen,Poland,7835,254,No
INV001274,2019-05-18, Proderal  ,Antiseptics,Munich Plant,B1905-7719,2019-10-01,Refrigerated,Germany,9947,250,FALSE
INV001275,2017-01-20,Cephovelam,Mood Stabilizers,Munich Plant,B1701-6244,2017-10-22,controlled substance,Germany,3650,297,0
INV001276,2020-08-21,Pentastrin,Antibiotics, frankfurt plant  ,B2008-3602,2021-08-26, controlled substance  ,Germany,768,129,No
INV001277,2018-10-11,Malaxolol Aeroprosyn,Antiseptics,FRANKFURT PLANT,B1810-1023,2020-03-19, controlled substance  ,Germany,3685,183,No
INV001278,2020-02-12,Quixitriptan Alanesin,Antiseptics,Poznan Site,B2002-0778,2020-05-17, controlled substance  ,Poland,4059,324,No
INV001279,2017-08-25,Acelimus,Analgesics,warsaw plant,B1708-0077,2020-05-30,room temperature,Poland,6329,320,No
INV001280,2018-04-30,Pazofenac,Mood Stabilizers, krakow facility  ,B1804-2931,2020-10-23, controlled substance  ,Poland,2904,135,No
INV001281,2019-03-29,Theopril,Antipiretics,krakow facility,B1903-1170,2021-06-22,frozen,Poland,6917,278,No
INV001282,2017-11-01,Halciramine,Antimalarial,Frankfurt Plant,B1711-7037,2019-07-28, room temperature  ,Germany,9393,319,FALSE
INV001283,2019-04-21, Diaxolol  ,Antiseptics,Krakow Facility,B1904-6408,2021-05-29,FROZEN,Poland,2821,354,No
INV001284,2018-02-13,Darlofen,Antipiretics,Poznan Site,B1802-1833,2018-11-14,controlled substance,Poland,9091,116,FALSE
INV001285,2020-01-18,Comzyme,Antibiotics, Warsaw Plant  ,B2001-2933,2020-09-13,controlled substance,Poland,3929,208,FALSE
INV001286,2018-02-11,Cordamectin Actolamin,Antipiretics,warsaw plant,B1802-5970,2020-03-25,FROZEN,Poland,3354,268,No
INV001287,2017-05-01,Oxymotroban Fexoformin,Analgesics,KRAKOW FACILITY,B1705-3221,2017-08-10,Frozen,Poland,6744,277,No
INV001288,2018-02-15,Sanctumine,Antimalarial, warsaw plant  ,B1802-6695,2020-06-24,room temperature,Poland,5915,276,No
INV001289,2018-06-09,Ranediol,Antibiotics,warsaw plant,B1806-5466,2019-12-03, controlled substance  ,Poland,1262,296,No
INV001290,2020-07-07, Antilamin Clinbital  ,Antibiotics,frankfurt plant,B2007-3503,2021-01-28, ROOM TEMPERATURE  ,Germany,4741,221,FALSE
INV001291,2017-07-09,Alpharolac,Antipiretics,frankfurt plant,B1707-6202,2018-09-02, FROZEN  ,Germany,2463,129,0
INV001292,2018-12-10, Aprerase  ,Antipiretics,FRANKFURT PLANT,B1812-8235,2019-02-24,controlled substance,Germany,N/A,311,FALSE
INV001293,2019-08-10,Raparidol,Mood Stabilizers,KRAKOW FACILITY,B1908-4882,2020-04-25, REFRIGERATED  ,Poland,4859,89,No
INV001294,2017-03-12, Travosoline Capolac  ,Antipiretics,Poznan Site,B1703-8805,2020-02-02,room temperature,Poland,6126,322,No
INV001295,2019-05-22, Spiroderall  ,Mood Stabilizers, MUNICH PLANT  ,B1905-9254,2021-02-15,ROOM TEMPERATURE,Germany,5665,111,No
INV001296,2020-10-20,Panpion,Antiseptics,Poznan Site,B2010-7104,2022-11-14, ROOM TEMPERATURE  ,Poland,5686,51,FALSE
INV001297,2020-09-20,Ketamara Evogel,Antipiretics,poznan site,B2009-5142,2021-03-14,controlled substance,Poland,9782,205,No
INV001298,2019-07-21, Xenaderal  ,Mood Stabilizers,Munich Plant,B1907-2826,2020-01-20,REFRIGERATED,Germany,6321,163,No
INV001299,2019-02-15, Biotasol Siloderm  ,Antiseptics,FRANKFURT PLANT,B1902-4610,2019-06-04,Refrigerated,Germany,5770,96,0
INV001300,2017-12-04,Diaxolol,Antiseptics, krakow facility  ,B1712-5138,2019-12-04,Refrigerated,Poland,844,302,FALSE
INV001301,2017-02-04,Ganineva Agenium,Antiseptics,frankfurt plant,B1702-6055,2018-12-06,REFRIGERATED,Germany,7961,218,No
INV001302,2019-05-23,Cephozumab Synmethate,Antibiotics,poznan site,B1905-9154,2020-12-12,FROZEN,Poland,6820,110,No
INV001303,2017-09-04, Ampysin  ,Analgesics, krakow facility  ,B1709-5751,2018-11-11,Frozen,Poland,1513,52,No
INV001304,2018-01-12,Atrabicin Alkerotec,Antiseptics, Krakow Facility  ,B1801-1656,2018-08-27, Refrigerated  ,Poland,1144,323,FALSE
INV001305,2017-11-19,Imiderm Vibranovate,Antipiretics,FRANKFURT PLANT,B1711-7340,2019-03-21,Frozen,Germany,836,284,No
INV001306,2017-03-02,Ganineva Agenium,Antiseptics,FRANKFURT PLANT,B1703-9292,2017-07-26,ROOM TEMPERATURE,Germany,3683,79,No
INV001307,2018-05-21, Adrecetam Barazoxane  ,Antimalarial, Poznan Site  ,B1805-8865,2021-03-04,Frozen,Poland,8598,,No
INV001308,2017-10-31,Dorzovorin Pentadarone,Antimalarial, POZNAN SITE  ,B1710-6286,2019-10-30,room temperature,Poland,3676,323,No
INV001309,2020-08-09,Androporin,Antiseptics,Munich Plant,B2008-8517,2022-11-14,ROOM TEMPERATURE,Germany,7583,139,No
INV001310,2018-12-05,Epzipitant,Analgesics,POZNAN SITE,B1812-7740,2021-01-22,Frozen,Poland,963,138,FALSE
INV001311,2019-11-20, Betanem  ,Analgesics,Poznan Site,B1911-9369,2020-08-11,Frozen,Poland,8140,76,FALSE
INV001312,2019-09-14,Alpharolac,Antipiretics,frankfurt plant,B1909-1042,2020-05-14,Refrigerated,Germany,9323,308,0
INV001313,2018-10-09, Primatate Univatol  ,Mood Stabilizers,Frankfurt Plant,B1810-3732,2019-09-14, controlled substance  ,Germany,6975,174,No
INV001314,2017-09-14,Magnemunex,Antiseptics, Munich Plant  ,B1709-4393,2020-05-01,refrigerated,Germany,2256,64,No
INV001315,2019-02-02, Belavarix Benzabicin  ,Antibiotics,Frankfurt Plant,B1902-3282,2022-01-20,frozen,Germany,7812,69,FALSE
INV001316,2020-10-12, Formolovir Amanferon  ,Analgesics, Munich Plant  ,B2010-9372,2021-11-24, controlled substance  ,Germany,5674,242,FALSE
INV001317,2020-04-10, Tiaracil  ,Antipiretics,Warsaw Plant,B2004-1489,2023-01-19,frozen,Poland,9927,154,No
INV001318,2018-03-03,Invisteride Diclomycin,Mood Stabilizers,frankfurt plant,B1803-8695,2019-03-19,controlled substance,Germany,N/A,50,No
INV001319,2020-12-25,Palodizem,Mood Stabilizers,KRAKOW FACILITY,B2012-0923,2023-09-01, controlled substance  ,Poland,8400,221,0
INV001320,2017-11-07,Lovapur,Mood Stabilizers,krakow facility,B1711-2573,2018-03-05, refrigerated  ,Poland,5599,124,No
INV001321,2018-01-17,Theopril,Antipiretics,KRAKOW FACILITY,B1801-0941,2019-09-01,room temperature,Poland,1691,225,FALSE
INV001322,2018-03-29, Zyvance  ,Analgesics,Frankfurt Plant,B1803-2554,2020-11-20, Refrigerated  ,Germany,2811,85,No
INV001323,2017-01-01,Androporin,Antiseptics, Munich Plant  ,B1701-8397,2019-07-26,ROOM TEMPERATURE,Germany,8029,181,No
INV001324,2017-01-06,Symbiroban,Antibiotics,Poznan Site,B1701-2177,2017-07-28,Frozen,Poland,6919,164,No
INV001325,2017-04-09, Kinenadryl  ,Antipiretics,Poznan Site,B1704-1429,2020-03-24, frozen  ,Poland,9981,162,No
INV001326,2017-02-10,Hemavate Spirolinum,Mood Stabilizers,warsaw plant,B1702-6770,2019-04-30,Frozen,Poland,6517,304,No
INV001327,2020-02-11, Ibrulinum  ,Antipiretics,POZNAN SITE,B2002-6241,2023-01-21,refrigerated,Poland,885,253,No
INV001328,2017-07-11,Temasone Thiobucil,Antimalarial,frankfurt plant,B1707-8301,2018-02-01, room temperature  ,Germany,294,204,No
INV001329,2020-06-14, Decidenu Galantrigine  ,Antipiretics,Munich Plant,B2006-2171,2023-03-29, Frozen  ,Germany,9020,257,0
INV001330,2019-07-19, Finanel  ,Antimalarial, KRAKOW FACILITY  ,B1907-3712,2020-06-03,Refrigerated,Poland,523,115,No
INV001331,2019-01-20, Afretosine  ,Mood Stabilizers,MUNICH PLANT,B1901-6977,2021-01-30, refrigerated  ,Germany,5355,288,No
INV001332,2019-04-11,Darlofen,Antipiretics,poznan site,B1904-5023,2021-03-18,Frozen,Poland,3309,309,FALSE
INV001333,2017-01-29, Effidomide Evofribrate  ,Antiseptics,warsaw plant,B1701-4929,2018-04-14, Frozen  ,Poland,8219,314,No
INV001334,2017-07-06,Temasone Thiobucil,Antimalarial,frankfurt plant,B1707-4245,2020-04-21,Refrigerated,Germany,4590,395,FALSE
INV001335,2020-04-15,Clinicilin Pentozone,Antimalarial,Munich Plant,B2004-6319,2022-01-08, Frozen  ,Germany,665,170,0
INV001336,2020-09-11,Effidomide Evofribrate,Antiseptics,warsaw plant,B2009-2061,2022-08-13,refrigerated,Poland,1689,234,0
INV001337,2019-01-05, Amcibax Amcikeran  ,Analgesics,Frankfurt Plant,B1901-4620,2021-05-14,CONTROLLED SUBSTANCE,Germany,5313,63,FALSE
INV001338,2019-10-21,Halcifergen Nevazone,Antimalarial,Warsaw Plant,B1910-5292,2020-04-02,Refrigerated,Poland,900,153,No
INV001339,2019-12-28,Palodizem,Mood Stabilizers,Krakow Facility,B1912-7048,2022-11-30,CONTROLLED SUBSTANCE,Poland,9719,166,No
INV001340,2017-11-19, Amamadin  ,Antimalarial,Munich Plant,B1711-2529,2018-09-21,controlled substance,Germany,9702,53,0
INV001341,2017-04-02,Kinerinex,Antiseptics, Poznan Site  ,B1704-8550,2018-10-14, room temperature  ,Poland,3588,95,No
INV001342,2019-10-09,Magnemunex,Antiseptics, Munich Plant  ,B1910-8629,2020-01-22,refrigerated,Germany,9693,162,FALSE
INV001343,2017-10-21, Amamadin  ,Antimalarial,Munich Plant,B1710-6626,2019-01-26, room temperature  ,Germany,4905,273,No
INV001344,2020-01-31,Betanem,Analgesics,Poznan Site,B2001-5410,2021-03-03,FROZEN,Poland,2785,288,No
INV001345,2017-05-15,Lovavatol Azelavarix,Mood Stabilizers, Frankfurt Plant  ,B1705-1694,2018-02-23, refrigerated  ,Germany,1747,132,No
INV001346,2017-02-13,Acycpex,Mood Stabilizers, Warsaw Plant  ,B1702-1837,2019-10-27,controlled substance,Poland,3191,262,0
INV001347,2017-09-21, Eproline  ,Antibiotics,FRANKFURT PLANT,B1709-5451,2020-04-08,frozen,Germany,2060,390,No
INV001348,2020-09-05,Finanel,Antimalarial,KRAKOW FACILITY,B2009-1415,2021-11-06, controlled substance  ,Poland,7677,91,FALSE
INV001349,2019-07-29,Cephovelam,Mood Stabilizers,Munich Plant,B1907-3367,2021-07-25,Refrigerated,Germany,9213,182,No
INV001350,2018-06-21,Adideine,Mood Stabilizers,Krakow Facility,B1806-3270,2019-03-06,Frozen,Poland,N/A,393,No
INV001351,2017-12-11,Zarostral,Antipiretics,warsaw plant,B1712-1487,2019-07-07,room temperature,Poland,9122,343,FALSE
INV001352,2017-10-08,Symbisine Prednimadin,Mood Stabilizers,Frankfurt Plant,B1710-4931,2019-10-28,ROOM TEMPERATURE,Germany,6223,372,No
INV001353,2017-10-29,Interfedox Pilobamol,Antiseptics,frankfurt plant,B1710-5975,2018-09-12,controlled substance,Germany,2558,381,No
INV001354,2020-04-03, Menogine  ,Antiseptics,Frankfurt Plant,B2004-0616,2022-05-14,controlled substance,Germany,6679,93,No
INV001355,2020-03-05,Aquamycin Lacoran,Analgesics, WARSAW PLANT  ,B2003-4786,2022-10-08,Refrigerated,Poland,4577,220,0
INV001356,2019-05-05,Nevanide Actozide,Antibiotics,krakow facility,B1905-7776,2021-08-19,Refrigerated,Poland,5792,276,No
INV001357,2017-11-23,Sevoderm,Antipiretics, Munich Plant  ,B1711-3444,2019-09-30, REFRIGERATED  ,Germany,9246,221,FALSE
INV001358,2018-02-28,Alpradipine,Analgesics,munich plant,B1802-0143,2019-08-09, refrigerated  ,Germany,3121,370,FALSE
INV001359,2019-07-27, Abatatriptan  ,Antibiotics,MUNICH PLANT,B1907-3628,2019-12-05,room temperature,Germany,5409,267,No
INV001360,2017-06-10,Claricriptine Adaferol,Antibiotics,frankfurt plant,B1706-1478,2019-10-10,frozen,Germany,8738,272,No
INV001361,2018-09-18, Albuterenone  ,Antimalarial,Krakow Facility,B1809-3901,2021-05-22,room temperature,Poland,5142,394,No
INV001362,2020-03-02,Pitodomide,Antimalarial,Munich Plant,B2003-2140,2022-11-24, frozen  ,Germany,5179,393,No
INV001363,2020-06-13,Magnemunex,Antiseptics,Munich Plant,B2006-4665,2022-11-29,Refrigerated,Germany,8717,183,0
INV001364,2019-09-10,Vibratosine Alemtrace,Antibiotics,krakow facility,B1909-8459,2020-10-02,controlled substance,Poland,1008,97,No
INV001365,2020-05-18, Kinovatol  ,Analgesics,MUNICH PLANT,B2005-0063,2022-08-13,room temperature,Germany,6069,148,No
INV001366,2018-11-28,Solasteride,Mood Stabilizers,Poznan Site,B1811-1968,2019-06-05,Refrigerated,Poland,3144,373,No
INV001367,2020-07-26,Ceftatana Serolamide,Antipiretics,MUNICH PLANT,B2007-9969,2023-03-02,ROOM TEMPERATURE,Germany,8792,201,No
INV001368,2018-12-29, Diprotaine  ,Antiseptics,Frankfurt Plant,B1812-7150,2020-12-18, Frozen  ,Germany,1552,214,Yes
INV001369,2018-10-11,Factofribrate,Mood Stabilizers,Frankfurt Plant,B1810-0456,2019-03-22,controlled substance,Germany,N/A,298,No
INV001370,2020-09-09,Abtasol,Antiseptics,Munich Plant,B2009-6053,2021-10-21,ROOM TEMPERATURE,Germany,921,190,0
INV001371,2019-02-26,Brimorix Amonine,Antibiotics,munich plant,B1902-4287,2021-02-24,Refrigerated,Germany,7416,127,FALSE
INV001372,2019-03-06,Ketamara Evogel,Antipiretics, Poznan Site  ,B1903-8654,2021-05-12,room temperature,Poland,N/A,181,FALSE
INV001373,2019-03-03, Testant  ,Mood Stabilizers,Warsaw Plant,B1903-7966,2020-01-26,CONTROLLED SUBSTANCE,Poland,2038,103,No
INV001374,2019-04-12,Feruprazole,Mood Stabilizers,poznan site,B1904-7600,2021-10-19,Refrigerated,Poland,3005,116,FALSE
INV001375,2019-09-19,Androporin,Antiseptics,Munich Plant,B1909-3866,2021-04-04, controlled substance  ,Germany,5552,346,FALSE
INV001376,2020-05-17, Spiroderall  ,Mood Stabilizers,Munich Plant,B2005-6783,2022-01-30,ROOM TEMPERATURE,Germany,8715,239,No
INV001377,2018-04-19,Proderal,Antiseptics,munich plant,B1804-8114,2020-01-21,room temperature,Germany,516,93,No
INV001378,2017-10-08, Abobozolid  ,Antimalarial,poznan site,B1710-4915,2018-11-11,room temperature,Poland,2939,305,No
INV001379,2018-02-18,Diazemid Felcept,Analgesics,warsaw plant,B1802-7346,2019-01-10, room temperature  ,Poland,8009,188,No
INV001380,2017-12-31,Amlominphen Dexanovate,Analgesics, Warsaw Plant  ,B1712-1679,2019-02-02,controlled substance,Poland,2075,393,No
INV001381,2018-02-08,Afaxacin,Analgesics, KRAKOW FACILITY  ,B1802-7649,2020-12-06,room temperature,Poland,4980,67,No
INV001382,2019-05-20,Afretosine,Mood Stabilizers,munich plant,B1905-2542,2020-04-10,controlled substance,Germany,2106,200,No
INV001383,2020-12-28,Araxetine,Antibiotics,FRANKFURT PLANT,B2012-3064,2021-03-14,frozen,Germany,9741,273,No
INV001384,2018-10-11,Ceftatana Serolamide,Antipiretics, Munich Plant  ,B1810-7057,2019-08-26,ROOM TEMPERATURE,Germany,3698,214,FALSE
INV001385,2017-05-08,Pentastrin,Antibiotics,Frankfurt Plant,B1705-8686,2019-04-20, frozen  ,Germany,6920,329,No
INV001386,2019-03-22,Xenaderal,Mood Stabilizers,munich plant,B1903-3610,2020-05-06,frozen,Germany,664,271,No
INV001387,2020-03-14,Afluferon Entrarenone,Antimalarial,POZNAN SITE,B2003-0982,2021-12-17, room temperature  ,Poland,404,381,No
INV001388,2017-09-28,Choriotrisin,Antibiotics, WARSAW PLANT  ,B1709-7674,2020-03-21,controlled substance,Poland,4727,395,FALSE
INV001389,2020-03-07,Adriafinil Ehtymara,Antiseptics,Frankfurt Plant,B2003-1998,2022-12-13,controlled substance,Germany,271,238,No
INV001390,2020-12-27, Decidenu Galantrigine  ,Antipiretics,Munich Plant,B2012-5750,2023-11-04,room temperature,Germany,4714,,No
INV001391,2019-12-15,Ampysin,Analgesics, Krakow Facility  ,B1912-3300,2020-09-03,CONTROLLED SUBSTANCE,Poland,8583,147,FALSE
INV001392,2019-12-08,Cyclovital,Antimalarial,MUNICH PLANT,B1912-6240,2021-01-15,frozen,Germany,2069,177,FALSE
INV001393,2019-12-25,Palodizem,Mood Stabilizers,Krakow Facility,B1912-5236,2021-04-04, CONTROLLED SUBSTANCE  ,Poland,2872,347,No
INV001394,2019-05-09, Pentastrin  ,Antibiotics,frankfurt plant,B1905-6935,2021-11-12,room temperature,Germany,3785,179,No
INV001395,2019-10-31, Ribabyclor  ,Antiseptics, warsaw plant  ,B1910-3210,2022-03-18,Frozen,Poland,6110,345,No
INV001396,2020-11-11, Lansostral Acgestin  ,Antiseptics, Munich Plant  ,B2011-9375,2022-11-28, CONTROLLED SUBSTANCE  ,Germany,6358,137,No
INV001397,2018-07-23,Afaxacin,Analgesics, Krakow Facility  ,B1807-3769,2021-06-26,FROZEN,Poland,6544,,No
INV001398,2017-06-05, Ceretosine  ,Antiseptics,Poznan Site,B1706-0259,2019-07-04,controlled substance,Poland,3874,130,No
INV001399,2020-10-08,Atrabicin Alkerotec,Antiseptics,KRAKOW FACILITY,B2010-2510,2021-08-29, controlled substance  ,Poland,3339,137,No
INV001400,2018-10-24,Saprodeine Zanprosyn,Antibiotics,POZNAN SITE,B1810-9543,2021-03-25,frozen,Poland,6129,278,FALSE
INV001401,2019-11-02,Lovepion,Antiseptics,krakow facility,B1911-4285,2020-08-06,Frozen,Poland,9657,283,FALSE
INV001402,2020-09-29,Ibruferon,Antiseptics,FRANKFURT PLANT,B2009-6079,2022-05-25,controlled substance,Germany,2381,192,No
INV001403,2019-10-25, Syntheruvax Proracin  ,Antimalarial,Warsaw Plant,B1910-1676,2020-04-25,FROZEN,Poland,3108,147,No
INV001404,2017-01-15, Hydroxyprosyn  ,Antibiotics, Poznan Site  ,B1701-0191,2019-10-11, Refrigerated  ,Poland,N/A,183,FALSE
INV001405,2018-01-21, Thalilamide  ,Antibiotics,WARSAW PLANT,B1801-4486,2019-05-31,frozen,Poland,1386,117,No
INV001406,2018-01-17,Ibruferon,Antiseptics,frankfurt plant,B1801-8040,2020-04-10,CONTROLLED SUBSTANCE,Germany,1480,270,FALSE
INV001407,2019-12-17,Lioletine Refliruvax,Analgesics,munich plant,B1912-4719,2022-11-04,REFRIGERATED,Germany,2683,91,Yes
INV001408,2017-06-22,Ribabyclor,Antiseptics,Warsaw Plant,B1706-4899,2018-07-31,CONTROLLED SUBSTANCE,Poland,2188,260,No
INV001409,2017-05-08,Angioparin Brimosumab,Mood Stabilizers,Munich Plant,B1705-3893,2018-06-24,room temperature,Germany,4090,194,No
INV001410,2017-09-30, Malavirine Alimdine  ,Mood Stabilizers,MUNICH PLANT,B1709-7389,2019-07-28,Frozen,Germany,6100,379,No
INV001411,2017-01-15,Agalsiline,Mood Stabilizers, Warsaw Plant  ,B1701-4577,2019-09-27, refrigerated  ,Poland,8198,180,No
INV001412,2018-11-12,Claricriptine Adaferol,Antibiotics, Frankfurt Plant  ,B1811-2396,2021-07-24, Refrigerated  ,Germany,8768,99,No
INV001413,2019-12-03,Travoloride,Antiseptics,munich plant,B1912-1107,2021-04-27,Frozen,Germany,4127,224,No
INV001414,2018-03-14,Proprabax,Analgesics,Warsaw Plant,B1803-3082,2020-07-23,room temperature,Poland,7617,266,FALSE
INV001415,2017-05-30, Flutacerol  ,Analgesics, frankfurt plant  ,B1705-8413,2020-02-20,room temperature,Germany,N/A,68,FALSE
INV001416,2020-11-12,Palodizem,Mood Stabilizers,KRAKOW FACILITY,B2011-1048,2023-08-11,controlled substance,Poland,9998,367,FALSE
INV001417,2018-06-01,Angioparin Brimosumab,Mood Stabilizers,MUNICH PLANT,B1806-7440,2019-08-03, Frozen  ,Germany,8523,138,No
INV001418,2018-10-01,Aquamycin Lacoran,Analgesics, Warsaw Plant  ,B1810-1952,2018-12-09,Refrigerated,Poland,4211,319,FALSE
INV001419,2020-12-10,Fentalac,Antipiretics, warsaw plant  ,B2012-3673,2021-09-08,Frozen,Poland,1637,196,No
INV001420,2020-10-05,Decidenu Galantrigine,Antipiretics,munich plant,B2010-9424,2021-03-20,ROOM TEMPERATURE,Germany,N/A,371,No
INV001421,2018-03-23,Antaparin Varizyme,Mood Stabilizers, Munich Plant  ,B1803-1718,2019-09-22,ROOM TEMPERATURE,Germany,4818,102,No
INV001422,2018-11-06,Decidenu Galantrigine,Antipiretics, Munich Plant  ,B1811-9811,2021-02-18,Refrigerated,Germany,9801,258,No
INV001423,2019-02-05,Docstryl Rivacin,Antiseptics,FRANKFURT PLANT,B1902-3350,2019-07-23,Frozen,Germany,8230,226,No
INV001424,2018-11-19, Requimadin  ,Antimalarial,Krakow Facility,B1811-2427,2020-12-03,controlled substance,Poland,868,288,No
INV001425,2020-05-21,Ampysin,Analgesics, krakow facility  ,B2005-8168,2023-02-14, Frozen  ,Poland,5317,224,FALSE
INV001426,2017-03-30,Tesnorphine Silotamine,Antibiotics,Munich Plant,B1703-9544,2018-05-05,CONTROLLED SUBSTANCE,Germany,1157,386,FALSE
INV001427,2018-02-06,Adrecetam Barazoxane,Antimalarial,poznan site,B1802-8146,2019-07-29,Refrigerated,Poland,6093,124,No
INV001428,2018-11-09, Malavirine Alimdine  ,Mood Stabilizers,munich plant,B1811-5032,2019-01-29,controlled substance,Germany,2652,243,No
INV001429,2020-02-19,Lansostral Acgestin,Antiseptics,munich plant,B2002-2642,2020-08-24,Refrigerated,Germany,2559,218,No
INV001430,2020-11-22, Proderal  ,Antiseptics,Munich Plant,B2011-9230,2023-03-23, controlled substance  ,Germany,845,344,No
INV001431,2017-04-26,Tetratanyl,Antimalarial,poznan site,B1704-5575,2018-08-22, room temperature  ,Poland,566,374,FALSE
INV001432,2017-02-12,Algluconium Dorzofoxin,Antibiotics,Munich Plant,B1702-1251,2019-07-22,Refrigerated,Germany,3020,222,No
INV001433,2018-04-27, Ionclotide  ,Analgesics,krakow facility,B1804-5187,2018-10-10,FROZEN,Poland,4077,169,1
INV001434,2020-08-15,Halciramine,Antimalarial,frankfurt plant,B2008-5648,2021-03-14,Refrigerated,Germany,1874,108,No
INV001435,2019-01-19,Interfestar,Antibiotics,MUNICH PLANT,B1901-2881,2021-10-08, room temperature  ,Germany,1650,139,Yes
INV001436,2017-01-01,Malavirine Alimdine,Mood Stabilizers,Munich Plant,B1701-9425,2018-01-31,controlled substance,Germany,1955,,No
INV001437,2018-07-24,Ranediol,Antibiotics,Warsaw Plant,B1807-4785,2020-01-08,Refrigerated,Poland,2136,301,0
INV001438,2019-12-01, Decidenu Galantrigine  ,Antipiretics,MUNICH PLANT,B1912-0672,2022-11-12,Frozen,Germany,9439,261,No
INV001439,2018-03-28,Doxivorin,Antimalarial, Poznan Site  ,B1803-2904,2020-11-01, room temperature  ,Poland,7641,385,FALSE
INV001440,2018-12-12, Quiniprosyn  ,Antiseptics, MUNICH PLANT  ,B1812-7888,2020-01-31, controlled substance  ,Germany,774,186,FALSE
INV001441,2018-06-09, Abranatal Lysoprosate  ,Antiseptics,munich plant,B1806-5807,2019-09-02,frozen,Germany,9267,249,No
INV001442,2020-01-22, Belavarix Benzabicin  ,Antibiotics,FRANKFURT PLANT,B2001-9873,2021-06-01,room temperature,Germany,8719,68,No
INV001443,2017-03-12, Relenstrel Exurabine  ,Antibiotics,WARSAW PLANT,B1703-8272,2020-03-02,CONTROLLED SUBSTANCE,Poland,2779,201,FALSE
INV001444,2018-10-10,Travosoline Capolac,Antipiretics,Poznan Site,B1810-8225,2021-02-20,Frozen,Poland,9278,,FALSE
INV001445,2020-10-28,Alarudin Azarolac,Mood Stabilizers, warsaw plant  ,B2010-8785,2021-03-31,CONTROLLED SUBSTANCE,Poland,5617,201,No
INV001446,2019-05-19,Abobozolid,Antimalarial, Poznan Site  ,B1905-0378,2022-04-02, room temperature  ,Poland,913,166,No
INV001447,2018-02-07,Dexmeprazole Transnuvia,Mood Stabilizers,FRANKFURT PLANT,B1802-5702,2018-04-22,Frozen,Germany,2405,238,No
INV001448,2018-01-04,Liomulin,Mood Stabilizers,MUNICH PLANT,B1801-2976,2019-09-02, frozen  ,Germany,4716,212,No
INV001449,2020-06-01,Travoloride,Antiseptics, Munich Plant  ,B2006-4409,2022-11-17,Refrigerated,Germany,4780,95,FALSE
INV001450,2018-01-05,Dexmebital Acanplan,Analgesics,poznan site,B1801-0798,2019-06-04,ROOM TEMPERATURE,Poland,5743,126,FALSE
INV001451,2017-09-25,Afluferon Entrarenone,Antimalarial,Poznan Site,B1709-3502,2019-02-24,Refrigerated,Poland,652,200,No
INV001452,2020-10-05, Symbitrim  ,Analgesics,Munich Plant,B2010-2586,2021-06-18,Refrigerated,Germany,3716,380,No
INV001453,2017-05-31,Hydroxyprosyn,Antibiotics,POZNAN SITE,B1705-4925,2018-04-09,room temperature,Poland,1862,307,No
INV001454,2020-08-20,Spiroderall,Mood Stabilizers,Munich Plant,B2008-4739,2020-10-28,room temperature,Germany,3900,241,No
INV001455,2018-01-08,Fentatrol Rapatelase,Antibiotics, frankfurt plant  ,B1801-9227,2020-02-28, REFRIGERATED  ,Germany,8128,132,No
INV001456,2020-01-23, Epzipitant  ,Analgesics,poznan site,B2001-1619,2021-11-10,ROOM TEMPERATURE,Poland,7222,356,No
INV001457,2018-02-05,Victomine,Antimalarial, Krakow Facility  ,B1802-0453,2020-07-25,room temperature,Poland,8883,214,No
INV001458,2017-06-26,Pulmodiol Adalaxime,Analgesics, Munich Plant  ,B1706-7327,2018-10-04, FROZEN  ,Germany,7636,324,No
INV001459,2018-09-22, Apronazol  ,Antibiotics,krakow facility,B1809-2139,2021-06-20,Frozen,Poland,4623,67,0
INV001460,2018-08-11,Interfestar,Antibiotics,MUNICH PLANT,B1808-8292,2019-08-24,Refrigerated,Germany,8616,367,0
INV001461,2017-09-29,Kinerinex,Antiseptics, Poznan Site  ,B1709-6033,2020-08-22,ROOM TEMPERATURE,Poland,6284,136,No
INV001462,2017-06-25,Sevotrana Tiafoxin,Analgesics,krakow facility,B1706-6857,2018-01-20,room temperature,Poland,8577,104,No
INV001463,2018-01-23, Methiclotide  ,Antibiotics,Munich Plant,B1801-6732,2018-05-25, controlled substance  ,Germany,4793,273,No
INV001464,2018-03-25,Diaxolol,Antiseptics,Krakow Facility,B1803-8430,2020-09-02, Refrigerated  ,Poland,7140,167,No
INV001465,2018-05-12,Pentastrin,Antibiotics,Frankfurt Plant,B1805-7346,2019-07-17,FROZEN,Germany,8811,269,FALSE
INV001466,2020-01-17,Exotropin Empizine,Mood Stabilizers,POZNAN SITE,B2001-9756,2021-02-02,room temperature,Poland,9461,104,No
INV001467,2020-02-29,Ergomethate,Mood Stabilizers, Munich Plant  ,B2002-4735,2021-03-05, room temperature  ,Germany,7421,303,No
INV001468,2020-03-14, Ketamara Evogel  ,Antipiretics, Poznan Site  ,B2003-3764,2022-05-01,REFRIGERATED,Poland,5282,361,No
INV001469,2017-08-26, Spiroderall  ,Mood Stabilizers,Munich Plant,B1708-9640,2018-12-08, Frozen  ,Germany,5545,241,No
INV001470,2020-02-29,Amcibax Amcikeran,Analgesics,Frankfurt Plant,B2002-2605,2022-01-23, Refrigerated  ,Germany,4770,211,No
INV001471,2020-03-27,Ketastadil,Analgesics,frankfurt plant,B2003-7786,2021-12-06,REFRIGERATED,Germany,2711,374,FALSE
INV001472,2017-04-05,Ampysin,Analgesics,Krakow Facility,B1704-0602,2019-02-14,controlled substance,Poland,612,160,No
INV001473,2017-06-15,Abtasol,Antiseptics,MUNICH PLANT,B1706-0249,2019-02-14,controlled substance,Germany,7497,70,No
INV001474,2018-02-09, Dexacilin Triline  ,Analgesics, MUNICH PLANT  ,B1802-6194,2020-06-30,REFRIGERATED,Germany,5897,306,No
INV001475,2020-04-29,Afinitasol,Antipiretics,MUNICH PLANT,B2004-2533,2022-01-16,controlled substance,Germany,1524,275,FALSE
INV001476,2019-11-29, Propralamide Dexlanzolam  ,Mood Stabilizers,KRAKOW FACILITY,B1911-3327,2022-02-10,controlled substance,Poland,N/A,389,FALSE
INV001477,2020-09-16,Duraprazole Agalsixolol,Antiseptics,FRANKFURT PLANT,B2009-8853,2021-07-21,Refrigerated,Germany,5074,,No
INV001478,2020-06-22, Kinenadryl  ,Antipiretics,Poznan Site,B2006-1614,2021-10-19,room temperature,Poland,5051,259,No
INV001479,2019-09-26,Formolovir Amanferon,Analgesics,munich plant,B1909-4037,2022-03-09, Frozen  ,Germany,3673,172,Yes
INV001480,2020-03-27, Dexmeprazole Transnuvia  ,Mood Stabilizers,Frankfurt Plant,B2003-7969,2022-10-07,room temperature,Germany,636,249,No
INV001481,2019-01-09,Pulmogen Alitora,Antiseptics, Frankfurt Plant  ,B1901-7949,2021-03-09,FROZEN,Germany,6065,195,FALSE
INV001482,2020-09-12, Kinerinex  ,Antiseptics,POZNAN SITE,B2009-9003,2021-01-30,controlled substance,Poland,7165,226,No
INV001483,2018-12-06,Zynosine,Antimalarial,Warsaw Plant,B1812-5377,2021-05-17, controlled substance  ,Poland,6105,284,FALSE
INV001484,2019-02-10,Effigine Propraprex,Antimalarial, Frankfurt Plant  ,B1902-8946,2021-10-05,controlled substance,Germany,4851,237,FALSE
INV001485,2017-11-10,Acycnafine Microvate,Mood Stabilizers,Frankfurt Plant,B1711-8582,2018-04-10, ROOM TEMPERATURE  ,Germany,7513,303,FALSE
INV001486,2019-05-03,Aspinavir Silovance,Antibiotics, poznan site  ,B1905-2778,2020-05-02,refrigerated,Poland,7655,331,No
INV001487,2017-03-09,Malaxolol Aeroprosyn,Antiseptics,Frankfurt Plant,B1703-9351,2017-09-14,Frozen,Germany,8730,338,No
INV001488,2018-02-20,Androporin,Antiseptics, munich plant  ,B1802-7286,2019-12-01,controlled substance,Germany,4367,175,FALSE
INV001489,2017-11-02, Victomax  ,Analgesics,Frankfurt Plant,B1711-5309,2019-01-16,controlled substance,Germany,1056,113,FALSE
INV001490,2019-04-25,Apromin,Antiseptics,Poznan Site,B1904-0525,2021-11-07,ROOM TEMPERATURE,Poland,8935,273,FALSE
INV001491,2020-01-30,Palodizem,Mood Stabilizers,krakow facility,B2001-4832,2020-11-22,refrigerated,Poland,5127,122,No
INV001492,2018-09-06, Abobozolid  ,Antimalarial,Poznan Site,B1809-8422,2021-04-29,controlled substance,Poland,9558,216,0
INV001493,2020-08-29,Alglutriptan,Analgesics,Poznan Site,B2008-5959,2022-04-09,Frozen,Poland,3003,111,FALSE
INV001494,2018-12-09,Penitrana,Analgesics,FRANKFURT PLANT,B1812-3437,2020-01-12, refrigerated  ,Germany,6394,344,No
INV001495,2019-03-01,Syntheruvax Proracin,Antimalarial,Warsaw Plant,B1903-2546,2020-06-10, controlled substance  ,Poland,4868,332,No
INV001496,2019-03-27,Tiaracil,Antipiretics,WARSAW PLANT,B1903-4462,2020-03-10, Frozen  ,Poland,8398,169,No
INV001497,2017-11-22,Methiclotide,Antibiotics,munich plant,B1711-1761,2020-01-15,room temperature,Germany,392,288,No
INV001498,2018-03-16,Fosinofen,Antipiretics,MUNICH PLANT,B1803-1663,2018-08-11,Frozen,Germany,1062,378,No
INV001499,2018-05-15, Hydroxyprosyn  ,Antibiotics, Poznan Site  ,B1805-4727,2021-01-25,ROOM TEMPERATURE,Poland,328,345,No
INV001500,2017-10-07, Exotropin Empizine  ,Mood Stabilizers,poznan site,B1710-0696,2020-06-09, ROOM TEMPERATURE  ,Poland,6958,233,FALSE
INV001501,2020-12-23, Arivac  ,Antimalarial, Frankfurt Plant  ,B2012-5078,2022-07-04, controlled substance  ,Germany,4900,230,No
INV001502,2019-05-15, Cricane Acamsumab  ,Antiseptics,warsaw plant,B1905-4980,2021-11-23,REFRIGERATED,Poland,N/A,331,No
INV001503,2020-10-22, Lioletine Refliruvax  ,Analgesics,MUNICH PLANT,B2010-0492,2021-04-02,CONTROLLED SUBSTANCE,Germany,8627,347,No
INV001504,2017-12-25,Ibrulinum,Antipiretics,Poznan Site,B1712-2463,2019-09-30, Frozen  ,Poland,9002,251,No
INV001505,2017-11-09, Symbitrim  ,Analgesics,munich plant,B1711-7292,2020-11-07, controlled substance  ,Germany,6265,69,No
INV001506,2017-11-04,Lacoplex Hyaluvance,Mood Stabilizers,Munich Plant,B1711-7958,2018-03-12,room temperature,Germany,7946,386,No
INV001507,2020-11-01, Cephozumab Synmethate  ,Antibiotics, poznan site  ,B2011-5126,2021-09-11,room temperature,Poland,6408,204,No
INV001508,2019-02-26,Lacoplex Hyaluvance,Mood Stabilizers,MUNICH PLANT,B1902-7355,2020-10-12,room temperature,Germany,5754,241,No
INV001509,2020-08-07,Zonixamine Immulinum,Analgesics,Munich Plant,B2008-0377,2022-09-14,frozen,Germany,662,232,No
INV001510,2019-01-03,Solasteride,Mood Stabilizers,Poznan Site,B1901-8962,2021-09-03,CONTROLLED SUBSTANCE,Poland,5809,112,FALSE
INV001511,2017-07-07,Zynosine,Antimalarial,Warsaw Plant,B1707-5847,2018-06-01,Refrigerated,Poland,1754,386,No
INV001512,2017-12-21,Megenorphine,Antimalarial,Frankfurt Plant,B1712-9167,2018-07-02,Refrigerated,Germany,2376,112,0
INV001513,2020-05-18,Allomenda,Antipiretics,Poznan Site,B2005-3139,2021-02-19,FROZEN,Poland,7254,373,No
INV001514,2018-01-16,Ultrimax Ultriset,Antiseptics,Krakow Facility,B1801-9718,2020-04-23, Frozen  ,Poland,8559,82,FALSE
INV001515,2020-12-15,Doxivorin,Antimalarial,Poznan Site,B2012-4060,2021-08-26,Refrigerated,Poland,3062,118,No
INV001516,2019-06-14,Tetalamide,Antibiotics, Frankfurt Plant  ,B1906-8278,2021-08-28,Refrigerated,Germany,6945,235,No
INV001517,2018-05-04,Lansopril Acribax,Antipiretics,Poznan Site,B1805-8356,2020-10-01,room temperature,Poland,7749,153,FALSE
INV001518,2019-08-29,Lovavatol Azelavarix,Mood Stabilizers, frankfurt plant  ,B1908-6563,2022-02-15,frozen,Germany,1312,74,No
INV001519,2017-11-28, Lioletine Refliruvax  ,Analgesics,Munich Plant,B1711-6029,2020-11-16,room temperature,Germany,9242,396,FALSE
INV001520,2020-04-30,Epzipitant,Analgesics, Poznan Site  ,B2004-4502,2023-04-25,Refrigerated,Poland,6661,61,No
INV001521,2018-10-14, Pitodomide  ,Antimalarial,munich plant,B1810-8131,2021-04-29,controlled substance,Germany,1576,67,No
INV001522,2017-09-20,Alimmethate Insudase,Analgesics,Krakow Facility,B1709-7362,2019-07-30,FROZEN,Poland,4547,219,No
INV001523,2019-03-05, Effigine Propraprex  ,Antimalarial, FRANKFURT PLANT  ,B1903-0103,2019-08-25,frozen,Germany,1718,50,No
INV001524,2017-04-20, Symbiroban  ,Antibiotics, poznan site  ,B1704-4765,2020-03-16,room temperature,Poland,8007,209,No
INV001525,2017-06-01,Symbitrim,Analgesics,MUNICH PLANT,B1706-6378,2018-08-19, refrigerated  ,Germany,4238,147,No
INV001526,2017-04-04,Diazemid Felcept,Analgesics,Warsaw Plant,B1704-3218,2019-02-03,FROZEN,Poland,9377,55,No
INV001527,2017-01-22,Antilamin Clinbital,Antibiotics,Frankfurt Plant,B1701-2166,2017-07-08,room temperature,Germany,340,147,FALSE
INV001528,2018-01-17,Abatatriptan,Antibiotics, Munich Plant  ,B1801-0025,2018-05-24,Frozen,Germany,1293,388,0
INV001529,2019-12-14,Adtiza Gammaluble,Antibiotics, WARSAW PLANT  ,B1912-6753,2021-01-31,REFRIGERATED,Poland,503,282,No
INV001530,2020-03-08,Rebedase Aplencor,Mood Stabilizers,Munich Plant,B2003-2172,2021-07-14, REFRIGERATED  ,Germany,3746,118,FALSE
INV001531,2017-09-17,Aquamycin Lacoran,Analgesics, Warsaw Plant  ,B1709-2303,2020-04-12,frozen,Poland,5896,102,No
INV001532,2018-03-02,Atrabicin Alkerotec,Antiseptics, krakow facility  ,B1803-7815,2020-07-01,Refrigerated,Poland,3524,78,No
INV001533,2020-10-15,Panpion,Antiseptics,poznan site,B2010-3027,2023-08-14, CONTROLLED SUBSTANCE  ,Poland,3365,387,No
INV001534,2018-10-18, Dantocept Ferurenone  ,Antiseptics,Warsaw Plant,B1810-6710,2021-03-14,controlled substance,Poland,6169,113,FALSE
INV001535,2019-11-15,Tesnorphine Silotamine,Antibiotics,Munich Plant,B1911-7323,2022-02-16,controlled substance,Germany,4625,302,0
INV001536,2020-05-19, Amlominphen Dexanovate  ,Analgesics, Warsaw Plant  ,B2005-4986,2022-07-30,refrigerated,Poland,955,390,No
INV001537,2018-10-18,Symbisine Prednimadin,Mood Stabilizers,Frankfurt Plant,B1810-6440,2021-06-21, room temperature  ,Germany,7065,155,FALSE
INV001538,2018-07-14,Topifribrate,Analgesics,Munich Plant,B1807-7077,2018-11-18,Frozen,Germany,8208,383,No
INV001539,2019-10-11,Dantocept Ferurenone,Antiseptics, Warsaw Plant  ,B1910-2386,2022-05-31,ROOM TEMPERATURE,Poland,2837,376,FALSE
INV001540,2018-02-22,Adrecetam Barazoxane,Antimalarial,POZNAN SITE,B1802-3929,2020-07-23,FROZEN,Poland,6925,383,FALSE
INV001541,2018-01-07,Adideine,Mood Stabilizers,Krakow Facility,B1801-5050,2020-04-29, room temperature  ,Poland,1494,211,No
INV001542,2017-07-10, Effidomide Evofribrate  ,Antiseptics,Warsaw Plant,B1707-6328,2018-08-01,controlled substance,Poland,1457,116,FALSE
INV001543,2017-02-09, Metapatch  ,Antipiretics, Krakow Facility  ,B1702-1515,2019-12-28,room temperature,Poland,6748,244,FALSE
INV001544,2020-10-20,Angioparin Brimosumab,Mood Stabilizers,Munich Plant,B2010-6301,2022-03-17, REFRIGERATED  ,Germany,1083,203,FALSE
INV001545,2018-02-08,Afinitasol,Antipiretics, Munich Plant  ,B1802-2278,2021-01-16,room temperature,Germany,8300,147,No
INV001546,2018-01-21,Interfeferon Aspipex,Antiseptics,Frankfurt Plant,B1801-0186,2018-08-08, Frozen  ,Germany,9516,165,No
INV001547,2019-10-10, Interfedox Pilobamol  ,Antiseptics,Frankfurt Plant,B1910-9989,2020-08-28, REFRIGERATED  ,Germany,3024,112,No
INV001548,2017-09-11,Choriotrisin,Antibiotics,Warsaw Plant,B1709-2394,2019-08-13,refrigerated,Poland,6342,308,No
INV001549,2017-09-06,Adalatamine,Antiseptics,poznan site,B1709-4754,2019-03-05,Refrigerated,Poland,9716,171,No
INV001550,2018-08-20,Lansostral Acgestin,Antiseptics,Munich Plant,B1808-0212,2021-05-11, room temperature  ,Germany,5981,70,No
INV001551,2020-04-24,Topitaine,Mood Stabilizers,frankfurt plant,B2004-3535,2021-02-01,controlled substance,Germany,6679,199,No
INV001552,2019-10-15,Docstryl Rivacin,Antiseptics, Frankfurt Plant  ,B1910-7611,2021-12-05,room temperature,Germany,2246,113,0
INV001553,2020-03-24,Acelimus,Analgesics,Warsaw Plant,B2003-9832,2022-09-29,controlled substance,Poland,9146,78,No
INV001554,2017-04-03,Imiderm Vibranovate,Antipiretics,Frankfurt Plant,B1704-5971,2018-08-27,Refrigerated,Germany,4896,155,No
INV001555,2017-10-08, Magneprex  ,Antimalarial, krakow facility  ,B1710-1120,2019-05-03,Frozen,Poland,9516,395,0
INV001556,2017-11-13,Antaparin Varizyme,Mood Stabilizers,MUNICH PLANT,B1711-4061,2018-03-27, ROOM TEMPERATURE  ,Germany,6303,90,No
INV001557,2017-06-21,Exotropin Empizine,Mood Stabilizers,Poznan Site,B1706-7014,2020-01-16,controlled substance,Poland,9482,216,No
INV001558,2020-12-02,Propratecan,Antimalarial,Krakow Facility,B2012-8228,2022-12-07,room temperature,Poland,7001,294,No
INV001559,2020-12-13,Acycpex,Mood Stabilizers,Warsaw Plant,B2012-0426,2021-06-17,room temperature,Poland,2486,92,No
INV001560,2018-10-03,Darlofen,Antipiretics,Poznan Site,B1810-7021,2021-08-24, Refrigerated  ,Poland,2623,277,No
INV001561,2019-12-09,Choriotrisin,Antibiotics,Warsaw Plant,B1912-3314,2020-10-18,refrigerated,Poland,6079,237,0
INV001562,2020-12-09,Argalazine Abostryl,Antipiretics,poznan site,B2012-4859,2023-10-05,Frozen,Poland,8859,127,0
INV001563,2017-06-14,Alisteride Pemidizem,Antiseptics,Poznan Site,B1706-8700,2019-08-18, room temperature  ,Poland,4381,81,No
INV001564,2018-04-25,Lioletine Refliruvax,Analgesics,Munich Plant,B1804-7369,2019-07-12,Refrigerated,Germany,4930,224,FALSE
INV001565,2018-02-23,Lansopril Acribax,Antipiretics,poznan site,B1802-9226,2020-08-23,controlled substance,Poland,9734,220,FALSE
INV001566,2017-10-15,Exotropin Empizine,Mood Stabilizers, Poznan Site  ,B1710-8578,2020-03-11,REFRIGERATED,Poland,1262,303,No
INV001567,2019-10-02,Lovepion,Antiseptics,KRAKOW FACILITY,B1910-9696,2021-05-27,Refrigerated,Poland,6662,155,FALSE
INV001568,2017-01-14, Ibrulinum  ,Antipiretics,Poznan Site,B1701-3487,2017-03-18,controlled substance,Poland,492,341,No
INV001569,2018-06-09,Dexacilin Triline,Analgesics,Munich Plant,B1806-9151,2019-06-07,Refrigerated,Germany,775,113,FALSE
INV001570,2018-12-31, Apronazol  ,Antibiotics,KRAKOW FACILITY,B1812-0184,2021-04-09,FROZEN,Poland,3774,257,No
INV001571,2019-12-02, Lansopril Acribax  ,Antipiretics,Poznan Site,B1912-2832,2021-08-17,frozen,Poland,1912,250,No
INV001572,2020-08-06, Sumanazole  ,Analgesics,MUNICH PLANT,B2008-6190,2021-09-06,Frozen,Germany,4461,396,No
INV001573,2019-05-21,Tetalamide,Antibiotics,FRANKFURT PLANT,B1905-6996,2021-07-19,controlled substance,Germany,1816,388,No
INV001574,2020-10-25, Amcibax Amcikeran  ,Analgesics, Frankfurt Plant  ,B2010-3972,2022-05-24,ROOM TEMPERATURE,Germany,3043,241,No
INV001575,2020-04-15,Belavarix Benzabicin,Antibiotics,Frankfurt Plant,B2004-9517,2022-03-21,CONTROLLED SUBSTANCE,Germany,1151,376,FALSE
INV001576,2017-11-27,Travosoline Capolac,Antipiretics, POZNAN SITE  ,B1711-6384,2018-11-20,Frozen,Poland,6844,225,No
INV001577,2019-01-07,Ceftatana Serolamide,Antipiretics,munich plant,B1901-3515,2020-03-15,room temperature,Germany,4404,160,No
INV001578,2019-06-29,Afaxacin,Analgesics, Krakow Facility  ,B1906-7067,2020-05-21, Frozen  ,Poland,8065,246,FALSE
INV001579,2017-07-31,Topitaine,Mood Stabilizers,frankfurt plant,B1707-8379,2018-09-20,Refrigerated,Germany,6753,192,No
INV001580,2017-11-19, Diaxolol  ,Antiseptics,Krakow Facility,B1711-0150,2020-08-04,room temperature,Poland,5474,84,No
INV001581,2018-09-06, Stelazolid  ,Antimalarial,poznan site,B1809-6323,2020-01-20,Refrigerated,Poland,4239,122,FALSE
INV001582,2020-01-30,Interfeferon Aspipex,Antiseptics, frankfurt plant  ,B2001-7200,2021-12-28, controlled substance  ,Germany,482,389,FALSE
INV001583,2018-04-28,Ibruferon,Antiseptics, frankfurt plant  ,B1804-3040,2019-11-22,room temperature,Germany,236,189,No
INV001584,2020-02-13,Tetalamide,Antibiotics,Frankfurt Plant,B2002-6167,2020-08-30,Frozen,Germany,875,350,No
INV001585,2019-05-05,Ceftatana Serolamide,Antipiretics, Munich Plant  ,B1905-2814,2021-12-25, CONTROLLED SUBSTANCE  ,Germany,8550,337,No
INV001586,2018-05-16,Megenorphine,Antimalarial,FRANKFURT PLANT,B1805-8791,2019-09-30,CONTROLLED SUBSTANCE,Germany,N/A,223,No
INV001587,2020-09-02,Abilovir Aprotasol,Antipiretics,Poznan Site,B2009-2139,2022-06-03,ROOM TEMPERATURE,Poland,2314,266,No
INV001588,2018-02-27, Ceretosine  ,Antiseptics,Poznan Site,B1802-9683,2018-12-02, REFRIGERATED  ,Poland,7253,202,FALSE
INV001589,2017-04-26,Sanctumine,Antimalarial,Warsaw Plant,B1704-4692,2019-05-23, CONTROLLED SUBSTANCE  ,Poland,7493,116,No
INV001590,2020-01-07,Pulmogen Alitora,Antiseptics, Frankfurt Plant  ,B2001-8453,2021-08-26,ROOM TEMPERATURE,Germany,4139,141,No
INV001591,2018-06-10, Ketastadil  ,Analgesics,Frankfurt Plant,B1806-1968,2020-07-31,ROOM TEMPERATURE,Germany,9605,122,FALSE
INV001592,2019-10-29, Afretosine  ,Mood Stabilizers,MUNICH PLANT,B1910-4085,2022-05-14,REFRIGERATED,Germany,7925,295,No
INV001593,2018-01-20,Ketastadil,Analgesics,FRANKFURT PLANT,B1801-3176,2018-04-21,controlled substance,Germany,4003,356,No
INV001594,2018-12-31, Propralamide Dexlanzolam  ,Mood Stabilizers,Krakow Facility,B1812-2219,2020-07-30,room temperature,Poland,3903,206,No
INV001595,2018-04-30,Dexmebital Acanplan,Analgesics,Poznan Site,B1804-6687,2019-01-23, frozen  ,Poland,4122,300,No
INV001596,2018-11-25, Lioletine Refliruvax  ,Analgesics, MUNICH PLANT  ,B1811-3885,2019-09-20,Frozen,Germany,5678,70,FALSE
INV001597,2018-07-15, Pentastrin  ,Antibiotics, FRANKFURT PLANT  ,B1807-7689,2021-02-17,room temperature,Germany,1743,213,FALSE
INV001598,2019-11-22,Proderal,Antiseptics, Munich Plant  ,B1911-7042,2020-06-19,Frozen,Germany,6819,109,No
INV001599,2018-04-16,Robapril,Antipiretics,Warsaw Plant,B1804-0292,2020-10-13, Frozen  ,Poland,8063,284,No
INV001600,2020-12-14,Paronium Atracustone,Analgesics, Munich Plant  ,B2012-7717,2023-04-13,controlled substance,Germany,2478,176,0
INV001601,2020-12-01, Ampysin  ,Analgesics,krakow facility,B2012-4046,2023-06-27,controlled substance,Poland,1360,144,No
INV001602,2019-07-23,Ceftatana Serolamide,Antipiretics,Munich Plant,B1907-9109,2021-10-08,ROOM TEMPERATURE,Germany,8159,143,FALSE
INV001603,2019-10-09,Malavirine Alimdine,Mood Stabilizers, Munich Plant  ,B1910-6957,2021-10-02,refrigerated,Germany,8076,301,No
INV001604,2018-06-10,Raparidol,Mood Stabilizers,Krakow Facility,B1806-4129,2019-02-23, ROOM TEMPERATURE  ,Poland,5616,170,0
INV001605,2020-02-13,Solasteride,Mood Stabilizers,POZNAN SITE,B2002-0166,2020-08-27, Refrigerated  ,Poland,2846,157,No
INV001606,2020-06-24,Clindaracil,Analgesics,poznan site,B2006-1064,2020-12-06,controlled substance,Poland,5519,161,No
INV001607,2020-02-08, Aclonuma  ,Antimalarial,WARSAW PLANT,B2002-4188,2021-06-30,room temperature,Poland,9735,259,No
INV001608,2019-02-10,Kinerinex,Antiseptics,POZNAN SITE,B1902-7048,2019-08-05, REFRIGERATED  ,Poland,7638,184,No
INV001609,2017-02-24,Tesnorphine Silotamine,Antibiotics,munich plant,B1702-6630,2018-02-10,room temperature,Germany,1231,387,FALSE
INV001610,2018-02-12,Albuterenone,Antimalarial,KRAKOW FACILITY,B1802-4210,2018-05-30,room temperature,Poland,4920,201,No
INV001611,2017-01-05,Imiformin Transmunex,Antibiotics,FRANKFURT PLANT,B1701-0159,2018-08-18,REFRIGERATED,Germany,1415,304,No
INV001612,2017-11-05,Novakyn Tracprox,Antiseptics, Poznan Site  ,B1711-2706,2018-12-24,Refrigerated,Poland,7087,164,No
INV001613,2020-03-16, Solasteride  ,Mood Stabilizers,Poznan Site,B2003-7543,2020-11-06,FROZEN,Poland,6143,360,No
INV001614,2019-12-11,Ionclotide,Analgesics,Krakow Facility,B1912-1373,2021-07-23,room temperature,Poland,1690,159,No
INV001615,2020-05-18,Halcifergen Nevazone,Antimalarial, WARSAW PLANT  ,B2005-5502,2021-10-13,controlled substance,Poland,246,237,No
INV001616,2019-02-25, Adriacaine  ,Mood Stabilizers, Munich Plant  ,B1902-7625,2020-12-06, Frozen  ,Germany,728,232,FALSE
INV001617,2018-02-06,Atrabicin Alkerotec,Antiseptics, krakow facility  ,B1802-8735,2020-03-08,controlled substance,Poland,6266,139,Yes
INV001618,2019-02-08,Presetron,Mood Stabilizers,FRANKFURT PLANT,B1902-1254,2021-12-22,REFRIGERATED,Germany,6687,290,FALSE
INV001619,2018-09-16,Microroban Afatigomar,Antimalarial,Munich Plant,B1809-6128,2019-09-29, CONTROLLED SUBSTANCE  ,Germany,9488,50,No
INV001620,2019-10-13,Comzyme,Antibiotics,Warsaw Plant,B1910-1603,2021-12-05,Frozen,Poland,4375,83,No
INV001621,2018-03-21,Xenaderal,Mood Stabilizers,Munich Plant,B1803-4573,2020-03-14,room temperature,Germany,6512,165,FALSE
INV001622,2019-06-29,Ibrulinum,Antipiretics, POZNAN SITE  ,B1906-2874,2019-09-25,CONTROLLED SUBSTANCE,Poland,1335,345,FALSE
INV001623,2017-01-14,Diprotaine,Antiseptics, Frankfurt Plant  ,B1701-5212,2017-07-31, REFRIGERATED  ,Germany,9790,214,No
INV001624,2018-07-02,Magnemunex,Antiseptics, munich plant  ,B1807-8523,2021-04-09, REFRIGERATED  ,Germany,9263,326,0
INV001625,2019-10-23,Aclonuma,Antimalarial,WARSAW PLANT,B1910-7372,2022-05-23,Refrigerated,Poland,5614,177,No
INV001626,2019-11-12,Adriafinil Ehtymara,Antiseptics, FRANKFURT PLANT  ,B1911-8821,2020-03-05,ROOM TEMPERATURE,Germany,8517,122,No
INV001627,2020-11-07, Adriafinil Ehtymara  ,Antiseptics,Frankfurt Plant,B2011-0337,2023-03-28,ROOM TEMPERATURE,Germany,1998,201,No
INV001628,2017-07-07, Adtiza Gammaluble  ,Antibiotics, warsaw plant  ,B1707-7686,2019-10-09,controlled substance,Poland,4065,384,FALSE
INV001629,2018-10-03, Presetron  ,Mood Stabilizers,FRANKFURT PLANT,B1810-6608,2020-04-13, Refrigerated  ,Germany,7197,127,0
INV001630,2019-05-21,Clinolan Pitoletra,Mood Stabilizers,munich plant,B1905-5478,2020-08-03, Refrigerated  ,Germany,4906,241,No
INV001631,2020-07-30,Algluconium Dorzofoxin,Antibiotics,munich plant,B2007-8895,2022-06-18, Refrigerated  ,Germany,6759,384,No
INV001632,2020-08-16,Alpradipine,Analgesics,Munich Plant,B2008-4157,2021-04-27, REFRIGERATED  ,Germany,8097,116,FALSE
INV001633,2018-02-19,Robapril,Antipiretics,Warsaw Plant,B1802-3111,2020-08-12, FROZEN  ,Poland,8594,65,No
INV001634,2017-10-03, Brimorix Amonine  ,Antibiotics,Munich Plant,B1710-9818,2018-09-01,controlled substance,Germany,N/A,386,No
INV001635,2020-04-10, Pulmofine  ,Antibiotics,warsaw plant,B2004-6986,2022-12-14,controlled substance,Poland,5809,,FALSE
INV001636,2020-03-30,Imiderm Vibranovate,Antipiretics,Frankfurt Plant,B2003-4384,2021-01-25,Refrigerated,Germany,1160,165,No
INV001637,2018-04-06,Ampysin,Analgesics,krakow facility,B1804-1163,2018-11-24, Refrigerated  ,Poland,8477,373,No
INV001638,2020-04-12,Proprabax,Analgesics,warsaw plant,B2004-7183,2022-10-25, refrigerated  ,Poland,1813,164,FALSE
INV001639,2019-06-06,Quiniprosyn,Antiseptics,Munich Plant,B1906-3559,2021-04-16,refrigerated,Germany,4121,287,No
INV001640,2019-10-23,Abobozolid,Antimalarial,POZNAN SITE,B1910-0232,2022-07-30,Refrigerated,Poland,7759,222,No
INV001641,2017-08-19,Hepavice,Mood Stabilizers,WARSAW PLANT,B1708-4731,2017-12-14,room temperature,Poland,715,260,FALSE
INV001642,2018-10-25, Interzide  ,Antimalarial,Munich Plant,B1810-9953,2021-10-28,FROZEN,Germany,615,130,No
INV001643,2018-08-19,Temasone Thiobucil,Antimalarial,Frankfurt Plant,B1808-1184,2021-02-26,room temperature,Germany,6763,384,No
INV001644,2017-05-21, Antilamin Clinbital  ,Antibiotics,Frankfurt Plant,B1705-1332,2019-08-14,room temperature,Germany,9832,144,FALSE
INV001645,2020-11-25, Interfeferon Aspipex  ,Antiseptics,Frankfurt Plant,B2011-3298,2023-11-18,room temperature,Germany,5506,174,No
INV001646,2017-02-11,Dexmeprazole Transnuvia,Mood Stabilizers,Frankfurt Plant,B1702-1043,2017-11-08,controlled substance,Germany,8325,187,FALSE
INV001647,2017-02-19,Belavarix Benzabicin,Antibiotics, FRANKFURT PLANT  ,B1702-7799,2019-01-30,room temperature,Germany,5590,270,No
INV001648,2019-03-10, Travosoline Capolac  ,Antipiretics,POZNAN SITE,B1903-0540,2021-04-13,CONTROLLED SUBSTANCE,Poland,3763,371,No
INV001649,2017-01-26,Brimorix Amonine,Antibiotics, Munich Plant  ,B1701-0417,2017-05-16, Refrigerated  ,Germany,8660,312,FALSE
INV001650,2020-04-11, Zonitonin  ,Antiseptics,Warsaw Plant,B2004-4590,2021-09-18,room temperature,Poland,1240,273,0
INV001651,2020-11-23,Cyclovital,Antimalarial,munich plant,B2011-3105,2021-03-08,FROZEN,Germany,4015,323,No
INV001652,2017-12-02, Aciprex  ,Antipiretics, Poznan Site  ,B1712-5242,2018-03-28,CONTROLLED SUBSTANCE,Poland,4720,166,FALSE
INV001653,2019-10-03,Cephozumab Synmethate,Antibiotics, Poznan Site  ,B1910-3132,2019-12-16,CONTROLLED SUBSTANCE,Poland,630,136,No
INV001654,2018-09-13,Menogine,Antiseptics,FRANKFURT PLANT,B1809-7942,2021-04-09,room temperature,Germany,5398,333,FALSE
INV001655,2020-05-15,Zyvance,Analgesics,Frankfurt Plant,B2005-4512,2022-07-09,Refrigerated,Germany,1861,397,No
INV001656,2018-11-29, Amlominphen Dexanovate  ,Analgesics, WARSAW PLANT  ,B1811-3683,2021-03-01,REFRIGERATED,Poland,2141,257,No
INV001657,2017-02-16,Lactubucil,Antipiretics,POZNAN SITE,B1702-5569,2017-06-06,Refrigerated,Poland,8048,146,FALSE
INV001658,2019-02-24,Amamadin,Antimalarial,Munich Plant,B1902-2206,2019-12-12, refrigerated  ,Germany,3267,208,No
INV001659,2019-01-22,Paronium Atracustone,Analgesics, Munich Plant  ,B1901-5619,2020-08-15,ROOM TEMPERATURE,Germany,4136,57,No
INV001660,2019-08-20,Dantolac Pazocor,Analgesics,WARSAW PLANT,B1908-2824,2020-05-29, REFRIGERATED  ,Poland,1789,309,FALSE
INV001661,2018-02-06,Flutacerol,Analgesics, Frankfurt Plant  ,B1802-8508,2020-02-27,Refrigerated,Germany,7797,348,No
INV001662,2017-07-24,Docstryl Rivacin,Antiseptics,frankfurt plant,B1707-4216,2018-04-08, Refrigerated  ,Germany,4921,61,FALSE
INV001663,2019-05-31, Neuropogen Empibax  ,Analgesics, FRANKFURT PLANT  ,B1905-4312,2019-11-10,room temperature,Germany,6827,240,FALSE
INV001664,2018-10-22, Requimadin  ,Antimalarial, Krakow Facility  ,B1810-4483,2021-08-12, ROOM TEMPERATURE  ,Poland,4991,264,No
INV001665,2017-12-28, Saprodeine Zanprosyn  ,Antibiotics,Poznan Site,B1712-7139,2018-12-03,Frozen,Poland,6182,117,FALSE
INV001666,2018-03-07,Aggretisol,Antimalarial,KRAKOW FACILITY,B1803-1576,2019-03-21,Refrigerated,Poland,8980,147,No
INV001667,2018-10-27,Ganineva Agenium,Antiseptics,FRANKFURT PLANT,B1810-9214,2020-01-18,REFRIGERATED,Germany,705,362,FALSE
INV001668,2019-11-13, Alisteride Pemidizem  ,Antiseptics,Poznan Site,B1911-2177,2022-10-23,room temperature,Poland,4155,332,FALSE
INV001669,2018-06-06,Halciramine,Antimalarial,Frankfurt Plant,B1806-1220,2019-11-08,room temperature,Germany,3380,102,FALSE
INV001670,2017-07-25,Acelimus,Analgesics,Warsaw Plant,B1707-2063,2020-04-27,room temperature,Poland,8960,70,No
INV001671,2019-02-14,Invisteride Diclomycin,Mood Stabilizers,frankfurt plant,B1902-8171,2019-08-10,Refrigerated,Germany,710,99,FALSE
INV001672,2019-11-28,Alisteride Pemidizem,Antiseptics,poznan site,B1911-4619,2022-04-05,room temperature,Poland,1567,216,FALSE
INV001673,2019-07-07, Zonixamine Immulinum  ,Analgesics,MUNICH PLANT,B1907-7935,2021-04-24,controlled substance,Germany,1478,67,No
INV001674,2019-02-01,Amamadin,Antimalarial,munich plant,B1902-1856,2020-12-26, controlled substance  ,Germany,8705,177,No
INV001675,2019-11-20, Diaxolol  ,Antiseptics,KRAKOW FACILITY,B1911-4301,2022-05-30,Refrigerated,Poland,1913,163,FALSE
INV001676,2019-01-28,Cephovelam,Mood Stabilizers, munich plant  ,B1901-8243,2021-01-05, FROZEN  ,Germany,3249,245,No
INV001677,2020-02-01,Menogine,Antiseptics,frankfurt plant,B2002-2622,2020-11-09,ROOM TEMPERATURE,Germany,5954,319,FALSE
INV001678,2020-12-25,Lovepion,Antiseptics,Krakow Facility,B2012-3440,2022-02-17,room temperature,Poland,3851,355,No
INV001679,2019-06-26,Sodinel Olofribrate,Antimalarial, Warsaw Plant  ,B1906-6405,2019-11-07,controlled substance,Poland,2016,143,FALSE
INV001680,2019-05-20,Pulmogen Alitora,Antiseptics, Frankfurt Plant  ,B1905-4310,2022-02-14,frozen,Germany,9269,147,No
INV001681,2017-12-20, Temasone Thiobucil  ,Antimalarial,Frankfurt Plant,B1712-2688,2020-06-08,Frozen,Germany,4390,194,No
INV001682,2019-10-02, Ampinonide  ,Antimalarial,Poznan Site,B1910-6135,2020-04-14, controlled substance  ,Poland,8641,150,No
INV001683,2017-03-23, Alimmethate Insudase  ,Analgesics,Krakow Facility,B1703-9646,2018-10-05,CONTROLLED SUBSTANCE,Poland,5774,304,No
INV001684,2019-12-01, Epzipitant  ,Analgesics,POZNAN SITE,B1912-3448,2020-06-22,Refrigerated,Poland,2574,86,No
INV001685,2019-06-29,Pulmodiol Adalaxime,Analgesics, MUNICH PLANT  ,B1906-6561,2020-01-12, room temperature  ,Germany,8355,310,No
INV001686,2018-08-31,Novakyn Tracprox,Antiseptics,POZNAN SITE,B1808-1458,2021-08-24,frozen,Poland,4734,272,No
INV001687,2020-11-09,Effidomide Evofribrate,Antiseptics, Warsaw Plant  ,B2011-5278,2023-02-14,controlled substance,Poland,6605,134,No
INV001688,2018-01-16,Kiovax Tercorolac,Analgesics,Munich Plant,B1801-4227,2020-02-18,CONTROLLED SUBSTANCE,Germany,3919,253,No
INV001689,2019-01-13, Afaxacin  ,Analgesics,krakow facility,B1901-4781,2020-05-17, controlled substance  ,Poland,9480,286,No
INV001690,2019-10-13,Secrelazine Insonamic,Antipiretics, MUNICH PLANT  ,B1910-1719,2020-10-23,controlled substance,Germany,4675,333,FALSE
INV001691,2018-06-11,Symdocet,Antipiretics,poznan site,B1806-3726,2021-03-01, controlled substance  ,Poland,8231,151,No
INV001692,2020-08-01,Amavirase,Antipiretics,Munich Plant,B2008-9639,2022-11-26,ROOM TEMPERATURE,Germany,3708,335,No
INV001693,2018-04-20, Topipizole  ,Mood Stabilizers,warsaw plant,B1804-6434,2020-10-09,FROZEN,Poland,8602,390,No
INV001694,2020-07-16,Claripenem,Antibiotics, WARSAW PLANT  ,B2007-1907,2023-01-11,Refrigerated,Poland,1008,54,No
INV001695,2018-07-17, Interfeferon Aspipex  ,Antiseptics,Frankfurt Plant,B1807-3026,2018-09-19,REFRIGERATED,Germany,6617,109,No
INV001696,2017-08-23,Pazofenac,Mood Stabilizers,krakow facility,B1708-9315,2019-11-19, room temperature  ,Poland,2210,105,0
INV001697,2018-02-26,Tetratanyl,Antimalarial,Poznan Site,B1802-1321,2020-05-16,CONTROLLED SUBSTANCE,Poland,7302,156,FALSE
INV001698,2020-02-19, Adalatamine  ,Antiseptics,Poznan Site,B2002-5369,2020-09-07,controlled substance,Poland,2859,166,0
INV001699,2017-07-21,Theopril,Antipiretics, Krakow Facility  ,B1707-4317,2019-11-05, frozen  ,Poland,3985,,No
INV001700,2019-03-08,Testant,Mood Stabilizers,Warsaw Plant,B1903-1213,2019-09-04,room temperature,Poland,1154,393,No
INV001701,2019-02-04,Amcibax Amcikeran,Analgesics,Frankfurt Plant,B1902-6899,2021-11-01,REFRIGERATED,Germany,3604,295,FALSE
INV001702,2018-09-03,Docstryl Rivacin,Antiseptics, FRANKFURT PLANT  ,B1809-2166,2021-08-27, CONTROLLED SUBSTANCE  ,Germany,5765,164,FALSE
INV001703,2018-03-19, Thionide  ,Analgesics,Munich Plant,B1803-5914,2019-06-18,Frozen,Germany,5833,329,No
INV001704,2019-10-11,Exexone,Mood Stabilizers,munich plant,B1910-3558,2022-07-20,ROOM TEMPERATURE,Germany,3191,117,No
INV001705,2018-05-23, Lovephilus  ,Analgesics,poznan site,B1805-8306,2019-09-22,refrigerated,Poland,N/A,133,No
INV001706,2018-08-23,Lioletine Refliruvax,Analgesics,Munich Plant,B1808-2791,2021-07-29,controlled substance,Germany,2221,203,0
INV001707,2017-08-19,Diprotaine,Antiseptics,FRANKFURT PLANT,B1708-4625,2019-01-15,CONTROLLED SUBSTANCE,Germany,4858,191,No
INV001708,2018-01-04,Amamadin,Antimalarial,MUNICH PLANT,B1801-0650,2019-09-02, ROOM TEMPERATURE  ,Germany,9324,125,No
INV001709,2017-09-01,Ibruferon,Antiseptics,frankfurt plant,B1709-9459,2019-07-16,room temperature,Germany,2060,160,FALSE
INV001710,2018-08-08,Exexone,Mood Stabilizers,Munich Plant,B1808-3529,2021-07-17,Frozen,Germany,1211,57,No
INV001711,2019-09-27,Ampinonide,Antimalarial,POZNAN SITE,B1909-3599,2020-01-29,refrigerated,Poland,2742,63,FALSE
INV001712,2019-08-19,Eproline,Antibiotics,Frankfurt Plant,B1908-5453,2022-05-25,room temperature,Germany,3000,185,No
INV001713,2020-12-27,Neuropogen Empibax,Analgesics,Frankfurt Plant,B2012-7250,2023-09-04, Refrigerated  ,Germany,5369,229,0
INV001714,2019-04-08,Morphizolid Tianalin,Mood Stabilizers, Krakow Facility  ,B1904-4802,2020-10-31,refrigerated,Poland,1669,99,No
INV001715,2017-02-20,Feruprazole,Mood Stabilizers, Poznan Site  ,B1702-4406,2019-12-07,Refrigerated,Poland,3492,75,FALSE
INV001716,2019-02-22, Alisteride Pemidizem  ,Antiseptics,Poznan Site,B1902-9773,2021-03-19, REFRIGERATED  ,Poland,3140,202,No
INV001717,2020-05-17,Albuterenone,Antimalarial,KRAKOW FACILITY,B2005-3025,2021-05-01,controlled substance,Poland,9180,208,FALSE
INV001718,2018-01-03, Trazozaprine  ,Mood Stabilizers, Frankfurt Plant  ,B1801-7471,2019-07-09,room temperature,Germany,1516,57,No
INV001719,2019-07-22,Malavirine Alimdine,Mood Stabilizers,Munich Plant,B1907-7976,2020-07-15,refrigerated,Germany,7522,359,No
INV001720,2019-12-09, Topifribrate  ,Analgesics,Munich Plant,B1912-6023,2022-02-05,controlled substance,Germany,4207,371,FALSE
INV001721,2018-01-18,Victomax,Analgesics,Frankfurt Plant,B1801-2034,2019-10-13,room temperature,Germany,8619,98,No
INV001722,2017-02-24,Zarostral,Antipiretics,Warsaw Plant,B1702-5212,2019-02-01,ROOM TEMPERATURE,Poland,9490,244,No
INV001723,2018-09-10,Abobozolid,Antimalarial,poznan site,B1809-6733,2020-11-06,Frozen,Poland,9020,68,0
INV001724,2017-10-07,Topipizole,Mood Stabilizers,Warsaw Plant,B1710-7880,2020-01-03,frozen,Poland,3542,54,FALSE
INV001725,2019-07-12,Saprodeine Zanprosyn,Antibiotics,poznan site,B1907-3253,2020-12-13,controlled substance,Poland,9062,315,FALSE
INV001726,2020-11-26, Amavirase  ,Antipiretics,Munich Plant,B2011-9975,2022-09-21,room temperature,Germany,6909,294,No
INV001727,2019-03-18,Aggretisol,Antimalarial, KRAKOW FACILITY  ,B1903-9311,2021-08-25,controlled substance,Poland,9189,180,0
INV001728,2018-01-21, Relenvice  ,Antimalarial,munich plant,B1801-7416,2020-10-24, Refrigerated  ,Germany,8744,70,FALSE
INV001729,2017-08-06,Ergomethate,Mood Stabilizers,MUNICH PLANT,B1708-0806,2019-07-28,Refrigerated,Germany,1356,247,FALSE
INV001730,2019-09-13,Exexone,Mood Stabilizers,Munich Plant,B1909-9178,2022-04-15,frozen,Germany,8807,216,No
INV001731,2020-05-06,Fentatrol Rapatelase,Antibiotics,Frankfurt Plant,B2005-6579,2023-04-22, controlled substance  ,Germany,7218,247,No
INV001732,2020-08-09, Alarudin Azarolac  ,Mood Stabilizers,warsaw plant,B2008-7906,2021-10-10,Frozen,Poland,210,370,No
INV001733,2020-11-25, Travosoline Capolac  ,Antipiretics,Poznan Site,B2011-1024,2023-07-29,REFRIGERATED,Poland,1255,335,No
INV001734,2020-12-22,Enzastryl,Antiseptics,Krakow Facility,B2012-4654,2023-07-31,Refrigerated,Poland,7441,208,No
INV001735,2018-01-06,Tetratanyl,Antimalarial,POZNAN SITE,B1801-1091,2018-06-09, CONTROLLED SUBSTANCE  ,Poland,1620,379,0
INV001736,2018-02-21,Pentastrin,Antibiotics,FRANKFURT PLANT,B1802-7792,2018-07-16,refrigerated,Germany,5804,279,No
INV001737,2017-08-28,Allomenda,Antipiretics,POZNAN SITE,B1708-9350,2020-01-03,CONTROLLED SUBSTANCE,Poland,7994,220,No
INV001738,2018-08-29,Adtiza Gammaluble,Antibiotics,WARSAW PLANT,B1808-6991,2019-12-18,Refrigerated,Poland,2163,374,No
INV001739,2019-03-01,Lioletine Refliruvax,Analgesics,Munich Plant,B1903-9518,2022-02-02,room temperature,Germany,4828,334,No
INV001740,2020-05-06,Diazemid Felcept,Analgesics,Warsaw Plant,B2005-8478,2022-01-29,Refrigerated,Poland,1471,143,No
INV001741,2017-09-14,Darlofen,Antipiretics,Poznan Site,B1709-3218,2018-07-17,CONTROLLED SUBSTANCE,Poland,1923,113,No
INV001742,2018-01-07,Dorzovorin Pentadarone,Antimalarial,Poznan Site,B1801-4382,2019-08-05,controlled substance,Poland,2005,321,No
INV001743,2018-02-06, Claripenem  ,Antibiotics,WARSAW PLANT,B1802-9486,2020-11-18,room temperature,Poland,1061,250,No
INV001744,2018-05-30, Acantaine  ,Antibiotics,frankfurt plant,B1805-8206,2021-05-31,FROZEN,Germany,7426,193,No
INV001745,2020-01-28, Relenstrel Exurabine  ,Antibiotics, warsaw plant  ,B2001-8090,2022-09-08,ROOM TEMPERATURE,Poland,4552,363,FALSE
INV001746,2020-01-20,Invisteride Diclomycin,Mood Stabilizers, Frankfurt Plant  ,B2001-0510,2023-01-13,FROZEN,Germany,5535,,Yes
INV001747,2020-02-20,Sevoderm,Antipiretics,MUNICH PLANT,B2002-5353,2020-05-25, Refrigerated  ,Germany,5829,389,FALSE
INV001748,2018-03-09,Syntheruvax Proracin,Antimalarial,Warsaw Plant,B1803-1023,2018-10-14, room temperature  ,Poland,8926,382,No
INV001749,2019-09-23,Propralamide Dexlanzolam,Mood Stabilizers,krakow facility,B1909-6858,2022-06-17,room temperature,Poland,4411,103,No
INV001750,2020-01-21, Quiniprosyn  ,Antiseptics,munich plant,B2001-8949,2020-12-15,room temperature,Germany,7530,154,No
INV001751,2020-07-18,Pulmodiol Adalaxime,Analgesics,Munich Plant,B2007-2285,2021-12-07, room temperature  ,Germany,8550,138,No
INV001752,2020-07-05,Malavirine Alimdine,Mood Stabilizers,Munich Plant,B2007-1632,2022-04-17,Refrigerated,Germany,5655,101,No
INV001753,2017-03-26,Fosinofen,Antipiretics, munich plant  ,B1703-2690,2018-06-30,refrigerated,Germany,3596,138,FALSE
INV001754,2020-02-18,Diprotaine,Antiseptics,FRANKFURT PLANT,B2002-5548,2022-02-13,room temperature,Germany,2172,320,FALSE
INV001755,2020-11-14,Ciclonazol,Antiseptics, krakow facility  ,B2011-5527,2021-05-25,controlled substance,Poland,6970,58,No
INV001756,2020-01-27, Araxetine  ,Antibiotics,frankfurt plant,B2001-0245,2021-02-10,REFRIGERATED,Germany,610,387,No
INV001757,2017-04-10,Diaxolol,Antiseptics,KRAKOW FACILITY,B1704-2232,2019-11-10,room temperature,Poland,4589,114,0
INV001758,2019-08-23,Amamadin,Antimalarial, MUNICH PLANT  ,B1908-8521,2019-12-07,controlled substance,Germany,9280,187,0
INV001759,2018-12-24, Rebedase Aplencor  ,Mood Stabilizers,MUNICH PLANT,B1812-4501,2021-01-14, Frozen  ,Germany,2397,108,FALSE
INV001760,2020-03-14,Dasagestin,Analgesics,poznan site,B2003-3662,2021-11-05,ROOM TEMPERATURE,Poland,1770,289,FALSE
INV001761,2019-07-24,Abranatal Lysoprosate,Antiseptics, Munich Plant  ,B1907-4971,2019-12-19,controlled substance,Germany,6893,291,FALSE
INV001762,2019-02-26,Adideine,Mood Stabilizers,KRAKOW FACILITY,B1902-5258,2022-01-06, FROZEN  ,Poland,3109,108,No
INV001763,2017-07-29, Interfedox Pilobamol  ,Antiseptics, Frankfurt Plant  ,B1707-7471,2017-10-22,CONTROLLED SUBSTANCE,Germany,4409,392,FALSE
INV001764,2020-01-28,Tiaracil,Antipiretics, Warsaw Plant  ,B2001-0772,2022-12-19,ROOM TEMPERATURE,Poland,6665,382,No
INV001765,2020-03-18,Pentastrin,Antibiotics,FRANKFURT PLANT,B2003-9061,2020-09-07,room temperature,Germany,4025,243,FALSE
INV001766,2020-05-01,Sodinel Olofribrate,Antimalarial,WARSAW PLANT,B2005-0475,2021-12-16, REFRIGERATED  ,Poland,6262,245,0
INV001767,2017-01-16, Clindaracil  ,Analgesics,Poznan Site,B1701-5572,2018-06-25,CONTROLLED SUBSTANCE,Poland,3487,282,No
INV001768,2018-06-30,Arivac,Antimalarial,frankfurt plant,B1806-2434,2020-03-12,FROZEN,Germany,7877,361,No
INV001769,2019-05-13,Aciprex,Antipiretics,POZNAN SITE,B1905-1331,2020-05-13,FROZEN,Poland,4448,313,0
INV001770,2020-11-11,Proprabax,Analgesics,Warsaw Plant,B2011-4313,2023-05-03,controlled substance,Poland,9857,69,No
INV001771,2020-11-09,Amlominphen Dexanovate,Analgesics, WARSAW PLANT  ,B2011-5605,2023-05-02, Refrigerated  ,Poland,2485,162,No
INV001772,2020-12-20,Aspinavir Silovance,Antibiotics, Poznan Site  ,B2012-3867,2021-06-27, ROOM TEMPERATURE  ,Poland,4020,348,No
INV001773,2020-04-19,Victomine,Antimalarial,krakow facility,B2004-8307,2020-07-09,Frozen,Poland,3859,352,FALSE
INV001774,2018-02-17,Hepavice,Mood Stabilizers,Warsaw Plant,B1802-0860,2018-10-23,controlled substance,Poland,3860,94,FALSE
INV001775,2019-07-19,Pazofenac,Mood Stabilizers, Krakow Facility  ,B1907-3249,2022-07-09,Frozen,Poland,5073,80,No
INV001776,2018-09-04,Abilovir Aprotasol,Antipiretics,Poznan Site,B1809-5982,2019-12-16,frozen,Poland,8639,131,No
INV001777,2019-12-08, Duraprazole Agalsixolol  ,Antiseptics,Frankfurt Plant,B1912-8742,2022-05-20,controlled substance,Germany,1023,133,FALSE
INV001778,2020-05-19,Albudazole Erobloc,Antiseptics, frankfurt plant  ,B2005-4766,2021-10-20, FROZEN  ,Germany,8905,339,No
INV001779,2018-09-23,Algluconium Dorzofoxin,Antibiotics,MUNICH PLANT,B1809-2311,2020-08-02,room temperature,Germany,8418,72,No
INV001780,2018-08-19,Ibrulinum,Antipiretics,POZNAN SITE,B1808-6706,2021-08-10,Frozen,Poland,8031,82,0
INV001781,2018-09-30,Immurenol Temarate,Antipiretics,frankfurt plant,B1809-3115,2021-03-06,Refrigerated,Germany,2048,60,FALSE
INV001782,2020-01-11,Allomenda,Antipiretics, Poznan Site  ,B2001-4590,2021-10-05,REFRIGERATED,Poland,5413,253,No
INV001783,2020-07-05,Exotropin Empizine,Mood Stabilizers, Poznan Site  ,B2007-6648,2022-12-28, Refrigerated  ,Poland,6589,144,No
INV001784,2020-10-20,Primatate Univatol,Mood Stabilizers,Frankfurt Plant,B2010-2117,2021-05-18,room temperature,Germany,2541,234,No
INV001785,2020-05-08, Formolovir Amanferon  ,Analgesics, Munich Plant  ,B2005-2768,2021-12-18,ROOM TEMPERATURE,Germany,9141,,No
INV001786,2017-02-28,Symbisine Prednimadin,Mood Stabilizers, Frankfurt Plant  ,B1702-5486,2018-08-08,Refrigerated,Germany,8574,190,No
INV001787,2017-07-19,Clindaracil,Analgesics,Poznan Site,B1707-0655,2018-07-03,refrigerated,Poland,3383,295,FALSE
INV001788,2020-01-02,Belavarix Benzabicin,Antibiotics,frankfurt plant,B2001-6627,2022-12-27, controlled substance  ,Germany,5683,314,FALSE
INV001789,2018-03-19,Diprotaine,Antiseptics, FRANKFURT PLANT  ,B1803-3366,2018-09-22, Refrigerated  ,Germany,3617,58,Yes
INV001790,2019-06-18,Abobozolid,Antimalarial, Poznan Site  ,B1906-2958,2022-05-11,refrigerated,Poland,3748,104,No
INV001791,2019-09-13, Formolovir Amanferon  ,Analgesics,munich plant,B1909-6227,2020-04-30,frozen,Germany,1666,143,No
INV001792,2017-08-12,Argalazine Abostryl,Antipiretics,POZNAN SITE,B1708-9559,2018-04-04,REFRIGERATED,Poland,3964,347,FALSE
INV001793,2020-09-08,Apromin,Antiseptics, Poznan Site  ,B2009-8033,2022-01-22,CONTROLLED SUBSTANCE,Poland,8271,92,No
INV001794,2018-06-28, Metapatch  ,Antipiretics,Krakow Facility,B1806-2569,2018-12-09,frozen,Poland,3534,273,FALSE
INV001795,2017-04-18,Alemtuvatol Megalinum,Analgesics,Krakow Facility,B1704-9722,2019-02-24,refrigerated,Poland,3924,84,FALSE
INV001796,2018-02-18,Morphizolid Tianalin,Mood Stabilizers,krakow facility,B1802-8002,2019-12-16,room temperature,Poland,7742,352,No
INV001797,2018-06-14,Interfedox Pilobamol,Antiseptics,frankfurt plant,B1806-4075,2020-11-24,frozen,Germany,1777,281,FALSE
INV001798,2017-01-08,Magnemunex,Antiseptics,MUNICH PLANT,B1701-5543,2019-02-12, refrigerated  ,Germany,7820,153,No
INV001799,2020-12-14,Panpion,Antiseptics,poznan site,B2012-5862,2023-09-05,Frozen,Poland,3618,110,No
INV001800,2017-09-18,Cephovelam,Mood Stabilizers, Munich Plant  ,B1709-4390,2018-03-26,frozen,Germany,1245,83,FALSE
INV001801,2017-03-16,Syntheruvax Proracin,Antimalarial,Warsaw Plant,B1703-2066,2019-06-22,ROOM TEMPERATURE,Poland,5879,165,No
INV001802,2017-02-08,Stelazolid,Antimalarial,POZNAN SITE,B1702-4722,2019-01-20,refrigerated,Poland,1829,339,FALSE
INV001803,2018-04-03,Morphizolid Tianalin,Mood Stabilizers,Krakow Facility,B1804-1000,2019-05-09,room temperature,Poland,5077,356,FALSE
INV001804,2020-03-15,Finanel,Antimalarial,krakow facility,B2003-6168,2020-05-22,room temperature,Poland,7161,237,No
INV001805,2018-04-13, Cephozumab Synmethate  ,Antibiotics,POZNAN SITE,B1804-1462,2019-12-28,CONTROLLED SUBSTANCE,Poland,4370,332,No
INV001806,2020-12-21,Trazobalamin,Mood Stabilizers,poznan site,B2012-3247,2023-07-04, Frozen  ,Poland,5595,144,No
INV001807,2017-09-02,Atomorelin,Analgesics,Warsaw Plant,B1709-4641,2020-06-16,room temperature,Poland,9426,130,FALSE
INV001808,2020-02-29,Veratorol Ciclovatol,Mood Stabilizers, Poznan Site  ,B2002-8336,2021-03-27,FROZEN,Poland,9346,116,FALSE
INV001809,2017-10-13,Adriafinil Ehtymara,Antiseptics,frankfurt plant,B1710-7828,2018-01-25,REFRIGERATED,Germany,5036,251,No
INV001810,2017-02-01,Hydroxyprosyn,Antibiotics,Poznan Site,B1702-5202,2019-04-12,controlled substance,Poland,4236,195,No
INV001811,2020-01-20,Cephozumab Synmethate,Antibiotics,POZNAN SITE,B2001-0250,2020-09-06,ROOM TEMPERATURE,Poland,441,191,0
INV001812,2018-01-03,Lansopril Acribax,Antipiretics, poznan site  ,B1801-0623,2020-04-05, room temperature  ,Poland,2880,152,No
INV001813,2017-06-11, Amphesirox  ,Antiseptics,warsaw plant,B1706-0495,2018-09-21, Frozen  ,Poland,8772,224,No
INV001814,2019-10-20,Diprotaine,Antiseptics,frankfurt plant,B1910-2666,2020-07-11,FROZEN,Germany,4085,235,No
INV001815,2019-04-07,Alemtuvatol Megalinum,Analgesics, krakow facility  ,B1904-3572,2021-01-28,room temperature,Poland,8297,241,FALSE
INV001816,2020-04-16, Amcibax Amcikeran  ,Analgesics, Frankfurt Plant  ,B2004-1388,2021-11-28,Refrigerated,Germany,9217,115,No
INV001817,2017-03-04,Abobozolid,Antimalarial,Poznan Site,B1703-7161,2019-07-26,CONTROLLED SUBSTANCE,Poland,9997,283,FALSE
INV001818,2017-08-15,Pulmofine,Antibiotics,warsaw plant,B1708-0439,2019-11-23,ROOM TEMPERATURE,Poland,861,201,No
INV001819,2018-02-01, Adalatamine  ,Antiseptics,POZNAN SITE,B1802-3616,2019-04-27,REFRIGERATED,Poland,5260,390,0
INV001820,2018-04-17, Oxymotroban Fexoformin  ,Analgesics,krakow facility,B1804-5450,2021-01-24,ROOM TEMPERATURE,Poland,3300,301,No
INV001821,2017-12-07,Kinovatol,Analgesics,munich plant,B1712-7886,2018-07-21,Refrigerated,Germany,3352,345,No
INV001822,2018-08-07,Pitodomide,Antimalarial,munich plant,B1808-0816,2019-05-22,REFRIGERATED,Germany,8994,193,No
INV001823,2017-07-09,Enzastryl,Antiseptics,Krakow Facility,B1707-9366,2018-08-08,Refrigerated,Poland,4597,228,FALSE
INV001824,2019-03-16,Sevotrana Tiafoxin,Analgesics,Krakow Facility,B1903-3587,2020-05-28,REFRIGERATED,Poland,9676,294,FALSE
INV001825,2018-12-05,Theopril,Antipiretics,Krakow Facility,B1812-2643,2019-10-08,room temperature,Poland,9151,302,No
INV001826,2020-11-09,Topitaine,Mood Stabilizers,Frankfurt Plant,B2011-1551,2021-07-30,room temperature,Germany,431,308,No
INV001827,2017-06-11,Abtasol,Antiseptics, Munich Plant  ,B1706-8492,2019-02-18,room temperature,Germany,N/A,50,No
INV001828,2017-10-22,Kinerinex,Antiseptics, poznan site  ,B1710-2047,2018-03-27,Refrigerated,Poland,9688,65,No
INV001829,2017-04-22,Syntheruvax Proracin,Antimalarial, warsaw plant  ,B1704-9058,2019-12-12,CONTROLLED SUBSTANCE,Poland,5035,128,No
INV001830,2017-06-14,Adideine,Mood Stabilizers,KRAKOW FACILITY,B1706-6855,2020-01-14,controlled substance,Poland,9368,397,FALSE
INV001831,2019-01-25,Tiaracil,Antipiretics, Warsaw Plant  ,B1901-8405,2020-11-11, controlled substance  ,Poland,7677,371,FALSE
INV001832,2018-02-07,Pulmofine,Antibiotics,Warsaw Plant,B1802-2382,2018-06-13,refrigerated,Poland,7562,60,No
INV001833,2017-04-09,Effigine Propraprex,Antimalarial, FRANKFURT PLANT  ,B1704-9127,2019-09-08,room temperature,Germany,4349,265,FALSE
INV001834,2018-07-23, Syntheruvax Proracin  ,Antimalarial,Warsaw Plant,B1807-6710,2021-04-25,refrigerated,Poland,1003,357,No
INV001835,2019-12-20,Biotasol Siloderm,Antiseptics, Frankfurt Plant  ,B1912-6197,2020-08-23,controlled substance,Germany,N/A,101,FALSE
INV001836,2020-03-20, Syntheruvax Proracin  ,Antimalarial,Warsaw Plant,B2003-0372,2022-11-13, controlled substance  ,Poland,2209,227,No
INV001837,2017-09-15,Diaxolol,Antiseptics,KRAKOW FACILITY,B1709-7378,2018-08-12,CONTROLLED SUBSTANCE,Poland,2506,100,FALSE
INV001838,2017-04-03,Brimorix Amonine,Antibiotics, MUNICH PLANT  ,B1704-6746,2017-11-29,refrigerated,Germany,7247,349,Yes
INV001839,2018-08-10,Dasagestin,Analgesics, POZNAN SITE  ,B1808-4504,2019-04-15,ROOM TEMPERATURE,Poland,2353,178,No
INV001840,2018-02-03, Aquamycin Lacoran  ,Analgesics,Warsaw Plant,B1802-9642,2018-04-18,frozen,Poland,5676,113,0
INV001841,2020-09-29, Ketamara Evogel  ,Antipiretics,POZNAN SITE,B2009-3610,2021-04-27, Frozen  ,Poland,7610,194,No
INV001842,2018-07-18,Amavirase,Antipiretics,Munich Plant,B1807-3819,2019-11-19,room temperature,Germany,2771,212,FALSE
INV001843,2017-12-28, Rositroban  ,Mood Stabilizers,Krakow Facility,B1712-7059,2020-11-23,Frozen,Poland,1043,344,0
INV001844,2018-01-04, Sucprine Specbalamin  ,Antiseptics,munich plant,B1801-9406,2018-06-07,Frozen,Germany,1604,61,FALSE
INV001845,2018-08-05,Alpradipine,Analgesics,Munich Plant,B1808-3227,2018-12-06,room temperature,Germany,8360,179,FALSE
INV001846,2017-03-02, Diprotaine  ,Antiseptics,Frankfurt Plant,B1703-0263,2019-06-26,controlled substance,Germany,4611,330,FALSE
INV001847,2018-06-14,Imiderm Vibranovate,Antipiretics,frankfurt plant,B1806-3561,2020-01-09,frozen,Germany,732,299,No
INV001848,2019-12-19,Presetron,Mood Stabilizers, Frankfurt Plant  ,B1912-3557,2022-06-22,CONTROLLED SUBSTANCE,Germany,2435,123,No
INV001849,2017-10-17,Cyclovital,Antimalarial,MUNICH PLANT,B1710-8312,2019-08-29,room temperature,Germany,N/A,354,No
INV001850,2017-12-04, Travoloride  ,Antiseptics, Munich Plant  ,B1712-6033,2019-11-14,CONTROLLED SUBSTANCE,Germany,7937,350,No
INV001851,2017-02-12,Victomax,Analgesics, FRANKFURT PLANT  ,B1702-4388,2017-11-07,room temperature,Germany,3447,150,No
INV001852,2017-06-28, Alpharolac  ,Antipiretics,frankfurt plant,B1706-7202,2019-08-28, controlled substance  ,Germany,1916,235,No
INV001853,2019-04-14, Lactubucil  ,Antipiretics,POZNAN SITE,B1904-6235,2020-10-16,REFRIGERATED,Poland,2267,214,No
INV001854,2019-11-06, Relenstrel Exurabine  ,Antibiotics,WARSAW PLANT,B1911-2726,2021-04-07,controlled substance,Poland,2680,,No
INV001855,2017-03-01,Doxivorin,Antimalarial,POZNAN SITE,B1703-9146,2019-05-23, frozen  ,Poland,8542,197,No
INV001856,2018-03-01,Sevotrana Tiafoxin,Analgesics,KRAKOW FACILITY,B1803-8445,2019-09-25, refrigerated  ,Poland,5152,375,No
INV001857,2018-12-18,Sucprine Specbalamin,Antiseptics,Munich Plant,B1812-4852,2019-07-26,room temperature,Germany,7643,87,FALSE
INV001858,2020-01-18,Atrabicin Alkerotec,Antiseptics,Krakow Facility,B2001-8026,2022-08-11,controlled substance,Poland,3995,285,No
INV001859,2019-10-16,Rositroban,Mood Stabilizers,KRAKOW FACILITY,B1910-6338,2021-06-06,Refrigerated,Poland,6800,111,FALSE
INV001860,2018-08-11,Hepavice,Mood Stabilizers,Warsaw Plant,B1808-7729,2019-03-17, REFRIGERATED  ,Poland,5873,279,No
INV001861,2018-10-16,Ceretosine,Antiseptics,poznan site,B1810-6771,2021-05-15,controlled substance,Poland,4096,376,No
INV001862,2018-06-05,Oxymotroban Fexoformin,Analgesics,krakow facility,B1806-5287,2020-03-25,controlled substance,Poland,902,119,0
INV001863,2019-04-15, Aggretisol  ,Antimalarial,krakow facility,B1904-3204,2021-07-10, room temperature  ,Poland,4023,232,No
INV001864,2017-10-06,Abtasol,Antiseptics,Munich Plant,B1710-5744,2018-12-07, Refrigerated  ,Germany,8619,63,FALSE
INV001865,2020-05-10, Apromin  ,Antiseptics,Poznan Site,B2005-6023,2021-09-14,CONTROLLED SUBSTANCE,Poland,375,125,Yes
INV001866,2020-08-03, Lansostral Acgestin  ,Antiseptics,Munich Plant,B2008-6777,2021-03-01,FROZEN,Germany,5882,213,No
INV001867,2018-12-11,Vibratosine Alemtrace,Antibiotics,KRAKOW FACILITY,B1812-9878,2019-05-08,Refrigerated,Poland,4317,355,No
INV001868,2019-09-04, Panpion  ,Antiseptics, poznan site  ,B1909-3027,2022-03-05,ROOM TEMPERATURE,Poland,4304,286,FALSE
INV001869,2019-06-22,Enzastryl,Antiseptics,Krakow Facility,B1906-9882,2019-10-01, ROOM TEMPERATURE  ,Poland,3556,254,No
INV001870,2017-06-30,Testant,Mood Stabilizers, Warsaw Plant  ,B1706-4085,2020-02-10,controlled substance,Poland,4582,116,No
INV001871,2019-05-04,Morphizolid Tianalin,Mood Stabilizers, Krakow Facility  ,B1905-3494,2020-09-01,Frozen,Poland,7406,200,No
INV001872,2018-08-18,Apronazol,Antibiotics,KRAKOW FACILITY,B1808-0301,2021-04-30, controlled substance  ,Poland,827,128,0
INV001873,2020-04-17,Interfedox Pilobamol,Antiseptics,FRANKFURT PLANT,B2004-6892,2021-09-06,controlled substance,Germany,N/A,106,No
INV001874,2018-11-17,Kinenadryl,Antipiretics,POZNAN SITE,B1811-7389,2021-03-20,REFRIGERATED,Poland,2439,397,1
INV001875,2020-04-01,Nisorase,Antibiotics, Munich Plant  ,B2004-7189,2020-09-08,Refrigerated,Germany,1271,303,No
INV001876,2019-01-27,Nisorase,Antibiotics,MUNICH PLANT,B1901-5816,2019-08-14,Refrigerated,Germany,2168,267,FALSE
INV001877,2017-09-29, Microroban Afatigomar  ,Antimalarial,munich plant,B1709-9940,2020-08-16,room temperature,Germany,4580,100,No
INV001878,2020-04-10,Fosinofen,Antipiretics,Munich Plant,B2004-0674,2021-11-26, REFRIGERATED  ,Germany,2422,382,FALSE
INV001879,2019-01-30,Fentatrol Rapatelase,Antibiotics,FRANKFURT PLANT,B1901-9826,2019-08-31,controlled substance,Germany,1985,86,No
INV001880,2019-12-24, Oxymotroban Fexoformin  ,Analgesics,Krakow Facility,B1912-3827,2020-11-08,CONTROLLED SUBSTANCE,Poland,4236,235,No
INV001881,2019-04-28,Requimadin,Antimalarial,KRAKOW FACILITY,B1904-4034,2020-11-20, room temperature  ,Poland,3671,331,FALSE
INV001882,2019-03-18,Apronazol,Antibiotics,krakow facility,B1903-6561,2020-02-04,Refrigerated,Poland,7151,206,TRUE
INV001883,2019-01-15,Enzastryl,Antiseptics,KRAKOW FACILITY,B1901-1312,2020-06-05,Refrigerated,Poland,9936,330,FALSE
INV001884,2017-04-21,Alarudin Azarolac,Mood Stabilizers,Warsaw Plant,B1704-4720,2018-11-11, CONTROLLED SUBSTANCE  ,Poland,4039,118,FALSE
INV001885,2019-04-06, Requimadin  ,Antimalarial, KRAKOW FACILITY  ,B1904-9817,2022-02-10, CONTROLLED SUBSTANCE  ,Poland,4632,380,No
INV001886,2019-01-04,Proprabax,Analgesics, Warsaw Plant  ,B1901-9067,2020-08-14,CONTROLLED SUBSTANCE,Poland,8494,73,No
INV001887,2018-03-24,Bexridol,Antipiretics,Krakow Facility,B1803-0660,2019-12-16,Refrigerated,Poland,5747,53,No
INV001888,2018-07-14, Zyvance  ,Analgesics,frankfurt plant,B1807-9893,2019-08-09,ROOM TEMPERATURE,Germany,7289,202,No
INV001889,2019-06-25, Albudazole Erobloc  ,Antiseptics,FRANKFURT PLANT,B1906-6352,2020-08-05,Frozen,Germany,3700,80,FALSE
INV001890,2018-08-27,Doxivorin,Antimalarial,Poznan Site,B1808-9827,2019-04-03,Frozen,Poland,6183,118,No
INV001891,2018-07-30,Halcifergen Nevazone,Antimalarial, warsaw plant  ,B1807-9157,2020-04-03,frozen,Poland,3409,343,No
INV001892,2020-10-07,Zithrotrol,Antiseptics,Krakow Facility,B2010-3647,2021-06-24,Refrigerated,Poland,1424,392,FALSE
INV001893,2017-03-12,Microroban Afatigomar,Antimalarial, MUNICH PLANT  ,B1703-2108,2019-04-27,Refrigerated,Germany,2149,262,No
INV001894,2017-02-05,Quiniprosyn,Antiseptics, munich plant  ,B1702-1714,2019-04-05,FROZEN,Germany,8606,277,FALSE
INV001895,2018-01-31,Androporin,Antiseptics,Munich Plant,B1801-6679,2019-11-21,FROZEN,Germany,3369,335,No
INV001896,2019-03-31,Secrelazine Insonamic,Antipiretics,Munich Plant,B1903-8328,2019-09-27,frozen,Germany,3772,151,FALSE
INV001897,2019-01-07,Adalatamine,Antiseptics,POZNAN SITE,B1901-2373,2019-09-19,room temperature,Poland,5885,281,FALSE
INV001898,2018-07-15,Lactubucil,Antipiretics,POZNAN SITE,B1807-5226,2020-09-19,room temperature,Poland,9114,,No
INV001899,2018-04-11,Pitodomide,Antimalarial, Munich Plant  ,B1804-3057,2020-06-11, CONTROLLED SUBSTANCE  ,Germany,432,,No
INV001900,2020-03-01, Algluconium Dorzofoxin  ,Antibiotics,munich plant,B2003-7177,2022-05-16,Refrigerated,Germany,3609,99,FALSE
INV001901,2017-01-07, Quiniprosyn  ,Antiseptics,Munich Plant,B1701-2361,2018-09-03,Refrigerated,Germany,5500,320,No
INV001902,2017-09-04, Ketamara Evogel  ,Antipiretics,Poznan Site,B1709-7914,2019-03-11,controlled substance,Poland,8380,391,No
INV001903,2018-12-21, Sevoderm  ,Antipiretics,munich plant,B1812-5845,2021-10-28,Frozen,Germany,4000,187,FALSE
INV001904,2020-10-31,Epzipitant,Analgesics, poznan site  ,B2010-0966,2021-01-29,refrigerated,Poland,7216,301,Yes
INV001905,2020-01-01,Abtasol,Antiseptics,Munich Plant,B2001-1024,2022-06-29, ROOM TEMPERATURE  ,Germany,2009,386,No
INV001906,2018-10-26,Abilovir Aprotasol,Antipiretics,Poznan Site,B1810-8382,2020-12-26,Refrigerated,Poland,8353,282,No
INV001907,2018-01-19, Sumanazole  ,Analgesics,munich plant,B1801-1565,2019-09-26, room temperature  ,Germany,1350,269,No
INV001908,2020-05-24,Xenaminphen,Antimalarial, Warsaw Plant  ,B2005-2333,2021-09-24,Refrigerated,Poland,2301,353,No
INV001909,2019-02-22,Alglutriptan,Analgesics,Poznan Site,B1902-9060,2022-01-06, CONTROLLED SUBSTANCE  ,Poland,7276,343,FALSE
INV001910,2020-01-12,Lansopril Acribax,Antipiretics,Poznan Site,B2001-3692,2021-10-04,CONTROLLED SUBSTANCE,Poland,8438,158,No
INV001911,2017-04-29,Temasone Thiobucil,Antimalarial, frankfurt plant  ,B1704-3068,2019-06-16,Frozen,Germany,3383,170,No
INV001912,2020-05-04,Acantaine,Antibiotics, frankfurt plant  ,B2005-6991,2022-03-26,room temperature,Germany,9108,259,0
INV001913,2017-03-23,Lansopril Acribax,Antipiretics,Poznan Site,B1703-0114,2017-12-17,Refrigerated,Poland,264,399,No
INV001914,2017-12-05,Afaxacin,Analgesics,KRAKOW FACILITY,B1712-8253,2020-11-08,Refrigerated,Poland,6502,60,FALSE
INV001915,2020-01-05, Lioletine Refliruvax  ,Analgesics,Munich Plant,B2001-5231,2020-03-21,room temperature,Germany,3458,376,FALSE
INV001916,2017-09-07, Quixitriptan Alanesin  ,Antiseptics, Poznan Site  ,B1709-0945,2019-06-30,room temperature,Poland,5341,352,FALSE
INV001917,2019-02-10,Lactubucil,Antipiretics,POZNAN SITE,B1902-8968,2021-06-23,CONTROLLED SUBSTANCE,Poland,6777,146,No
INV001918,2020-12-29,Microroban Afatigomar,Antimalarial,Munich Plant,B2012-2060,2022-02-17,refrigerated,Germany,5453,377,FALSE
INV001919,2019-03-31,Atrabicin Alkerotec,Antiseptics,Krakow Facility,B1903-1862,2020-12-09, controlled substance  ,Poland,7079,223,No
INV001920,2020-02-28,Pulmogen Alitora,Antiseptics,frankfurt plant,B2002-2283,2022-04-07, frozen  ,Germany,1344,117,No
INV001921,2017-04-27,Ampysin,Analgesics, krakow facility  ,B1704-3450,2018-06-02, refrigerated  ,Poland,3945,341,No
INV001922,2019-11-18,Afinitasol,Antipiretics,Munich Plant,B1911-7029,2022-03-13,frozen,Germany,2726,245,0
INV001923,2019-02-07, Stelazolid  ,Antimalarial,Poznan Site,B1902-3427,2021-11-20,Refrigerated,Poland,3697,227,No
INV001924,2018-01-28,Quixitriptan Alanesin,Antiseptics,poznan site,B1801-2370,2020-01-21,room temperature,Poland,3854,235,No
INV001925,2019-10-15,Pazofenac,Mood Stabilizers,krakow facility,B1910-1972,2022-09-21,room temperature,Poland,245,126,No
INV001926,2020-01-15,Propratecan,Antimalarial,krakow facility,B2001-2887,2020-07-19,room temperature,Poland,7650,246,No
INV001927,2018-10-10,Veratorol Ciclovatol,Mood Stabilizers,POZNAN SITE,B1810-5711,2021-04-12, refrigerated  ,Poland,1231,284,No
INV001928,2017-02-19,Travosoline Capolac,Antipiretics,Poznan Site,B1702-3027,2019-10-16,Refrigerated,Poland,4393,77,FALSE
INV001929,2018-04-05,Megenorphine,Antimalarial,Frankfurt Plant,B1804-0434,2019-04-21,room temperature,Germany,6380,292,No
INV001930,2018-06-09,Aprerase,Antipiretics, frankfurt plant  ,B1806-5330,2019-12-12,Frozen,Germany,1707,61,0
INV001931,2020-12-19,Oxymotroban Fexoformin,Analgesics,KRAKOW FACILITY,B2012-6012,2022-07-28, Refrigerated  ,Poland,4903,243,FALSE
INV001932,2019-07-16,Alemtuvatol Megalinum,Analgesics,Krakow Facility,B1907-2017,2021-08-15,Frozen,Poland,423,389,No
INV001933,2020-06-13,Panpion,Antiseptics, Poznan Site  ,B2006-6906,2022-07-02,frozen,Poland,5126,128,No
INV001934,2017-02-26,Comzyme,Antibiotics,Warsaw Plant,B1702-1260,2017-09-30,Refrigerated,Poland,1455,347,FALSE
INV001935,2018-09-29, Vibratosine Alemtrace  ,Antibiotics, krakow facility  ,B1809-9935,2020-05-09,Refrigerated,Poland,8917,292,FALSE
INV001936,2018-12-10,Lioletine Refliruvax,Analgesics,Munich Plant,B1812-3733,2019-06-21,room temperature,Germany,3228,158,FALSE
INV001937,2020-10-19, Alglutriptan  ,Analgesics,Poznan Site,B2010-2959,2023-03-07,Frozen,Poland,1106,350,No
INV001938,2018-12-13,Effidomide Evofribrate,Antiseptics, Warsaw Plant  ,B1812-6674,2019-12-09, controlled substance  ,Poland,4006,324,No
INV001939,2018-10-07,Methiclotide,Antibiotics,Munich Plant,B1810-5669,2019-09-22, CONTROLLED SUBSTANCE  ,Germany,5246,341,No
INV001940,2020-04-17,Adalatamine,Antiseptics,Poznan Site,B2004-7947,2022-07-06,room temperature,Poland,3422,285,FALSE
INV001941,2017-10-06,Pulmodiol Adalaxime,Analgesics, Munich Plant  ,B1710-2424,2019-07-01,Frozen,Germany,6735,224,No
INV001942,2017-08-18, Acycpex  ,Mood Stabilizers,Warsaw Plant,B1708-3979,2020-06-22,room temperature,Poland,7631,330,FALSE
INV001943,2017-11-01, Eproline  ,Antibiotics,frankfurt plant,B1711-4003,2020-04-29,ROOM TEMPERATURE,Germany,539,385,FALSE
INV001944,2017-10-16,Thalilamide,Antibiotics, WARSAW PLANT  ,B1710-0212,2019-10-26,CONTROLLED SUBSTANCE,Poland,4323,329,0
INV001945,2020-03-24, Cyclovital  ,Antimalarial, Munich Plant  ,B2003-7452,2021-11-18,Refrigerated,Germany,6658,199,No
INV001946,2017-09-19, Alimmethate Insudase  ,Analgesics,KRAKOW FACILITY,B1709-6674,2019-07-23,Refrigerated,Poland,9103,230,No
INV001947,2017-09-21,Cephovelam,Mood Stabilizers, munich plant  ,B1709-5343,2018-09-20,CONTROLLED SUBSTANCE,Germany,4866,119,No
INV001948,2018-07-05, Raparidol  ,Mood Stabilizers,KRAKOW FACILITY,B1807-3738,2019-05-06,room temperature,Poland,5713,136,FALSE
INV001949,2017-03-13,Vibratosine Alemtrace,Antibiotics,KRAKOW FACILITY,B1703-4178,2020-01-29,frozen,Poland,7312,267,No
INV001950,2020-04-21, Diprotaine  ,Antiseptics,frankfurt plant,B2004-8922,2020-09-22, controlled substance  ,Germany,577,116,FALSE
INV001951,2020-02-20,Clinolan Pitoletra,Mood Stabilizers,Munich Plant,B2002-9847,2021-09-04,room temperature,Germany,2925,73,No
INV001952,2018-12-01,Argalazine Abostryl,Antipiretics, Poznan Site  ,B1812-7331,2019-07-21,Refrigerated,Poland,8186,207,FALSE
INV001953,2018-04-19,Morphizolid Tianalin,Mood Stabilizers,Krakow Facility,B1804-7676,2020-01-20, CONTROLLED SUBSTANCE  ,Poland,7186,391,No
INV001954,2017-01-02,Tiaracil,Antipiretics,WARSAW PLANT,B1701-8735,2018-11-05,Refrigerated,Poland,4193,366,0
INV001955,2019-07-22, Veratorol Ciclovatol  ,Mood Stabilizers,POZNAN SITE,B1907-7751,2020-11-16, controlled substance  ,Poland,9379,337,No
INV001956,2018-09-30,Dantocept Ferurenone,Antiseptics,Warsaw Plant,B1809-6286,2019-12-30,ROOM TEMPERATURE,Poland,3410,345,0
INV001957,2019-04-19,Kinerinex,Antiseptics,POZNAN SITE,B1904-7629,2020-08-27,ROOM TEMPERATURE,Poland,4865,231,No
INV001958,2017-08-29,Brimorix Amonine,Antibiotics,munich plant,B1708-5594,2020-02-29,room temperature,Germany,7674,142,No
INV001959,2020-11-16,Adriafinil Ehtymara,Antiseptics, FRANKFURT PLANT  ,B2011-4367,2022-10-19,REFRIGERATED,Germany,2005,238,1
INV001960,2018-10-10,Acycpex,Mood Stabilizers,Warsaw Plant,B1810-1104,2019-10-07,room temperature,Poland,1538,147,No
INV001961,2017-06-30, Proprabax  ,Analgesics,warsaw plant,B1706-0697,2019-07-24,ROOM TEMPERATURE,Poland,2428,353,No
INV001962,2019-01-03,Xenaminphen,Antimalarial,WARSAW PLANT,B1901-4354,2019-05-24,Frozen,Poland,709,167,No
INV001963,2020-09-08,Adtiza Gammaluble,Antibiotics,warsaw plant,B2009-1939,2022-10-01, CONTROLLED SUBSTANCE  ,Poland,7775,84,No
INV001964,2017-07-09,Sumanazole,Analgesics,munich plant,B1707-4701,2019-12-26,FROZEN,Germany,3954,72,0
INV001965,2020-01-22,Secrelazine Insonamic,Antipiretics,munich plant,B2001-4744,2021-04-28,FROZEN,Germany,4946,86,Yes
INV001966,2018-12-29,Xenaminphen,Antimalarial, WARSAW PLANT  ,B1812-5714,2019-05-12, Refrigerated  ,Poland,852,273,No
INV001967,2017-02-26,Ionclotide,Analgesics,krakow facility,B1702-0856,2019-05-17,controlled substance,Poland,7807,,No
INV001968,2018-10-20,Oxymotroban Fexoformin,Analgesics,KRAKOW FACILITY,B1810-7019,2019-01-19,Refrigerated,Poland,905,149,No
INV001969,2019-11-20,Malaxolol Aeroprosyn,Antiseptics, Frankfurt Plant  ,B1911-1965,2021-05-22,frozen,Germany,4057,,No
INV001970,2019-03-24,Symdocet,Antipiretics, poznan site  ,B1903-7811,2019-10-15,Frozen,Poland,1732,143,FALSE
INV001971,2020-12-22, Zonixamine Immulinum  ,Analgesics,MUNICH PLANT,B2012-5875,2021-04-21,room temperature,Germany,7555,172,FALSE
INV001972,2020-03-18,Formolovir Amanferon,Analgesics,Munich Plant,B2003-6096,2022-03-31,room temperature,Germany,7999,72,FALSE
INV001973,2020-10-05,Travosoline Capolac,Antipiretics,Poznan Site,B2010-0947,2021-03-02, Frozen  ,Poland,6683,365,FALSE
INV001974,2019-08-22,Hepavice,Mood Stabilizers, warsaw plant  ,B1908-6843,2020-04-05,room temperature,Poland,6935,262,FALSE
INV001975,2020-02-28,Halciramine,Antimalarial, Frankfurt Plant  ,B2002-7158,2020-07-27,refrigerated,Germany,2798,89,No
INV001976,2020-06-15,Cricane Acamsumab,Antiseptics, Warsaw Plant  ,B2006-7249,2021-08-27, Refrigerated  ,Poland,3254,314,No
INV001977,2020-06-08,Insozyme,Antiseptics,Poznan Site,B2006-9529,2021-08-28,Refrigerated,Poland,5411,360,No
INV001978,2019-06-25,Cephovelam,Mood Stabilizers,Munich Plant,B1906-1904,2020-07-14, room temperature  ,Germany,5165,70,No
INV001979,2019-09-12,Cricane Acamsumab,Antiseptics,Warsaw Plant,B1909-2172,2020-07-05,controlled substance,Poland,4022,398,No
INV001980,2018-06-29, Acycnafine Microvate  ,Mood Stabilizers,Frankfurt Plant,B1806-4273,2018-11-03,ROOM TEMPERATURE,Germany,7295,335,No
INV001981,2019-12-29,Fosinofen,Antipiretics, munich plant  ,B1912-1634,2020-11-02, REFRIGERATED  ,Germany,7845,75,FALSE
INV001982,2020-03-14,Adriafinil Ehtymara,Antiseptics,FRANKFURT PLANT,B2003-2416,2021-12-28, room temperature  ,Germany,5509,128,No
INV001983,2019-02-16,Claripenem,Antibiotics,warsaw plant,B1902-2511,2022-01-10, ROOM TEMPERATURE  ,Poland,9561,295,No
INV001984,2019-03-01,Ketastadil,Analgesics, frankfurt plant  ,B1903-2085,2019-10-10,room temperature,Germany,7040,340,No
INV001985,2020-07-06,Brimorix Amonine,Antibiotics,MUNICH PLANT,B2007-4652,2023-04-06,Refrigerated,Germany,7272,392,No
INV001986,2019-04-01,Symbisine Prednimadin,Mood Stabilizers,frankfurt plant,B1904-1235,2021-08-27,Frozen,Germany,911,125,FALSE
INV001987,2018-04-25,Syntheruvax Proracin,Antimalarial, Warsaw Plant  ,B1804-7592,2020-05-07,refrigerated,Poland,1931,129,FALSE
INV001988,2017-01-22,Flutacerol,Analgesics, frankfurt plant  ,B1701-9523,2017-04-04, room temperature  ,Germany,6221,74,No
INV001989,2017-03-28,Malaxolol Aeroprosyn,Antiseptics,FRANKFURT PLANT,B1703-3325,2019-10-09, CONTROLLED SUBSTANCE  ,Germany,5513,126,No
INV001990,2020-03-31, Insozyme  ,Antiseptics,Poznan Site,B2003-8830,2022-08-12,room temperature,Poland,1773,317,No
INV001991,2019-05-31,Benzoprox,Antiseptics,KRAKOW FACILITY,B1905-6177,2020-11-02,Frozen,Poland,9782,78,No
INV001992,2018-04-27,Lansostral Acgestin,Antiseptics, Munich Plant  ,B1804-5556,2020-12-12,controlled substance,Germany,1754,299,0
INV001993,2017-04-20,Alemtuvatol Megalinum,Analgesics, krakow facility  ,B1704-1049,2018-07-15, controlled substance  ,Poland,1379,143,FALSE
INV001994,2019-09-18,Saprodeine Zanprosyn,Antibiotics, Poznan Site  ,B1909-3555,2022-05-20,controlled substance,Poland,9088,192,FALSE
INV001995,2017-01-10,Claripenem,Antibiotics, Warsaw Plant  ,B1701-4481,2018-06-06,room temperature,Poland,1149,320,No
INV001996,2018-03-04, Hemavate Spirolinum  ,Mood Stabilizers,Warsaw Plant,B1803-9474,2020-10-01,frozen,Poland,7745,342,0
INV001997,2019-05-11, Lansopril Acribax  ,Antipiretics,Poznan Site,B1905-2097,2020-02-26,Frozen,Poland,2846,263,No
INV001998,2019-02-03,Panpion,Antiseptics,Poznan Site,B1902-3222,2019-06-07,room temperature,Poland,9607,278,FALSE
INV001999,2018-01-27,Panpion,Antiseptics,POZNAN SITE,B1801-2771,2020-09-04,FROZEN,Poland,343,392,0
INV002000,2017-12-30,Benzoprox,Antiseptics, Krakow Facility  ,B1712-4090,2020-04-02, room temperature  ,Poland,4219,94,No
INV002001,2019-11-10,Ultrimax Ultriset,Antiseptics,Krakow Facility,B1911-5877,2021-03-03,controlled substance,Poland,3065,86,FALSE
INV002002,2020-03-04,Kinenadryl,Antipiretics,poznan site,B2003-1908,2022-05-01,FROZEN,Poland,8838,291,No
INV002003,2018-02-08,Sanctumine,Antimalarial,WARSAW PLANT,B1802-1239,2018-07-13,Refrigerated,Poland,6564,73,FALSE
INV002004,2017-01-09,Lovepion,Antiseptics, KRAKOW FACILITY  ,B1701-6717,2019-07-14, Frozen  ,Poland,1620,248,No
INV002005,2020-07-13,Testant,Mood Stabilizers,Warsaw Plant,B2007-6842,2022-07-31, room temperature  ,Poland,7434,145,No
INV002006,2018-10-16,Hemavate Spirolinum,Mood Stabilizers,warsaw plant,B1810-3238,2021-10-10,Refrigerated,Poland,6010,272,No
INV002007,2020-06-05,Exexone,Mood Stabilizers,munich plant,B2006-7431,2022-10-27,room temperature,Germany,423,337,No
INV002008,2020-06-10,Aggretisol,Antimalarial,Krakow Facility,B2006-5597,2023-05-28,frozen,Poland,9371,111,No
INV002009,2018-01-13,Tiaracil,Antipiretics,Warsaw Plant,B1801-4339,2020-02-15,controlled substance,Poland,8589,300,No
INV002010,2017-01-21,Brimorix Amonine,Antibiotics,munich plant,B1701-7666,2019-01-26,ROOM TEMPERATURE,Germany,6174,203,No
INV002011,2018-10-28,Atrabicin Alkerotec,Antiseptics, KRAKOW FACILITY  ,B1810-2508,2021-08-03,Refrigerated,Poland,6116,382,FALSE
INV002012,2017-12-17,Methiclotide,Antibiotics,Munich Plant,B1712-4044,2020-07-24,FROZEN,Germany,9584,91,FALSE
INV002013,2018-08-20,Algluconium Dorzofoxin,Antibiotics,Munich Plant,B1808-8064,2020-11-10, ROOM TEMPERATURE  ,Germany,1146,129,No
INV002014,2019-01-19,Diprotaine,Antiseptics,FRANKFURT PLANT,B1901-3331,2020-11-16,CONTROLLED SUBSTANCE,Germany,6340,142,No
INV002015,2020-06-26,Antilamin Clinbital,Antibiotics,FRANKFURT PLANT,B2006-8726,2022-10-04,REFRIGERATED,Germany,3627,316,FALSE
INV002016,2018-10-11,Adalatamine,Antiseptics, Poznan Site  ,B1810-6840,2021-07-11,room temperature,Poland,8792,177,No
INV002017,2019-02-09,Apronazol,Antibiotics,krakow facility,B1902-1279,2021-06-05,controlled substance,Poland,9325,358,No
INV002018,2020-03-02,Enzastryl,Antiseptics,KRAKOW FACILITY,B2003-3894,2021-07-28,Refrigerated,Poland,498,123,FALSE
INV002019,2019-07-30, Belavarix Benzabicin  ,Antibiotics,frankfurt plant,B1907-2261,2020-12-25,CONTROLLED SUBSTANCE,Germany,2267,82,No
INV002020,2018-11-30,Zynosine,Antimalarial,Warsaw Plant,B1811-8540,2019-03-06,REFRIGERATED,Poland,3777,94,FALSE
INV002021,2018-07-10, Spiroderall  ,Mood Stabilizers,munich plant,B1807-0724,2020-05-18, room temperature  ,Germany,1672,299,0
INV002022,2019-05-14, Paronium Atracustone  ,Analgesics,munich plant,B1905-7987,2019-10-01,CONTROLLED SUBSTANCE,Germany,8711,363,FALSE
INV002023,2020-08-28,Aclonuma,Antimalarial,warsaw plant,B2008-2404,2022-03-30,controlled substance,Poland,4733,395,FALSE
INV002024,2018-07-17,Cogxone Levanide,Antimalarial, Poznan Site  ,B1807-9799,2018-12-31,frozen,Poland,2315,234,No
INV002025,2020-12-17,Pentastrin,Antibiotics, Frankfurt Plant  ,B2012-8361,2023-06-09, room temperature  ,Germany,1562,231,No
INV002026,2019-07-24, Saprodeine Zanprosyn  ,Antibiotics,Poznan Site,B1907-4517,2020-09-13,room temperature,Poland,4839,172,0
INV002027,2017-02-22,Proprabax,Analgesics,Warsaw Plant,B1702-0927,2018-08-25,controlled substance,Poland,5515,281,No
INV002028,2020-04-06,Zarostral,Antipiretics,WARSAW PLANT,B2004-5032,2020-10-06, room temperature  ,Poland,843,375,No
INV002029,2017-04-12, Relenstrel Exurabine  ,Antibiotics,WARSAW PLANT,B1704-2443,2020-01-06,frozen,Poland,8149,170,No
INV002030,2017-11-19,Aprerase,Antipiretics,Frankfurt Plant,B1711-1029,2020-05-20,Refrigerated,Germany,8632,272,No
INV002031,2019-10-03, Raparidol  ,Mood Stabilizers,Krakow Facility,B1910-8122,2020-06-04,frozen,Poland,7432,318,No
INV002032,2020-10-14,Lovephilus,Analgesics,Poznan Site,B2010-7127,2023-09-29, room temperature  ,Poland,3870,392,No
INV002033,2018-08-12, Microroban Afatigomar  ,Antimalarial,munich plant,B1808-1193,2020-01-28,controlled substance,Germany,1606,221,0
INV002034,2018-11-17,Apromin,Antiseptics, poznan site  ,B1811-8698,2019-03-16,FROZEN,Poland,6605,287,FALSE
INV002035,2017-07-03,Topifribrate,Analgesics, Munich Plant  ,B1707-6495,2017-10-25,controlled substance,Germany,9323,76,No
INV002036,2020-12-30,Adtiza Gammaluble,Antibiotics,WARSAW PLANT,B2012-5366,2021-05-01,Refrigerated,Poland,7677,362,No
INV002037,2019-03-23,Adideine,Mood Stabilizers,krakow facility,B1903-6814,2020-10-31,refrigerated,Poland,8366,142,No
INV002038,2017-04-04,Formolovir Amanferon,Analgesics,Munich Plant,B1704-9072,2019-12-23,FROZEN,Germany,9600,,No
INV002039,2018-10-25,Topipizole,Mood Stabilizers,WARSAW PLANT,B1810-3831,2020-06-13,FROZEN,Poland,9427,64,No
INV002040,2019-06-11,Thalilamide,Antibiotics,WARSAW PLANT,B1906-8167,2021-02-26,ROOM TEMPERATURE,Poland,1865,387,No
INV002041,2017-01-08,Nisorase,Antibiotics,MUNICH PLANT,B1701-0948,2019-06-26,refrigerated,Germany,6942,358,No
INV002042,2020-02-25,Aspinavir Silovance,Antibiotics,Poznan Site,B2002-3374,2022-04-15,controlled substance,Poland,9875,225,No
INV002043,2019-10-15,Amphesirox,Antiseptics,WARSAW PLANT,B1910-5912,2022-09-10,ROOM TEMPERATURE,Poland,8555,260,FALSE
INV002044,2018-11-27,Zonitonin,Antiseptics,Warsaw Plant,B1811-2486,2021-09-19,CONTROLLED SUBSTANCE,Poland,5956,294,No
INV002045,2020-03-31, Ranediol  ,Antibiotics, Warsaw Plant  ,B2003-0337,2022-11-22,Frozen,Poland,4003,368,1
INV002046,2019-11-17,Presetron,Mood Stabilizers,frankfurt plant,B1911-3696,2021-02-27,room temperature,Germany,8003,310,No
INV002047,2019-08-21,Thionide,Analgesics,MUNICH PLANT,B1908-3086,2020-11-30, controlled substance  ,Germany,2998,51,No
INV002048,2017-01-17, Novakyn Tracprox  ,Antiseptics,POZNAN SITE,B1701-9899,2018-05-09,controlled substance,Poland,5369,198,FALSE
INV002049,2019-09-11,Diprotaine,Antiseptics,Frankfurt Plant,B1909-1726,2019-11-18,room temperature,Germany,1370,199,No
INV002050,2019-08-11, Abatatriptan  ,Antibiotics,Munich Plant,B1908-7324,2020-02-24,CONTROLLED SUBSTANCE,Germany,1487,103,No
INV002051,2018-10-11,Aprerase,Antipiretics, FRANKFURT PLANT  ,B1810-2716,2021-02-15,controlled substance,Germany,7480,299,No
INV002052,2018-11-24,Victomine,Antimalarial,Krakow Facility,B1811-9847,2019-09-15,Frozen,Poland,7782,,FALSE
INV002053,2019-05-22, Effigine Propraprex  ,Antimalarial,Frankfurt Plant,B1905-4644,2021-09-14, Refrigerated  ,Germany,6662,283,0
INV002054,2017-08-13,Ketamara Evogel,Antipiretics,poznan site,B1708-7100,2018-06-13, REFRIGERATED  ,Poland,9771,304,No
INV002055,2019-11-12, Interfeferon Aspipex  ,Antiseptics,Frankfurt Plant,B1911-2198,2022-04-09,FROZEN,Germany,8190,308,No
INV002056,2019-06-04,Rebedase Aplencor,Mood Stabilizers,Munich Plant,B1906-6685,2020-06-08, ROOM TEMPERATURE  ,Germany,9730,271,No
INV002057,2017-04-01,Apromin,Antiseptics,POZNAN SITE,B1704-3430,2018-11-26, Frozen  ,Poland,2672,372,No
INV002058,2017-12-12,Factolamide,Antiseptics, warsaw plant  ,B1712-9405,2020-07-30,controlled substance,Poland,8374,392,No
INV002059,2020-01-22,Pulmodiol Adalaxime,Analgesics, MUNICH PLANT  ,B2001-8697,2022-08-18,controlled substance,Germany,6186,267,No
INV002060,2018-02-14,Acelimus,Analgesics,Warsaw Plant,B1802-1417,2019-05-25,controlled substance,Poland,3251,340,FALSE
INV002061,2018-12-31,Hepavice,Mood Stabilizers,WARSAW PLANT,B1812-5014,2021-10-02,controlled substance,Poland,8924,347,FALSE
INV002062,2019-04-09,Ceretosine,Antiseptics,Poznan Site,B1904-8112,2021-10-02,FROZEN,Poland,3238,109,No
INV002063,2018-04-13,Adtiza Gammaluble,Antibiotics,Warsaw Plant,B1804-4253,2019-07-16,ROOM TEMPERATURE,Poland,8809,269,No
INV002064,2018-01-19,Belavarix Benzabicin,Antibiotics,Frankfurt Plant,B1801-8395,2019-03-24,REFRIGERATED,Germany,N/A,179,No
INV002065,2020-08-14,Tacrodomide,Antipiretics,KRAKOW FACILITY,B2008-8007,2022-06-02, Refrigerated  ,Poland,5251,225,FALSE
INV002066,2019-08-25,Effidomide Evofribrate,Antiseptics,Warsaw Plant,B1908-8556,2022-04-16,room temperature,Poland,6587,65,No
INV002067,2019-04-05, Exotropin Empizine  ,Mood Stabilizers,poznan site,B1904-8633,2019-10-28,refrigerated,Poland,5827,305,FALSE
INV002068,2017-03-01,Zarostral,Antipiretics,WARSAW PLANT,B1703-9893,2017-11-19, room temperature  ,Poland,221,290,No
INV002069,2020-03-03, Comzyme  ,Antibiotics,WARSAW PLANT,B2003-3614,2021-04-14,Refrigerated,Poland,N/A,368,FALSE
INV002070,2019-02-25,Relenstrel Exurabine,Antibiotics,Warsaw Plant,B1902-4278,2019-12-06, room temperature  ,Poland,2704,51,No
INV002071,2017-12-19,Afinitasol,Antipiretics,MUNICH PLANT,B1712-4095,2019-07-01,FROZEN,Germany,2228,178,No
INV002072,2018-06-10,Clinolan Pitoletra,Mood Stabilizers, munich plant  ,B1806-2973,2019-02-23,refrigerated,Germany,8240,206,No
INV002073,2018-02-07,Abilovir Aprotasol,Antipiretics,Poznan Site,B1802-9529,2018-07-27, controlled substance  ,Poland,2877,249,No
INV002074,2018-01-12,Diprotaine,Antiseptics,frankfurt plant,B1801-4010,2020-04-18,room temperature,Germany,5886,268,FALSE
INV002075,2017-11-09,Biotasol Siloderm,Antiseptics,FRANKFURT PLANT,B1711-2474,2018-07-31,room temperature,Germany,2454,71,No
INV002076,2018-10-14,Fentatrol Rapatelase,Antibiotics,frankfurt plant,B1810-0771,2019-11-23,Frozen,Germany,339,110,FALSE
INV002077,2018-12-02,Aprerase,Antipiretics,Frankfurt Plant,B1812-9343,2019-07-15,room temperature,Germany,5253,354,FALSE
INV002078,2020-02-24, Theopril  ,Antipiretics,Krakow Facility,B2002-7418,2022-10-09,refrigerated,Poland,2981,,No
INV002079,2017-03-24, Proderal  ,Antiseptics,Munich Plant,B1703-6022,2017-06-23,room temperature,Germany,6978,272,0
INV002080,2019-03-25,Apromin,Antiseptics,Poznan Site,B1903-8583,2020-07-29,Refrigerated,Poland,N/A,386,No
INV002081,2018-04-13,Diprotaine,Antiseptics,frankfurt plant,B1804-9681,2020-05-27,CONTROLLED SUBSTANCE,Germany,698,59,No
INV002082,2017-05-15, Dantolac Pazocor  ,Analgesics,warsaw plant,B1705-9060,2019-09-25, Frozen  ,Poland,1303,90,No
INV002083,2018-10-16,Amlominphen Dexanovate,Analgesics,warsaw plant,B1810-0551,2020-04-19, room temperature  ,Poland,7250,97,No
INV002084,2018-03-01,Adriacaine,Mood Stabilizers,munich plant,B1803-3787,2019-02-11,Frozen,Germany,4589,155,No
INV002085,2020-09-24,Lovavatol Azelavarix,Mood Stabilizers, FRANKFURT PLANT  ,B2009-7583,2023-08-29,ROOM TEMPERATURE,Germany,878,293,No
INV002086,2018-12-11,Ketamara Evogel,Antipiretics,Poznan Site,B1812-7036,2019-05-02,refrigerated,Poland,7579,355,No
INV002087,2019-08-08, Abilovir Aprotasol  ,Antipiretics,Poznan Site,B1908-3135,2021-06-03,controlled substance,Poland,2833,148,0
INV002088,2019-03-25,Ionclotide,Analgesics,krakow facility,B1903-5317,2020-02-27,room temperature,Poland,2350,259,No
INV002089,2017-11-24,Methiclotide,Antibiotics,munich plant,B1711-3132,2020-03-09,room temperature,Germany,8944,83,FALSE
INV002090,2018-10-31,Symbiroban,Antibiotics, poznan site  ,B1810-2185,2019-06-18,controlled substance,Poland,7508,89,No
INV002091,2019-06-07,Ganineva Agenium,Antiseptics, Frankfurt Plant  ,B1906-8720,2021-12-28,controlled substance,Germany,5141,,No
INV002092,2017-09-09,Fentatrol Rapatelase,Antibiotics,Frankfurt Plant,B1709-2801,2019-03-08, Refrigerated  ,Germany,271,52,FALSE
INV002093,2018-02-08,Veratorol Ciclovatol,Mood Stabilizers, Poznan Site  ,B1802-4994,2019-05-05,Refrigerated,Poland,1436,100,No
INV002094,2017-04-02, Fosinofen  ,Antipiretics, Munich Plant  ,B1704-5446,2019-07-28,Refrigerated,Germany,1632,390,FALSE
INV002095,2019-01-30,Dorzovorin Pentadarone,Antimalarial, Poznan Site  ,B1901-3990,2020-06-06, Frozen  ,Poland,9597,340,No
INV002096,2018-11-20,Tiaracil,Antipiretics, Warsaw Plant  ,B1811-7699,2019-08-18,Frozen,Poland,2890,349,FALSE
INV002097,2019-06-11,Kinenadryl,Antipiretics,poznan site,B1906-7681,2021-06-23,frozen,Poland,4914,77,FALSE
INV002098,2020-02-08,Ceretosine,Antiseptics,poznan site,B2002-7847,2020-09-15,room temperature,Poland,6238,136,No
INV002099,2019-01-11,Primatate Univatol,Mood Stabilizers,frankfurt plant,B1901-9885,2020-05-13,room temperature,Germany,1979,88,No
INV002100,2019-01-20,Symbiroban,Antibiotics,POZNAN SITE,B1901-0043,2020-05-06,room temperature,Poland,3667,133,No
INV002101,2020-02-21, Interfestar  ,Antibiotics, Munich Plant  ,B2002-9538,2021-12-15, frozen  ,Germany,2055,124,No
INV002102,2018-10-11, Claricriptine Adaferol  ,Antibiotics, Frankfurt Plant  ,B1810-2777,2020-07-13, REFRIGERATED  ,Germany,2779,169,No
INV002103,2017-03-02,Halcifergen Nevazone,Antimalarial,Warsaw Plant,B1703-8284,2017-12-04, Frozen  ,Poland,3451,61,Yes
INV002104,2017-03-24,Araxetine,Antibiotics,FRANKFURT PLANT,B1703-1501,2018-10-04,FROZEN,Germany,9836,53,No
INV002105,2020-05-27,Abilovir Aprotasol,Antipiretics, poznan site  ,B2005-0578,2021-07-12,Refrigerated,Poland,1814,388,No
INV002106,2017-01-26,Eproline,Antibiotics, Frankfurt Plant  ,B1701-4745,2019-03-18,Frozen,Germany,9357,341,No
INV002107,2020-07-31,Ciclonazol,Antiseptics, KRAKOW FACILITY  ,B2007-8888,2021-05-04,Refrigerated,Poland,9224,379,No
INV002108,2020-12-15,Belavarix Benzabicin,Antibiotics,Frankfurt Plant,B2012-8566,2022-01-20,controlled substance,Germany,2631,211,FALSE
INV002109,2018-11-16,Amlominphen Dexanovate,Analgesics,WARSAW PLANT,B1811-2904,2019-04-30,room temperature,Poland,8737,75,FALSE
INV002110,2020-09-08,Bexridol,Antipiretics,KRAKOW FACILITY,B2009-5919,2022-06-21,controlled substance,Poland,1610,377,FALSE
INV002111,2020-07-14,Palodizem,Mood Stabilizers,KRAKOW FACILITY,B2007-8322,2022-04-27,CONTROLLED SUBSTANCE,Poland,4137,204,No
INV002112,2017-06-21,Androporin,Antiseptics,MUNICH PLANT,B1706-2871,2019-09-20, CONTROLLED SUBSTANCE  ,Germany,3554,353,No
INV002113,2018-09-08,Nisorase,Antibiotics,Munich Plant,B1809-3460,2021-07-13,Refrigerated,Germany,3093,82,No
INV002114,2017-11-28,Doxivorin,Antimalarial,POZNAN SITE,B1711-8342,2018-02-09,Refrigerated,Poland,8062,371,No
INV002115,2018-08-18,Interfeferon Aspipex,Antiseptics,frankfurt plant,B1808-1533,2021-05-16,FROZEN,Germany,3542,312,FALSE
INV002116,2018-03-11,Secrelazine Insonamic,Antipiretics,Munich Plant,B1803-8833,2019-05-13,frozen,Germany,565,271,No
INV002117,2017-07-15,Requimadin,Antimalarial,Krakow Facility,B1707-0831,2020-03-20, Frozen  ,Poland,1191,131,No
INV002118,2020-12-22, Vibratosine Alemtrace  ,Antibiotics,Krakow Facility,B2012-3751,2022-05-21,room temperature,Poland,1461,365,FALSE
INV002119,2017-01-18,Ionclotide,Analgesics,krakow facility,B1701-6905,2018-04-04,FROZEN,Poland,7701,82,FALSE
INV002120,2018-12-30,Abranatal Lysoprosate,Antiseptics, munich plant  ,B1812-1407,2019-07-18,Frozen,Germany,7643,97,No
INV002121,2017-06-30,Amphesirox,Antiseptics,WARSAW PLANT,B1706-4345,2019-04-18, ROOM TEMPERATURE  ,Poland,2484,279,No
INV002122,2019-08-06,Nevanide Actozide,Antibiotics,Krakow Facility,B1908-2991,2022-06-27,REFRIGERATED,Poland,4156,361,0
INV002123,2019-03-25,Ribabyclor,Antiseptics, WARSAW PLANT  ,B1903-2328,2021-02-01,Frozen,Poland,3657,207,FALSE
INV002124,2019-03-14,Diprotaine,Antiseptics,FRANKFURT PLANT,B1903-3427,2022-01-15,room temperature,Germany,7098,330,No
INV002125,2019-05-08,Veratorol Ciclovatol,Mood Stabilizers,Poznan Site,B1905-6612,2022-02-02, FROZEN  ,Poland,522,265,FALSE
INV002126,2018-12-19,Adriafinil Ehtymara,Antiseptics, FRANKFURT PLANT  ,B1812-1116,2020-08-09,FROZEN,Germany,3021,339,No
INV002127,2017-01-29,Victomax,Analgesics,frankfurt plant,B1701-4308,2017-10-05,room temperature,Germany,6920,124,No
INV002128,2020-07-13,Belavarix Benzabicin,Antibiotics, frankfurt plant  ,B2007-1142,2020-12-02,FROZEN,Germany,4302,148,No
INV002129,2017-04-09,Zynosine,Antimalarial,WARSAW PLANT,B1704-2635,2017-08-14,Frozen,Poland,9583,287,FALSE
INV002130,2019-05-05,Quiniprosyn,Antiseptics, Munich Plant  ,B1905-2567,2020-09-19,controlled substance,Germany,506,367,No
INV002131,2020-10-26,Feruprazole,Mood Stabilizers,POZNAN SITE,B2010-5449,2022-02-08,Refrigerated,Poland,5905,338,FALSE
INV002132,2017-03-21,Tetratanyl,Antimalarial,poznan site,B1703-9977,2019-04-16,CONTROLLED SUBSTANCE,Poland,6062,385,No
INV002133,2018-11-04,Duraprazole Agalsixolol,Antiseptics,frankfurt plant,B1811-0217,2021-08-31,room temperature,Germany,3515,74,No
INV002134,2020-08-14,Halciramine,Antimalarial,frankfurt plant,B2008-7059,2021-12-01,controlled substance,Germany,5047,379,No
INV002135,2018-04-13,Penitrana,Analgesics, Frankfurt Plant  ,B1804-4238,2019-06-25,room temperature,Germany,2811,62,FALSE
INV002136,2020-12-27, Paronium Atracustone  ,Analgesics,MUNICH PLANT,B2012-4446,2023-10-26, CONTROLLED SUBSTANCE  ,Germany,5208,177,0
INV002137,2019-01-06,Factofribrate,Mood Stabilizers,Frankfurt Plant,B1901-9381,2021-02-19,CONTROLLED SUBSTANCE,Germany,7762,86,No
INV002138,2017-07-11,Paronium Atracustone,Analgesics,MUNICH PLANT,B1707-6060,2020-04-11,Frozen,Germany,2637,233,No
INV002139,2019-07-09,Diazemid Felcept,Analgesics,warsaw plant,B1907-3611,2021-09-09,refrigerated,Poland,6680,366,No
INV002140,2020-05-17,Amcibax Amcikeran,Analgesics, frankfurt plant  ,B2005-0324,2021-11-23,Frozen,Germany,9782,119,No
INV002141,2018-01-26,Tetratanyl,Antimalarial,Poznan Site,B1801-1885,2020-08-08,controlled substance,Poland,2968,102,No
INV002142,2017-11-28,Methiclotide,Antibiotics,Munich Plant,B1711-9454,2019-09-26,Refrigerated,Germany,212,392,No
INV002143,2020-10-20,Allomenda,Antipiretics,Poznan Site,B2010-6154,2021-12-04,Frozen,Poland,7047,206,FALSE
INV002144,2018-02-25,Cephovelam,Mood Stabilizers,Munich Plant,B1802-3563,2019-07-03, room temperature  ,Germany,6694,210,No
INV002145,2019-11-18, Darlofen  ,Antipiretics,Poznan Site,B1911-8746,2022-06-29,ROOM TEMPERATURE,Poland,372,202,No
INV002146,2017-10-05,Magneprex,Antimalarial,Krakow Facility,B1710-4293,2019-05-02,ROOM TEMPERATURE,Poland,231,283,No
INV002147,2019-08-29,Decidenu Galantrigine,Antipiretics,Munich Plant,B1908-4967,2022-05-07, controlled substance  ,Germany,1106,195,No
INV002148,2019-12-30,Cephovelam,Mood Stabilizers,MUNICH PLANT,B1912-0135,2022-08-02,controlled substance,Germany,1040,122,FALSE
INV002149,2017-01-31,Ionclotide,Analgesics,KRAKOW FACILITY,B1701-0770,2019-07-26,controlled substance,Poland,1063,129,No
INV002150,2019-12-18,Sevotrana Tiafoxin,Analgesics,krakow facility,B1912-4059,2021-08-29, FROZEN  ,Poland,3983,395,No
INV002151,2020-12-31, Antaparin Varizyme  ,Mood Stabilizers, MUNICH PLANT  ,B2012-2882,2021-03-27,room temperature,Germany,9361,182,0
INV002152,2018-06-27,Atrabicin Alkerotec,Antiseptics,krakow facility,B1806-6157,2020-10-04,room temperature,Poland,687,56,No
INV002153,2017-03-29,Enzastryl,Antiseptics,Krakow Facility,B1703-1127,2018-03-26, FROZEN  ,Poland,2403,389,FALSE
INV002154,2017-08-09,Effidomide Evofribrate,Antiseptics, warsaw plant  ,B1708-4416,2019-01-02,Refrigerated,Poland,8192,325,FALSE
INV002155,2019-02-18, Adtiza Gammaluble  ,Antibiotics,warsaw plant,B1902-1428,2021-12-20,Refrigerated,Poland,9628,250,No
INV002156,2019-05-29,Aclonuma,Antimalarial,WARSAW PLANT,B1905-6898,2022-01-08,room temperature,Poland,8747,116,No
INV002157,2020-11-14,Theopril,Antipiretics, krakow facility  ,B2011-1011,2021-07-28,room temperature,Poland,9152,397,No
INV002158,2019-08-06,Proprabax,Analgesics, warsaw plant  ,B1908-3449,2020-07-19, frozen  ,Poland,772,206,No
INV002159,2017-06-01, Ciclonazol  ,Antiseptics,Krakow Facility,B1706-5653,2018-02-06,ROOM TEMPERATURE,Poland,8560,68,FALSE
INV002160,2018-09-06, Symbiroban  ,Antibiotics,poznan site,B1809-6530,2020-12-17,room temperature,Poland,6582,274,FALSE
INV002161,2018-11-30, Morphizolid Tianalin  ,Mood Stabilizers,KRAKOW FACILITY,B1811-4413,2021-06-17,Refrigerated,Poland,8292,100,No
INV002162,2019-02-13,Malavirine Alimdine,Mood Stabilizers, munich plant  ,B1902-9744,2020-10-11,room temperature,Germany,1541,259,FALSE
INV002163,2020-11-22,Biotasol Siloderm,Antiseptics,Frankfurt Plant,B2011-9476,2022-12-26,REFRIGERATED,Germany,5665,129,No
INV002164,2019-03-16, Testant  ,Mood Stabilizers, warsaw plant  ,B1903-0918,2021-12-28,ROOM TEMPERATURE,Poland,1087,267,No
INV002165,2018-08-24, Abatatriptan  ,Antibiotics, MUNICH PLANT  ,B1808-7176,2019-10-11, REFRIGERATED  ,Germany,5372,211,FALSE
INV002166,2020-11-02,Magnemunex,Antiseptics, Munich Plant  ,B2011-7600,2023-04-25,room temperature,Germany,2588,340,No
INV002167,2020-09-08, Acantaine  ,Antibiotics,FRANKFURT PLANT,B2009-7969,2023-04-04, Frozen  ,Germany,2186,278,No
INV002168,2019-09-14,Oxymotroban Fexoformin,Analgesics,Krakow Facility,B1909-8550,2020-12-06,frozen,Poland,773,347,FALSE
INV002169,2019-07-09,Aggrakine,Antiseptics, Poznan Site  ,B1907-0636,2021-12-08, refrigerated  ,Poland,3174,168,0
INV002170,2019-10-06,Menogine,Antiseptics,frankfurt plant,B1910-0486,2019-12-06, controlled substance  ,Germany,1040,120,No
INV002171,2019-04-25,Acubulin,Antipiretics,POZNAN SITE,B1904-2404,2022-04-06,Frozen,Poland,5724,327,No
INV002172,2019-01-24,Eproline,Antibiotics, Frankfurt Plant  ,B1901-2775,2021-09-06,REFRIGERATED,Germany,2059,,No
INV002173,2019-10-12, Lioletine Refliruvax  ,Analgesics, munich plant  ,B1910-9679,2021-06-06, Refrigerated  ,Germany,525,351,FALSE
INV002174,2018-03-31,Topitaine,Mood Stabilizers,frankfurt plant,B1803-8076,2019-04-14, Frozen  ,Germany,6977,225,No
INV002175,2020-10-16,Androporin,Antiseptics,munich plant,B2010-1048,2022-01-07,Frozen,Germany,5247,359,No
INV002176,2020-11-03,Acelimus,Analgesics,Warsaw Plant,B2011-4594,2021-01-09,Refrigerated,Poland,6730,360,No
INV002177,2018-11-04, Allomenda  ,Antipiretics, Poznan Site  ,B1811-3553,2019-02-21,Frozen,Poland,1815,127,FALSE
INV002178,2020-06-17,Novakyn Tracprox,Antiseptics,poznan site,B2006-2970,2021-07-23,frozen,Poland,4917,87,No
INV002179,2020-06-19,Exexone,Mood Stabilizers,MUNICH PLANT,B2006-0589,2022-05-02,room temperature,Germany,8767,165,0
INV002180,2020-01-29,Tesnorphine Silotamine,Antibiotics,Munich Plant,B2001-4468,2021-01-20,room temperature,Germany,1458,,No
INV002181,2017-01-13,Alisteride Pemidizem,Antiseptics, poznan site  ,B1701-3137,2017-04-24,room temperature,Poland,7331,391,No
INV002182,2017-03-21, Angioparin Brimosumab  ,Mood Stabilizers,Munich Plant,B1703-8287,2018-03-09,ROOM TEMPERATURE,Germany,8426,145,FALSE
INV002183,2018-04-11,Formolovir Amanferon,Analgesics,munich plant,B1804-5240,2020-03-18,frozen,Germany,3925,240,No
INV002184,2017-09-04,Antaparin Varizyme,Mood Stabilizers,MUNICH PLANT,B1709-3745,2019-06-13,FROZEN,Germany,4990,339,FALSE
INV002185,2018-03-08, Abranatal Lysoprosate  ,Antiseptics, MUNICH PLANT  ,B1803-7143,2020-01-07,room temperature,Germany,3162,281,FALSE
INV002186,2019-02-24, Abatatriptan  ,Antibiotics, Munich Plant  ,B1902-1410,2021-05-05,ROOM TEMPERATURE,Germany,6269,301,No
INV002187,2019-02-03,Ultrimax Ultriset,Antiseptics, krakow facility  ,B1902-8838,2021-10-23, controlled substance  ,Poland,1883,178,No
INV002188,2019-06-05,Oxymotroban Fexoformin,Analgesics, krakow facility  ,B1906-7219,2020-03-27, FROZEN  ,Poland,3692,296,No
INV002189,2019-10-21, Sodinel Olofribrate  ,Antimalarial,WARSAW PLANT,B1910-9242,2020-11-17,refrigerated,Poland,4261,290,0
INV002190,2020-11-01,Aggrakine,Antiseptics,Poznan Site,B2011-4540,2021-02-14,CONTROLLED SUBSTANCE,Poland,2161,215,No
INV002191,2019-06-08, Aspinavir Silovance  ,Antibiotics,poznan site,B1906-9275,2021-06-29,CONTROLLED SUBSTANCE,Poland,4815,370,No
INV002192,2020-02-11, Sevoderm  ,Antipiretics,Munich Plant,B2002-9038,2022-07-24, room temperature  ,Germany,4711,365,No
INV002193,2017-05-03, Algluconium Dorzofoxin  ,Antibiotics,Munich Plant,B1705-3204,2018-02-27,Refrigerated,Germany,8040,163,0
INV002194,2020-05-12,Pentastrin,Antibiotics,Frankfurt Plant,B2005-3598,2021-09-27,room temperature,Germany,800,142,No
INV002195,2018-07-26,Factofribrate,Mood Stabilizers, Frankfurt Plant  ,B1807-7798,2018-11-20,controlled substance,Germany,1926,134,FALSE
INV002196,2018-08-29,Ampinonide,Antimalarial, poznan site  ,B1808-0024,2019-12-17,Frozen,Poland,1221,348,FALSE
INV002197,2018-01-29,Adriafinil Ehtymara,Antiseptics, FRANKFURT PLANT  ,B1801-3036,2021-01-20,Frozen,Germany,1088,359,No
INV002198,2020-10-21,Exexone,Mood Stabilizers,Munich Plant,B2010-9536,2022-08-30,Refrigerated,Germany,8834,95,No
INV002199,2020-02-13,Benzoprox,Antiseptics,KRAKOW FACILITY,B2002-4849,2021-02-14,controlled substance,Poland,2218,272,FALSE
INV002200,2017-02-01, Thalilamide  ,Antibiotics,Warsaw Plant,B1702-5394,2019-05-06, room temperature  ,Poland,3553,255,No
INV002201,2019-02-27,Ganineva Agenium,Antiseptics,FRANKFURT PLANT,B1902-8814,2019-10-12,Frozen,Germany,679,360,FALSE
INV002202,2020-01-20,Acycpex,Mood Stabilizers,warsaw plant,B2001-6687,2022-01-15,Frozen,Poland,6750,141,No
INV002203,2020-02-25,Arivac,Antimalarial,Frankfurt Plant,B2002-9617,2022-01-07, refrigerated  ,Germany,7323,54,FALSE
INV002204,2019-10-18,Zynosine,Antimalarial,warsaw plant,B1910-1078,2020-09-08,ROOM TEMPERATURE,Poland,6788,90,FALSE
INV002205,2017-10-18,Interfeferon Aspipex,Antiseptics, Frankfurt Plant  ,B1710-3827,2018-08-16,room temperature,Germany,N/A,316,No
INV002206,2018-05-19,Robapril,Antipiretics, WARSAW PLANT  ,B1805-6682,2018-12-11, room temperature  ,Poland,8605,263,No
INV002207,2017-01-15,Adalatamine,Antiseptics,Poznan Site,B1701-6257,2018-11-06,controlled substance,Poland,4501,344,No
INV002208,2018-10-13, Lansopril Acribax  ,Antipiretics,poznan site,B1810-9789,2020-11-26,frozen,Poland,7106,114,No
INV002209,2019-07-07,Lansostral Acgestin,Antiseptics, MUNICH PLANT  ,B1907-3560,2021-03-21,controlled substance,Germany,7658,287,FALSE
INV002210,2019-01-28,Ganineva Agenium,Antiseptics,Frankfurt Plant,B1901-8140,2020-01-13,CONTROLLED SUBSTANCE,Germany,N/A,288,No
INV002211,2020-02-11, Panpion  ,Antiseptics,Poznan Site,B2002-4350,2020-07-19,Refrigerated,Poland,7015,334,No
INV002212,2020-08-13, Xenaminphen  ,Antimalarial, WARSAW PLANT  ,B2008-9068,2022-02-01, frozen  ,Poland,2824,354,No
INV002213,2018-05-04,Allomenda,Antipiretics,POZNAN SITE,B1805-6470,2021-01-09,frozen,Poland,5522,239,No
INV002214,2018-07-09,Halcifergen Nevazone,Antimalarial, Warsaw Plant  ,B1807-0369,2020-03-09,controlled substance,Poland,5062,81,0
INV002215,2017-01-11,Kinovatol,Analgesics,Munich Plant,B1701-8051,2017-07-05, CONTROLLED SUBSTANCE  ,Germany,1396,,No
INV002216,2020-12-21, Abranatal Lysoprosate  ,Antiseptics, Munich Plant  ,B2012-0588,2022-07-05,FROZEN,Germany,N/A,327,0
INV002217,2018-10-07,Argalazine Abostryl,Antipiretics,POZNAN SITE,B1810-2663,2019-06-01,refrigerated,Poland,7438,248,No
INV002218,2020-04-07,Pulmofine,Antibiotics,WARSAW PLANT,B2004-6770,2021-10-11,Frozen,Poland,9694,75,No
INV002219,2019-05-02,Lactubucil,Antipiretics,Poznan Site,B1905-3322,2020-01-15,controlled substance,Poland,7941,67,No
INV002220,2017-12-31,Amavirase,Antipiretics, Munich Plant  ,B1712-2794,2019-04-10, controlled substance  ,Germany,5964,206,FALSE
INV002221,2018-03-09,Invisteride Diclomycin,Mood Stabilizers,Frankfurt Plant,B1803-5731,2020-01-15,controlled substance,Germany,8097,155,FALSE
INV002222,2019-04-15,Ampinonide,Antimalarial, Poznan Site  ,B1904-6773,2021-07-17,FROZEN,Poland,1871,303,FALSE
INV002223,2019-12-15,Malavirine Alimdine,Mood Stabilizers,Munich Plant,B1912-7395,2022-03-16, CONTROLLED SUBSTANCE  ,Germany,5410,133,No
INV002224,2017-05-27,Ibruferon,Antiseptics,FRANKFURT PLANT,B1705-9200,2019-12-08,controlled substance,Germany,7231,313,No
INV002225,2020-01-30, Amphesirox  ,Antiseptics,WARSAW PLANT,B2001-0523,2020-10-05, Frozen  ,Poland,4484,110,0
INV002226,2018-02-04,Acycpex,Mood Stabilizers,Warsaw Plant,B1802-7521,2020-05-13, CONTROLLED SUBSTANCE  ,Poland,6516,358,No
INV002227,2020-10-10,Acantaine,Antibiotics,frankfurt plant,B2010-9766,2022-07-14,REFRIGERATED,Germany,8085,108,FALSE
INV002228,2020-02-23,Symdocet,Antipiretics,Poznan Site,B2002-6622,2021-09-08,Frozen,Poland,3014,358,0
INV002229,2020-04-17,Rositroban,Mood Stabilizers,Krakow Facility,B2004-7666,2021-11-24,refrigerated,Poland,4167,375,No
INV002230,2019-10-07,Rebedase Aplencor,Mood Stabilizers, MUNICH PLANT  ,B1910-1600,2022-03-03, ROOM TEMPERATURE  ,Germany,9234,356,No
INV002231,2020-06-14,Lovavatol Azelavarix,Mood Stabilizers,Frankfurt Plant,B2006-1810,2020-09-18,FROZEN,Germany,8811,93,No
INV002232,2018-04-10, Liomulin  ,Mood Stabilizers,Munich Plant,B1804-4173,2020-05-30,room temperature,Germany,967,275,No
INV002233,2019-07-20,Cordamectin Actolamin,Antipiretics, Warsaw Plant  ,B1907-2820,2022-06-14,CONTROLLED SUBSTANCE,Poland,6331,134,No
INV002234,2020-02-18,Topifribrate,Analgesics,Munich Plant,B2002-9821,2022-12-20,Refrigerated,Germany,6807,,No
INV002235,2017-10-28,Pulmogen Alitora,Antiseptics, Frankfurt Plant  ,B1710-8143,2020-01-01,controlled substance,Germany,5498,78,No
INV002236,2020-03-31,Asparathasone Unipan,Antibiotics,POZNAN SITE,B2003-5619,2021-11-01,refrigerated,Poland,7614,235,FALSE
INV002237,2019-06-17, Saprodeine Zanprosyn  ,Antibiotics, Poznan Site  ,B1906-6337,2021-12-25,Refrigerated,Poland,8516,140,FALSE
INV002238,2020-11-29,Presetron,Mood Stabilizers,frankfurt plant,B2011-5200,2022-02-09, controlled substance  ,Germany,447,57,No
INV002239,2019-03-24, Ergomethate  ,Mood Stabilizers, Munich Plant  ,B1903-8824,2021-07-01,controlled substance,Germany,8555,216,No
INV002240,2017-09-10,Doxivorin,Antimalarial, Poznan Site  ,B1709-3292,2019-11-12,refrigerated,Poland,6960,142,FALSE
INV002241,2020-05-22,Nevanide Actozide,Antibiotics, KRAKOW FACILITY  ,B2005-2133,2023-04-27,room temperature,Poland,2412,287,FALSE
INV002242,2017-07-03,Lovavatol Azelavarix,Mood Stabilizers,Frankfurt Plant,B1707-6484,2019-03-27,Refrigerated,Germany,6149,115,No
INV002243,2017-09-27,Ketamara Evogel,Antipiretics,POZNAN SITE,B1709-2255,2020-08-25,room temperature,Poland,2139,195,No
INV002244,2019-08-17,Zonixamine Immulinum,Analgesics,munich plant,B1908-4451,2020-01-05,ROOM TEMPERATURE,Germany,4785,206,No
INV002245,2020-03-15,Lovapur,Mood Stabilizers,Krakow Facility,B2003-2521,2023-02-12,controlled substance,Poland,5030,61,TRUE
INV002246,2020-04-26,Victomax,Analgesics,Frankfurt Plant,B2004-2944,2022-11-27,Refrigerated,Germany,782,377,No
INV002247,2020-05-30,Propralamide Dexlanzolam,Mood Stabilizers,krakow facility,B2005-9127,2023-01-29, controlled substance  ,Poland,2384,339,FALSE
INV002248,2017-03-08,Tacrodomide,Antipiretics,krakow facility,B1703-6123,2017-06-18, Refrigerated  ,Poland,1691,311,No
INV002249,2019-01-15, Travosoline Capolac  ,Antipiretics,POZNAN SITE,B1901-4538,2020-01-10,Refrigerated,Poland,9154,139,No
INV002250,2018-02-21, Hemavate Spirolinum  ,Mood Stabilizers,Warsaw Plant,B1802-8360,2020-09-06, controlled substance  ,Poland,1586,376,No
INV002251,2017-12-08,Travoloride,Antiseptics,Munich Plant,B1712-3681,2018-09-14,CONTROLLED SUBSTANCE,Germany,1544,305,0
INV002252,2020-04-28,Pitodomide,Antimalarial, MUNICH PLANT  ,B2004-8017,2022-05-24, controlled substance  ,Germany,1649,318,No
INV002253,2020-02-23, Morphizolid Tianalin  ,Mood Stabilizers,Krakow Facility,B2002-6678,2022-05-13,Frozen,Poland,3757,331,0
INV002254,2017-11-28,Zarostral,Antipiretics,Warsaw Plant,B1711-1057,2018-10-29,refrigerated,Poland,361,366,No
INV002255,2018-01-17,Cephozumab Synmethate,Antibiotics,POZNAN SITE,B1801-2084,2018-05-31,room temperature,Poland,6927,300,No
INV002256,2020-10-26, Interzide  ,Antimalarial, Munich Plant  ,B2010-6654,2023-01-03,controlled substance,Germany,6887,56,FALSE
INV002257,2020-05-23, Afaxacin  ,Analgesics,Krakow Facility,B2005-4002,2022-01-27,Refrigerated,Poland,2348,62,No
INV002258,2019-08-07,Aldevac,Analgesics, Warsaw Plant  ,B1908-9769,2020-02-25,Refrigerated,Poland,6709,196,No
INV002259,2019-05-18,Cortirodine Alimcline,Antipiretics,Poznan Site,B1905-8979,2022-03-29, refrigerated  ,Poland,4468,308,FALSE
INV002260,2020-03-18,Alpradipine,Analgesics, Munich Plant  ,B2003-1315,2022-10-15,ROOM TEMPERATURE,Germany,9361,287,FALSE
INV002261,2018-03-18,Penitrana,Analgesics,Frankfurt Plant,B1803-4144,2019-07-13,Refrigerated,Germany,4045,274,No
INV002262,2019-11-07,Topifribrate,Analgesics,MUNICH PLANT,B1911-3393,2022-09-27,REFRIGERATED,Germany,6792,264,No
INV002263,2017-03-15,Adtiza Gammaluble,Antibiotics,WARSAW PLANT,B1703-8336,2018-04-28,room temperature,Poland,7836,362,FALSE
INV002264,2019-01-10, Acycnafine Microvate  ,Mood Stabilizers,Frankfurt Plant,B1901-6372,2021-05-07, room temperature  ,Germany,5167,359,No
INV002265,2017-03-20, Fentatrol Rapatelase  ,Antibiotics,Frankfurt Plant,B1703-2421,2017-09-26, room temperature  ,Germany,2149,,0
INV002266,2017-06-17,Hemavate Spirolinum,Mood Stabilizers,WARSAW PLANT,B1706-1970,2018-08-12,CONTROLLED SUBSTANCE,Poland,8418,112,FALSE
INV002267,2018-05-24,Adriafinil Ehtymara,Antiseptics, FRANKFURT PLANT  ,B1805-6396,2019-07-03,room temperature,Germany,9663,152,No
INV002268,2020-03-23,Flutacerol,Analgesics,Frankfurt Plant,B2003-9740,2021-06-22,Frozen,Germany,4190,262,No
INV002269,2018-08-06,Palodizem,Mood Stabilizers,KRAKOW FACILITY,B1808-1200,2019-10-15, frozen  ,Poland,9198,59,No
INV002270,2017-06-30,Ketamara Evogel,Antipiretics,Poznan Site,B1706-5291,2018-11-09,Frozen,Poland,7582,111,No
INV002271,2018-03-03,Raparidol,Mood Stabilizers, krakow facility  ,B1803-6520,2018-09-28, FROZEN  ,Poland,1478,398,No
INV002272,2018-11-02,Ranediol,Antibiotics,warsaw plant,B1811-9400,2020-04-03,CONTROLLED SUBSTANCE,Poland,8150,255,No
INV002273,2017-09-28,Quixitriptan Alanesin,Antiseptics, POZNAN SITE  ,B1709-8406,2018-03-30,Refrigerated,Poland,8814,100,No
INV002274,2020-03-10,Acycpex,Mood Stabilizers,warsaw plant,B2003-1021,2021-07-31,controlled substance,Poland,6674,352,FALSE
INV002275,2019-11-22,Adriacaine,Mood Stabilizers,Munich Plant,B1911-1767,2020-08-20, Frozen  ,Germany,2359,311,0
INV002276,2019-07-29,Propratecan,Antimalarial,Krakow Facility,B1907-0768,2020-12-26,room temperature,Poland,644,304,No
INV002277,2019-11-16, Kiovax Tercorolac  ,Analgesics,Munich Plant,B1911-4283,2022-02-15,Frozen,Germany,575,72,No
INV002278,2019-05-11,Ceretosine,Antiseptics,Poznan Site,B1905-3438,2020-07-11, room temperature  ,Poland,849,301,No
INV002279,2020-03-02,Albuterenone,Antimalarial, KRAKOW FACILITY  ,B2003-8174,2023-03-01,refrigerated,Poland,8027,158,FALSE
INV002280,2019-09-06,Liomulin,Mood Stabilizers,Munich Plant,B1909-6591,2020-08-21,controlled substance,Germany,3178,331,No
INV002281,2018-01-18,Lovavatol Azelavarix,Mood Stabilizers,FRANKFURT PLANT,B1801-6103,2020-10-04, room temperature  ,Germany,5718,154,No
INV002282,2018-05-20, Epzipitant  ,Analgesics,Poznan Site,B1805-7347,2019-07-18,controlled substance,Poland,7332,130,FALSE
INV002283,2017-04-06, Relenvice  ,Antimalarial, Munich Plant  ,B1704-4713,2019-12-16,Refrigerated,Germany,1929,368,FALSE
INV002284,2020-06-06,Lactubucil,Antipiretics,poznan site,B2006-6768,2021-07-14,frozen,Poland,8107,262,FALSE
INV002285,2020-10-07,Alglutriptan,Analgesics,Poznan Site,B2010-9503,2023-02-28,Refrigerated,Poland,N/A,106,FALSE
INV002286,2019-10-04,Zonitonin,Antiseptics, Warsaw Plant  ,B1910-5365,2020-06-23,refrigerated,Poland,584,300,No
INV002287,2018-11-12,Docstryl Rivacin,Antiseptics, Frankfurt Plant  ,B1811-9740,2019-02-03,refrigerated,Germany,N/A,159,FALSE
INV002288,2018-12-27,Kinovatol,Analgesics,Munich Plant,B1812-9568,2020-09-22,room temperature,Germany,2851,395,No
INV002289,2018-12-06,Zonixamine Immulinum,Analgesics,Munich Plant,B1812-4542,2019-11-06,room temperature,Germany,7957,56,No
INV002290,2017-02-08,Interfestar,Antibiotics, MUNICH PLANT  ,B1702-2398,2017-10-30,frozen,Germany,8891,392,FALSE
INV002291,2017-07-31,Ibrulinum,Antipiretics,POZNAN SITE,B1707-5810,2018-06-17, room temperature  ,Poland,4202,105,FALSE
INV002292,2018-02-08,Zonitonin,Antiseptics,warsaw plant,B1802-9515,2018-10-21, controlled substance  ,Poland,3042,74,FALSE
INV002293,2017-02-10,Sucprine Specbalamin,Antiseptics,Munich Plant,B1702-3735,2017-09-11,Refrigerated,Germany,7255,68,No
INV002294,2017-11-07,Lansostral Acgestin,Antiseptics,MUNICH PLANT,B1711-6842,2018-05-28,room temperature,Germany,5163,260,FALSE
INV002295,2017-06-19,Malaxolol Aeroprosyn,Antiseptics,frankfurt plant,B1706-1002,2019-12-07, controlled substance  ,Germany,1196,359,No
INV002296,2020-08-24,Neuropogen Empibax,Analgesics, Frankfurt Plant  ,B2008-5567,2021-01-13, REFRIGERATED  ,Germany,4125,80,No
INV002297,2017-12-06,Factolamide,Antiseptics,warsaw plant,B1712-1083,2019-09-18,Frozen,Poland,5574,283,No
INV002298,2019-03-07,Ultrimax Ultriset,Antiseptics,Krakow Facility,B1903-6191,2020-04-18,Frozen,Poland,3805,199,No
INV002299,2017-05-02, Abobozolid  ,Antimalarial,poznan site,B1705-5611,2018-10-15,FROZEN,Poland,5544,307,No
INV002300,2019-12-27,Atrabicin Alkerotec,Antiseptics,Krakow Facility,B1912-6607,2021-07-13, controlled substance  ,Poland,9674,340,No
INV002301,2018-01-28,Interzide,Antimalarial,MUNICH PLANT,B1801-3972,2020-09-22, controlled substance  ,Germany,7463,230,No
INV002302,2019-08-30, Hemavate Spirolinum  ,Mood Stabilizers,Warsaw Plant,B1908-4863,2022-05-31,room temperature,Poland,3539,234,No
INV002303,2019-11-13, Lovavatol Azelavarix  ,Mood Stabilizers,frankfurt plant,B1911-5760,2020-12-20,Refrigerated,Germany,2846,246,No
INV002304,2017-09-17,Liomulin,Mood Stabilizers, Munich Plant  ,B1709-2055,2018-01-28,controlled substance,Germany,3773,255,0
INV002305,2017-11-04,Cortirodine Alimcline,Antipiretics,poznan site,B1711-3735,2019-01-20, Refrigerated  ,Poland,6189,200,0
INV002306,2018-11-03, Travoloride  ,Antiseptics,Munich Plant,B1811-5162,2021-09-12,REFRIGERATED,Germany,5086,233,No
INV002307,2017-07-04,Dorzovorin Pentadarone,Antimalarial,Poznan Site,B1707-2667,2017-11-22, Refrigerated  ,Poland,4988,304,FALSE
INV002308,2019-02-25,Thionide,Analgesics,MUNICH PLANT,B1902-8704,2022-01-09,Refrigerated,Germany,3976,228,No
INV002309,2019-12-11,Ceretosine,Antiseptics, Poznan Site  ,B1912-9092,2022-05-16, Refrigerated  ,Poland,2203,132,No
INV002310,2017-10-20,Pulmofine,Antibiotics, warsaw plant  ,B1710-8248,2019-10-13,controlled substance,Poland,4772,160,No
INV002311,2019-11-19,Halcifergen Nevazone,Antimalarial,WARSAW PLANT,B1911-3833,2020-11-27,room temperature,Poland,9944,208,No
INV002312,2018-11-18,Alemtuvatol Megalinum,Analgesics, krakow facility  ,B1811-5039,2019-08-16, frozen  ,Poland,6993,57,No
INV002313,2020-06-30,Primatate Univatol,Mood Stabilizers,frankfurt plant,B2006-2508,2021-10-19, controlled substance  ,Germany,N/A,272,No
INV002314,2018-10-23,Lansopril Acribax,Antipiretics, Poznan Site  ,B1810-8203,2019-08-04, Frozen  ,Poland,5848,327,0
INV002315,2018-08-27, Fentatrol Rapatelase  ,Antibiotics, frankfurt plant  ,B1808-5216,2021-01-30, ROOM TEMPERATURE  ,Germany,2910,365,No
INV002316,2019-01-10,Interfestar,Antibiotics, Munich Plant  ,B1901-7460,2020-07-20, CONTROLLED SUBSTANCE  ,Germany,4456,194,FALSE
INV002317,2020-10-16,Pentastrin,Antibiotics,Frankfurt Plant,B2010-8898,2023-02-26, CONTROLLED SUBSTANCE  ,Germany,5592,354,No
INV002318,2020-01-24,Argalazine Abostryl,Antipiretics,Poznan Site,B2001-1907,2020-06-25,controlled substance,Poland,9887,246,FALSE
INV002319,2020-01-26,Apromin,Antiseptics,poznan site,B2001-1169,2022-03-06, room temperature  ,Poland,3756,54,FALSE
INV002320,2020-04-15,Betanem,Analgesics, Poznan Site  ,B2004-0969,2021-07-13,REFRIGERATED,Poland,5419,153,0
INV002321,2020-04-07, Clindaracil  ,Analgesics,Poznan Site,B2004-0913,2020-08-04,FROZEN,Poland,5124,114,No
INV002322,2017-05-06,Lansopril Acribax,Antipiretics,POZNAN SITE,B1705-4520,2018-03-08, room temperature  ,Poland,5448,107,No
INV002323,2020-03-17,Dantolac Pazocor,Analgesics, WARSAW PLANT  ,B2003-7057,2021-10-03,FROZEN,Poland,9810,163,No
INV002324,2020-08-26,Cordamectin Actolamin,Antipiretics, Warsaw Plant  ,B2008-9254,2021-02-03,controlled substance,Poland,5862,190,FALSE
INV002325,2020-09-24,Clindaracil,Analgesics,Poznan Site,B2009-5486,2022-01-18,controlled substance,Poland,N/A,181,No
INV002326,2018-12-08, Lioletine Refliruvax  ,Analgesics,MUNICH PLANT,B1812-8883,2020-11-17,CONTROLLED SUBSTANCE,Germany,N/A,295,FALSE
INV002327,2020-04-18,Araxetine,Antibiotics,Frankfurt Plant,B2004-3558,2021-05-25, ROOM TEMPERATURE  ,Germany,7763,224,FALSE
INV002328,2020-12-15,Dexmebital Acanplan,Analgesics, Poznan Site  ,B2012-1314,2022-04-17,Refrigerated,Poland,5306,88,No
INV002329,2018-04-02,Adrecetam Barazoxane,Antimalarial,poznan site,B1804-5560,2021-03-01,Frozen,Poland,1639,64,No
INV002330,2019-11-09, Veratorol Ciclovatol  ,Mood Stabilizers,Poznan Site,B1911-3378,2022-09-30,Frozen,Poland,9901,227,0
INV002331,2020-03-06, Antaparin Varizyme  ,Mood Stabilizers,Munich Plant,B2003-4049,2020-11-30,room temperature,Germany,8774,84,FALSE
INV002332,2019-01-26,Symbitrim,Analgesics,MUNICH PLANT,B1901-1667,2021-06-09, Frozen  ,Germany,3907,171,No
INV002333,2020-10-07,Exexone,Mood Stabilizers,MUNICH PLANT,B2010-5787,2022-03-16,frozen,Germany,7701,148,No
INV002334,2018-06-20,Sanctumine,Antimalarial,Warsaw Plant,B1806-8882,2020-12-20,Refrigerated,Poland,3211,290,No
INV002335,2020-10-12, Quixitriptan Alanesin  ,Antiseptics,POZNAN SITE,B2010-0286,2022-12-09,REFRIGERATED,Poland,3974,153,FALSE
INV002336,2019-01-04,Alemtuvatol Megalinum,Analgesics,Krakow Facility,B1901-1467,2021-05-12, FROZEN  ,Poland,8526,111,FALSE
INV002337,2019-01-01,Argalazine Abostryl,Antipiretics,poznan site,B1901-9139,2019-06-18, room temperature  ,Poland,5540,137,No
INV002338,2018-07-07,Choriotrisin,Antibiotics,Warsaw Plant,B1807-2773,2020-11-08,Refrigerated,Poland,6648,93,FALSE
INV002339,2020-04-21,Penitrana,Analgesics, FRANKFURT PLANT  ,B2004-6767,2023-04-14,refrigerated,Germany,4775,312,No
INV002340,2018-02-27,Ketastadil,Analgesics,Frankfurt Plant,B1802-7627,2021-02-08, Refrigerated  ,Germany,8062,80,No
INV002341,2018-09-13, Aprerase  ,Antipiretics, Frankfurt Plant  ,B1809-9842,2021-07-28,refrigerated,Germany,5038,50,FALSE
INV002342,2019-01-21, Ganineva Agenium  ,Antiseptics, FRANKFURT PLANT  ,B1901-0556,2020-01-01,CONTROLLED SUBSTANCE,Germany,2091,190,0
INV002343,2017-09-07, Pazofenac  ,Mood Stabilizers,Krakow Facility,B1709-1159,2018-12-03,CONTROLLED SUBSTANCE,Poland,8107,390,No
INV002344,2019-10-06,Argalazine Abostryl,Antipiretics,Poznan Site,B1910-6957,2020-03-19,frozen,Poland,5800,399,No
INV002345,2019-11-11,Secrelazine Insonamic,Antipiretics,Munich Plant,B1911-1345,2021-10-30,room temperature,Germany,6614,386,No
INV002346,2018-09-27,Ceftatana Serolamide,Antipiretics,Munich Plant,B1809-4725,2021-06-12,refrigerated,Germany,4437,232,No
INV002347,2017-12-27, Algluconium Dorzofoxin  ,Antibiotics, MUNICH PLANT  ,B1712-9132,2018-11-14,FROZEN,Germany,5308,86,No
INV002348,2017-05-28,Alglutriptan,Analgesics, poznan site  ,B1705-2884,2020-05-20,Refrigerated,Poland,3664,217,FALSE
INV002349,2020-04-16, Angioparin Brimosumab  ,Mood Stabilizers, Munich Plant  ,B2004-6149,2022-02-22,Frozen,Germany,5783,127,Yes
INV002350,2019-05-04,Hemavate Spirolinum,Mood Stabilizers,Warsaw Plant,B1905-3122,2020-10-05, REFRIGERATED  ,Poland,1425,204,No
INV002351,2019-01-31,Tetratanyl,Antimalarial,Poznan Site,B1901-8783,2019-06-17,Frozen,Poland,8953,75,No
INV002352,2019-03-12, Pulmofine  ,Antibiotics,Warsaw Plant,B1903-6336,2021-12-26, room temperature  ,Poland,3861,342,FALSE
INV002353,2019-05-10, Pentastrin  ,Antibiotics, Frankfurt Plant  ,B1905-0272,2019-10-19,Frozen,Germany,6673,376,FALSE
INV002354,2018-01-18,Spiroderall,Mood Stabilizers, Munich Plant  ,B1801-6235,2019-01-21, room temperature  ,Germany,3197,246,No
INV002355,2018-02-11,Aldevac,Analgesics,WARSAW PLANT,B1802-8724,2018-07-29,Refrigerated,Poland,1583,95,No
INV002356,2019-03-26,Alpharolac,Antipiretics, frankfurt plant  ,B1903-9083,2020-07-27,refrigerated,Germany,529,191,No
INV002357,2019-02-15, Epzipitant  ,Analgesics,Poznan Site,B1902-6984,2019-07-29,room temperature,Poland,8061,87,No
INV002358,2020-09-25,Victomax,Analgesics,Frankfurt Plant,B2009-7044,2023-01-10, room temperature  ,Germany,4150,205,No
INV002359,2018-08-30,Liomulin,Mood Stabilizers,MUNICH PLANT,B1808-8391,2020-09-20,ROOM TEMPERATURE,Germany,5497,314,No
INV002360,2017-05-05,Alimmethate Insudase,Analgesics,Krakow Facility,B1705-3510,2018-02-08,Refrigerated,Poland,8323,343,No
INV002361,2017-11-07, Hydroxyprosyn  ,Antibiotics, Poznan Site  ,B1711-2264,2018-06-10,Frozen,Poland,8389,352,No
INV002362,2018-11-29, Exotropin Empizine  ,Mood Stabilizers,poznan site,B1811-1273,2021-02-07,Refrigerated,Poland,1993,106,FALSE
INV002363,2020-12-25,Trazozaprine,Mood Stabilizers, frankfurt plant  ,B2012-6992,2023-12-11,controlled substance,Germany,9417,243,No
INV002364,2020-09-30,Allomenda,Antipiretics,Poznan Site,B2009-9515,2021-11-07,controlled substance,Poland,1196,148,0
INV002365,2018-06-21,Pentastrin,Antibiotics,frankfurt plant,B1806-2412,2020-01-21,refrigerated,Germany,1077,310,No
INV002366,2019-09-19,Cogxone Levanide,Antimalarial,Poznan Site,B1909-1781,2020-08-04,room temperature,Poland,1992,204,FALSE
INV002367,2017-01-09, Zynosine  ,Antimalarial,warsaw plant,B1701-0021,2018-10-09,refrigerated,Poland,8696,205,No
INV002368,2019-06-21, Abatatriptan  ,Antibiotics,Munich Plant,B1906-9675,2019-12-30, Refrigerated  ,Germany,6685,125,No
INV002369,2017-11-13,Saprodeine Zanprosyn,Antibiotics,Poznan Site,B1711-6477,2019-02-04,ROOM TEMPERATURE,Poland,1748,317,No
INV002370,2020-01-05, Requimadin  ,Antimalarial, Krakow Facility  ,B2001-4633,2021-11-22,controlled substance,Poland,2960,194,No
INV002371,2018-02-26, Abilovir Aprotasol  ,Antipiretics,Poznan Site,B1802-4914,2018-08-11, controlled substance  ,Poland,3153,225,No
INV002372,2020-05-24,Nisorase,Antibiotics,MUNICH PLANT,B2005-6128,2020-09-07, room temperature  ,Germany,643,373,No
INV002373,2017-01-11,Atomorelin,Analgesics,Warsaw Plant,B1701-9273,2019-12-10,CONTROLLED SUBSTANCE,Poland,4408,65,FALSE
INV002374,2018-08-16,Alemtuvatol Megalinum,Analgesics,Krakow Facility,B1808-2228,2020-02-07,refrigerated,Poland,2974,69,No
INV002375,2020-12-23, Nisorase  ,Antibiotics, munich plant  ,B2012-2258,2023-05-11,refrigerated,Germany,5029,110,FALSE
INV002376,2018-02-22,Aclonuma,Antimalarial,Warsaw Plant,B1802-9171,2018-09-23,frozen,Poland,5518,143,No
INV002377,2017-02-26,Dantolac Pazocor,Analgesics,warsaw plant,B1702-7948,2018-06-29,controlled substance,Poland,4818,118,No
INV002378,2020-01-26,Ampysin,Analgesics,krakow facility,B2001-7282,2022-08-24,room temperature,Poland,1169,180,No
INV002379,2017-04-08,Ranediol,Antibiotics,WARSAW PLANT,B1704-7758,2019-11-12,room temperature,Poland,8465,131,No
INV002380,2017-04-26,Albudazole Erobloc,Antiseptics,FRANKFURT PLANT,B1704-0987,2018-07-23, ROOM TEMPERATURE  ,Germany,2528,256,No
INV002381,2017-05-19, Nisorase  ,Antibiotics,MUNICH PLANT,B1705-9197,2019-09-11, Refrigerated  ,Germany,6454,125,No
INV002382,2020-06-05,Asparathasone Unipan,Antibiotics,Poznan Site,B2006-2575,2022-03-07,Refrigerated,Poland,3952,356,FALSE
INV002383,2019-03-10,Agalsiline,Mood Stabilizers,Warsaw Plant,B1903-3482,2021-10-23,Refrigerated,Poland,9217,232,No
INV002384,2018-11-07,Dantolac Pazocor,Analgesics,Warsaw Plant,B1811-8881,2019-03-16,Frozen,Poland,539,156,FALSE
INV002385,2017-11-27,Ibruferon,Antiseptics,FRANKFURT PLANT,B1711-0119,2019-01-29,ROOM TEMPERATURE,Germany,2052,343,FALSE
INV002386,2018-01-06,Sanctumine,Antimalarial,Warsaw Plant,B1801-8006,2019-05-09,room temperature,Poland,9080,108,FALSE
INV002387,2018-06-26,Dexacilin Triline,Analgesics,MUNICH PLANT,B1806-0895,2021-01-23,Refrigerated,Germany,1133,358,No
INV002388,2017-12-07,Belavarix Benzabicin,Antibiotics, FRANKFURT PLANT  ,B1712-7274,2020-05-02,FROZEN,Germany,8790,248,FALSE
INV002389,2018-06-27, Asparathasone Unipan  ,Antibiotics,Poznan Site,B1806-3673,2021-02-17, CONTROLLED SUBSTANCE  ,Poland,2201,79,No
INV002390,2020-06-25,Primatate Univatol,Mood Stabilizers,Frankfurt Plant,B2006-5519,2021-11-18, CONTROLLED SUBSTANCE  ,Germany,9676,391,FALSE
INV002391,2019-03-16,Amphesirox,Antiseptics,warsaw plant,B1903-6391,2021-05-16,REFRIGERATED,Poland,6855,350,FALSE
INV002392,2017-09-18, Sodinel Olofribrate  ,Antimalarial,warsaw plant,B1709-4701,2020-02-25,Refrigerated,Poland,9010,390,FALSE
INV002393,2018-02-11,Xenaminphen,Antimalarial,WARSAW PLANT,B1802-1566,2020-04-04,Refrigerated,Poland,8926,,0
INV002394,2019-12-22,Finanel,Antimalarial,krakow facility,B1912-0840,2020-07-04,Refrigerated,Poland,6160,131,1
INV002395,2020-08-23,Acycnafine Microvate,Mood Stabilizers, Frankfurt Plant  ,B2008-2682,2022-04-02,FROZEN,Germany,2007,349,FALSE
INV002396,2017-10-27,Dorzovorin Pentadarone,Antimalarial,Poznan Site,B1710-9692,2018-03-23,controlled substance,Poland,1158,263,No
INV002397,2020-09-24,Lactubucil,Antipiretics, Poznan Site  ,B2009-6713,2023-04-15, frozen  ,Poland,2349,346,0
INV002398,2018-08-22,Proprabax,Analgesics,Warsaw Plant,B1808-3367,2021-03-16,Frozen,Poland,2752,231,No
INV002399,2018-02-20,Betanem,Analgesics,poznan site,B1802-7275,2019-01-13,controlled substance,Poland,9069,109,No
INV002400,2019-05-07,Ampinonide,Antimalarial,Poznan Site,B1905-2833,2020-08-15,CONTROLLED SUBSTANCE,Poland,9221,54,No
INV002401,2020-03-05,Cephovelam,Mood Stabilizers,munich plant,B2003-9058,2021-04-29,CONTROLLED SUBSTANCE,Germany,1185,248,No
INV002402,2020-11-26,Alisteride Pemidizem,Antiseptics,Poznan Site,B2011-8224,2022-01-04,Frozen,Poland,3721,184,No
INV002403,2020-04-18,Imiderm Vibranovate,Antipiretics,Frankfurt Plant,B2004-5127,2020-08-11, room temperature  ,Germany,6793,263,No
INV002404,2018-08-05, Cricane Acamsumab  ,Antiseptics,Warsaw Plant,B1808-6101,2018-10-30,controlled substance,Poland,4682,87,No
INV002405,2019-10-24,Requimadin,Antimalarial,krakow facility,B1910-6946,2020-04-19,room temperature,Poland,9879,118,0
INV002406,2020-01-21,Tiaracil,Antipiretics,Warsaw Plant,B2001-0100,2020-08-19, Refrigerated  ,Poland,8243,283,FALSE
INV002407,2018-05-04,Quiniprosyn,Antiseptics, MUNICH PLANT  ,B1805-9831,2018-12-21,controlled substance,Germany,6733,115,FALSE
INV002408,2017-08-03, Lovephilus  ,Analgesics,POZNAN SITE,B1708-9062,2018-02-03, REFRIGERATED  ,Poland,3756,364,No
INV002409,2019-10-26, Alarudin Azarolac  ,Mood Stabilizers,warsaw plant,B1910-8448,2021-01-02,Frozen,Poland,283,205,No
INV002410,2020-01-28,Aciprex,Antipiretics,POZNAN SITE,B2001-9216,2022-05-01,refrigerated,Poland,4145,227,No
INV002411,2020-01-03,Dantolac Pazocor,Analgesics,WARSAW PLANT,B2001-1550,2021-01-12, CONTROLLED SUBSTANCE  ,Poland,9766,187,No
INV002412,2017-09-21,Interfedox Pilobamol,Antiseptics, frankfurt plant  ,B1709-4839,2018-12-03, Frozen  ,Germany,3791,205,FALSE
INV002413,2018-01-09,Kinenadryl,Antipiretics,POZNAN SITE,B1801-7030,2020-10-14,controlled substance,Poland,5779,366,No
INV002414,2018-08-02, Ketastadil  ,Analgesics, frankfurt plant  ,B1808-6276,2019-01-28,Frozen,Germany,2588,81,FALSE
INV002415,2018-09-05, Kiovax Tercorolac  ,Analgesics, Munich Plant  ,B1809-3352,2021-07-31,room temperature,Germany,9451,66,No
INV002416,2019-03-03,Fentalac,Antipiretics,WARSAW PLANT,B1903-0266,2020-04-16, FROZEN  ,Poland,5124,238,No
INV002417,2017-11-12,Topifribrate,Analgesics,MUNICH PLANT,B1711-7511,2018-01-19,FROZEN,Germany,823,122,0
INV002418,2019-08-27,Morphizolid Tianalin,Mood Stabilizers, Krakow Facility  ,B1908-8549,2022-08-11, room temperature  ,Poland,4059,70,No
INV002419,2017-05-27,Liomulin,Mood Stabilizers, Munich Plant  ,B1705-4616,2018-07-23,CONTROLLED SUBSTANCE,Germany,3732,111,FALSE
INV002420,2018-03-06, Topipizole  ,Mood Stabilizers,WARSAW PLANT,B1803-2606,2019-03-26,room temperature,Poland,8475,65,No
INV002421,2017-07-29, Symbitrim  ,Analgesics, Munich Plant  ,B1707-7993,2019-07-22,REFRIGERATED,Germany,5865,248,FALSE
INV002422,2017-01-19,Feruprazole,Mood Stabilizers, Poznan Site  ,B1701-9223,2018-03-28, CONTROLLED SUBSTANCE  ,Poland,6064,170,FALSE
INV002423,2017-01-26,Relenvice,Antimalarial,Munich Plant,B1701-6529,2019-09-15,REFRIGERATED,Germany,2933,238,FALSE
INV002424,2018-02-18,Sucprine Specbalamin,Antiseptics, munich plant  ,B1802-2164,2019-03-20,refrigerated,Germany,7041,127,No
INV002425,2017-07-17,Aggretisol,Antimalarial,krakow facility,B1707-5980,2018-10-26,FROZEN,Poland,9371,260,FALSE
INV002426,2019-10-13,Sumanazole,Analgesics,Munich Plant,B1910-1321,2022-07-24,room temperature,Germany,7996,244,No
INV002427,2018-02-11,Metapatch,Antipiretics,Krakow Facility,B1802-3950,2019-04-03,Refrigerated,Poland,2806,124,No
INV002428,2017-08-25,Betanem,Analgesics,Poznan Site,B1708-8836,2019-04-27,controlled substance,Poland,1381,72,No
INV002429,2020-10-10,Tesnorphine Silotamine,Antibiotics, Munich Plant  ,B2010-4431,2021-07-08,controlled substance,Germany,3188,347,No
INV002430,2018-01-08,Androporin,Antiseptics,MUNICH PLANT,B1801-5776,2020-04-23, controlled substance  ,Germany,4097,62,No
INV002431,2020-01-01,Zonixamine Immulinum,Analgesics,Munich Plant,B2001-0069,2021-06-11,CONTROLLED SUBSTANCE,Germany,1559,245,No
INV002432,2019-04-22,Quixitriptan Alanesin,Antiseptics,Poznan Site,B1904-2655,2021-02-26,REFRIGERATED,Poland,8069,239,No
INV002433,2018-02-17, Aprerase  ,Antipiretics,Frankfurt Plant,B1802-4118,2018-05-18, CONTROLLED SUBSTANCE  ,Germany,7299,107,No
INV002434,2018-02-27, Kiovax Tercorolac  ,Analgesics,Munich Plant,B1802-6984,2018-07-29,Frozen,Germany,1170,261,No
INV002435,2020-11-19,Aciprex,Antipiretics, Poznan Site  ,B2011-3032,2022-07-05,Frozen,Poland,5283,56,FALSE
INV002436,2017-09-08, Tracdomide  ,Antipiretics,KRAKOW FACILITY,B1709-6860,2018-07-03, room temperature  ,Poland,5006,374,0
INV002437,2020-07-28,Primapion,Antibiotics,POZNAN SITE,B2007-7393,2022-09-01,room temperature,Poland,9551,159,FALSE
INV002438,2019-10-17,Effidomide Evofribrate,Antiseptics,WARSAW PLANT,B1910-7126,2022-09-16,Frozen,Poland,1039,106,No
INV002439,2017-09-17,Aprerase,Antipiretics,Frankfurt Plant,B1709-1909,2018-03-08, room temperature  ,Germany,5657,240,0
INV002440,2017-06-25, Amcibax Amcikeran  ,Analgesics,Frankfurt Plant,B1706-9342,2018-10-26,Refrigerated,Germany,9995,157,No
INV002441,2020-02-03, Clinolan Pitoletra  ,Mood Stabilizers, munich plant  ,B2002-6792,2022-04-28, frozen  ,Germany,4598,126,No
INV002442,2018-08-17,Decidenu Galantrigine,Antipiretics, MUNICH PLANT  ,B1808-2220,2019-11-01,refrigerated,Germany,3288,105,FALSE
INV002443,2019-03-17, Aclonuma  ,Antimalarial,Warsaw Plant,B1903-9886,2022-02-07,CONTROLLED SUBSTANCE,Poland,5684,303,No
INV002444,2020-12-27,Menogine,Antiseptics,FRANKFURT PLANT,B2012-2862,2022-04-23,room temperature,Germany,4374,332,FALSE
INV002445,2017-05-19,Dexmebital Acanplan,Analgesics,POZNAN SITE,B1705-7526,2018-06-25,Refrigerated,Poland,4599,256,No
INV002446,2020-05-01, Antilamin Clinbital  ,Antibiotics, Frankfurt Plant  ,B2005-2963,2021-01-19,controlled substance,Germany,6907,368,FALSE
INV002447,2020-11-19,Thalilamide,Antibiotics, Warsaw Plant  ,B2011-9198,2022-03-07,room temperature,Poland,2613,362,No
INV002448,2017-12-26,Cephozumab Synmethate,Antibiotics, Poznan Site  ,B1712-4067,2020-10-09,REFRIGERATED,Poland,3188,192,FALSE
INV002449,2018-10-07,Algluconium Dorzofoxin,Antibiotics,munich plant,B1810-4962,2020-05-03, controlled substance  ,Germany,9716,341,FALSE
INV002450,2018-12-29,Amavirase,Antipiretics,Munich Plant,B1812-2860,2021-12-19,Frozen,Germany,3456,64,FALSE
INV002451,2018-03-10,Brimorix Amonine,Antibiotics,MUNICH PLANT,B1803-2746,2018-12-20,room temperature,Germany,6827,51,No
INV002452,2018-03-15,Travoloride,Antiseptics,munich plant,B1803-0178,2019-07-20, Refrigerated  ,Germany,9692,254,0
INV002453,2020-09-18, Immurenol Temarate  ,Antipiretics,Frankfurt Plant,B2009-8967,2021-06-20,REFRIGERATED,Germany,2003,,FALSE
INV002454,2017-06-04,Cordamectin Actolamin,Antipiretics,WARSAW PLANT,B1706-9431,2018-01-15,Frozen,Poland,4706,314,No
INV002455,2017-04-08, Raparidol  ,Mood Stabilizers,Krakow Facility,B1704-7740,2019-08-07,REFRIGERATED,Poland,599,324,FALSE
INV002456,2019-04-13,Adrecetam Barazoxane,Antimalarial,POZNAN SITE,B1904-4751,2020-07-02,FROZEN,Poland,2168,107,No
INV002457,2017-01-10,Dexacilin Triline,Analgesics,munich plant,B1701-4198,2019-02-18, room temperature  ,Germany,2736,270,FALSE
INV002458,2017-04-12, Pazofenac  ,Mood Stabilizers, krakow facility  ,B1704-8662,2018-02-23,Frozen,Poland,3859,135,FALSE
INV002459,2020-02-11,Insozyme,Antiseptics,poznan site,B2002-9450,2021-07-04,ROOM TEMPERATURE,Poland,7671,383,FALSE
INV002460,2017-02-19,Araxetine,Antibiotics,Frankfurt Plant,B1702-6700,2017-09-03,Refrigerated,Germany,4346,382,FALSE
INV002461,2019-12-27,Diaxolol,Antiseptics,krakow facility,B1912-9658,2021-08-06,controlled substance,Poland,8691,162,No
INV002462,2019-02-04,Antaparin Varizyme,Mood Stabilizers,Munich Plant,B1902-9238,2019-08-01, Frozen  ,Germany,6869,265,FALSE
INV002463,2017-07-12,Ketamara Evogel,Antipiretics,POZNAN SITE,B1707-4605,2019-04-05,room temperature,Poland,3530,258,Yes
INV002464,2019-06-24,Cephozumab Synmethate,Antibiotics,Poznan Site,B1906-5587,2022-02-14,ROOM TEMPERATURE,Poland,4663,352,FALSE
INV002465,2018-08-11, Alemtuvatol Megalinum  ,Analgesics,KRAKOW FACILITY,B1808-6472,2019-08-26, CONTROLLED SUBSTANCE  ,Poland,3448,378,No
INV002466,2020-06-26, Alpharolac  ,Antipiretics,frankfurt plant,B2006-9708,2021-02-26,room temperature,Germany,2327,130,No
INV002467,2019-09-27,Docstryl Rivacin,Antiseptics,Frankfurt Plant,B1909-8011,2020-10-16,ROOM TEMPERATURE,Germany,7734,352,FALSE
INV002468,2017-01-29, Pulmodiol Adalaxime  ,Analgesics,munich plant,B1701-3135,2018-07-13,FROZEN,Germany,4317,212,No
INV002469,2017-08-26,Thalilamide,Antibiotics, Warsaw Plant  ,B1708-4654,2020-08-21, frozen  ,Poland,8507,81,No
INV002470,2020-03-09,Dexacilin Triline,Analgesics,Munich Plant,B2003-2389,2022-09-24,FROZEN,Germany,4911,273,No
INV002471,2019-06-23,Ketamara Evogel,Antipiretics,poznan site,B1906-8775,2021-10-01,room temperature,Poland,668,112,No
INV002472,2020-12-16,Imiderm Vibranovate,Antipiretics,FRANKFURT PLANT,B2012-3444,2022-08-13,room temperature,Germany,5779,72,FALSE
INV002473,2018-01-09,Paronium Atracustone,Analgesics,Munich Plant,B1801-3990,2020-09-28,controlled substance,Germany,972,58,No
INV002474,2019-05-18,Hepavice,Mood Stabilizers,Warsaw Plant,B1905-9649,2019-11-16, Frozen  ,Poland,2006,387,FALSE
INV002475,2019-05-24,Clinicilin Pentozone,Antimalarial,MUNICH PLANT,B1905-6672,2021-04-19, room temperature  ,Germany,7229,398,No
INV002476,2020-01-04, Tetratanyl  ,Antimalarial,POZNAN SITE,B2001-7460,2021-11-11,refrigerated,Poland,9675,88,FALSE
INV002477,2020-11-16,Atrabicin Alkerotec,Antiseptics,Krakow Facility,B2011-7233,2022-11-06,ROOM TEMPERATURE,Poland,5448,91,No
INV002478,2020-05-27,Sevoderm,Antipiretics,Munich Plant,B2005-7980,2021-01-28,refrigerated,Germany,5296,272,FALSE
INV002479,2018-11-07,Pulmofine,Antibiotics, WARSAW PLANT  ,B1811-2071,2019-04-19,FROZEN,Poland,1726,77,FALSE
INV002480,2020-10-05,Amavirase,Antipiretics,MUNICH PLANT,B2010-8356,2023-05-04,Frozen,Germany,6479,395,FALSE
INV002481,2019-01-25,Eproline,Antibiotics, Frankfurt Plant  ,B1901-9298,2021-12-11,ROOM TEMPERATURE,Germany,2528,164,Yes
INV002482,2018-05-03,Aspinavir Silovance,Antibiotics,POZNAN SITE,B1805-2045,2019-09-24,Frozen,Poland,4544,282,FALSE
INV002483,2019-09-16, Stelazolid  ,Antimalarial,Poznan Site,B1909-6389,2021-07-27,FROZEN,Poland,4471,342,FALSE
INV002484,2018-05-26,Aggrakine,Antiseptics,Poznan Site,B1805-5732,2019-01-23,refrigerated,Poland,4615,190,No
INV002485,2017-10-28,Agalsiline,Mood Stabilizers, WARSAW PLANT  ,B1710-7661,2019-05-18,Frozen,Poland,509,367,0
INV002486,2019-02-07,Cephozumab Synmethate,Antibiotics,poznan site,B1902-4580,2019-10-13, refrigerated  ,Poland,7018,101,Yes
INV002487,2018-11-15,Megenorphine,Antimalarial,Frankfurt Plant,B1811-3835,2020-04-01, Frozen  ,Germany,5198,252,No
INV002488,2019-08-05,Pulmodiol Adalaxime,Analgesics, Munich Plant  ,B1908-4564,2020-10-07,controlled substance,Germany,1708,64,No
INV002489,2017-11-26, Ribabyclor  ,Antiseptics, warsaw plant  ,B1711-2579,2020-04-08, FROZEN  ,Poland,8878,269,No
INV002490,2019-10-11,Abilovir Aprotasol,Antipiretics,Poznan Site,B1910-4810,2022-02-19,Refrigerated,Poland,7275,317,No
INV002491,2017-11-04,Hydroxyprosyn,Antibiotics,POZNAN SITE,B1711-5681,2018-04-06,refrigerated,Poland,6677,81,No
INV002492,2020-04-04,Sevoderm,Antipiretics,munich plant,B2004-4581,2022-12-04, Frozen  ,Germany,2890,231,No
INV002493,2020-12-10, Afinitasol  ,Antipiretics,Munich Plant,B2012-2060,2022-09-22, frozen  ,Germany,6491,81,No
INV002494,2020-02-23, Interfeferon Aspipex  ,Antiseptics,frankfurt plant,B2002-9592,2020-06-25,Frozen,Germany,7595,349,No
INV002495,2019-05-27, Raparidol  ,Mood Stabilizers,Krakow Facility,B1905-0037,2020-04-16, REFRIGERATED  ,Poland,7198,296,No
INV002496,2020-12-13,Penitrana,Analgesics,Frankfurt Plant,B2012-6784,2022-09-25,room temperature,Germany,N/A,149,FALSE
INV002497,2019-06-25,Tracdomide,Antipiretics,krakow facility,B1906-2342,2022-01-26,frozen,Poland,5732,60,No
INV002498,2017-01-09,Epzipitant,Analgesics,POZNAN SITE,B1701-4202,2019-03-07,room temperature,Poland,8998,217,FALSE
INV002499,2018-10-10,Topipizole,Mood Stabilizers, WARSAW PLANT  ,B1810-5267,2021-02-05,Frozen,Poland,4441,,No
INV002500,2018-11-20,Liomulin,Mood Stabilizers,MUNICH PLANT,B1811-3526,2021-03-29, refrigerated  ,Germany,4752,126,No
INV002501,2020-04-18, Choriogestrel  ,Antiseptics,Frankfurt Plant,B2004-5769,2020-10-02,controlled substance,Germany,8253,52,No
INV002502,2017-07-06,Diazemid Felcept,Analgesics,warsaw plant,B1707-2516,2017-10-24,Refrigerated,Poland,6352,215,No
INV002503,2017-04-11,Vibratosine Alemtrace,Antibiotics,KRAKOW FACILITY,B1704-1562,2018-04-18,controlled substance,Poland,2995,,No
INV002504,2018-07-10,Antaparin Varizyme,Mood Stabilizers,Munich Plant,B1807-4778,2020-11-16,controlled substance,Germany,9185,358,No
INV002505,2017-06-22, Clinicilin Pentozone  ,Antimalarial,MUNICH PLANT,B1706-4374,2018-03-10,CONTROLLED SUBSTANCE,Germany,1079,117,FALSE
INV002506,2018-05-31, Tetratanyl  ,Antimalarial,poznan site,B1805-0294,2020-09-02,frozen,Poland,5109,104,FALSE
INV002507,2018-01-14,Lovavatol Azelavarix,Mood Stabilizers,frankfurt plant,B1801-2322,2018-11-09,CONTROLLED SUBSTANCE,Germany,3349,355,FALSE
INV002508,2017-04-08, Cortirodine Alimcline  ,Antipiretics,POZNAN SITE,B1704-8386,2018-06-14,CONTROLLED SUBSTANCE,Poland,6312,328,No
INV002509,2017-05-05,Travoloride,Antiseptics,MUNICH PLANT,B1705-4496,2019-05-28,controlled substance,Germany,4726,264,No
INV002510,2018-11-01,Araxetine,Antibiotics,frankfurt plant,B1811-8523,2019-04-13,room temperature,Germany,8572,366,FALSE
INV002511,2019-10-06, Pulmogen Alitora  ,Antiseptics,Frankfurt Plant,B1910-0924,2019-12-18,room temperature,Germany,1599,76,No
INV002512,2019-09-09, Ergomethate  ,Mood Stabilizers,Munich Plant,B1909-4397,2021-05-06,controlled substance,Germany,3980,158,No
INV002513,2019-09-24,Interfestar,Antibiotics,Munich Plant,B1909-7049,2022-06-07, frozen  ,Germany,7670,84,FALSE
INV002514,2020-10-09,Adrecetam Barazoxane,Antimalarial, poznan site  ,B2010-8442,2022-02-23, controlled substance  ,Poland,6911,208,FALSE
INV002515,2017-02-27,Lovepion,Antiseptics,krakow facility,B1702-0942,2018-06-14,controlled substance,Poland,6245,57,FALSE
INV002516,2017-01-26,Lovavatol Azelavarix,Mood Stabilizers,frankfurt plant,B1701-1299,2019-11-29, controlled substance  ,Germany,3863,124,FALSE
INV002517,2020-05-27,Eproline,Antibiotics,Frankfurt Plant,B2005-3223,2021-08-30, CONTROLLED SUBSTANCE  ,Germany,4699,237,FALSE
INV002518,2019-08-26,Symbiroban,Antibiotics,Poznan Site,B1908-6354,2021-08-12,controlled substance,Poland,5175,384,0
INV002519,2019-10-21, Apronazol  ,Antibiotics, Krakow Facility  ,B1910-6268,2022-04-29,refrigerated,Poland,2076,299,No
INV002520,2020-04-16,Stelazolid,Antimalarial, Poznan Site  ,B2004-2641,2020-07-26, Frozen  ,Poland,5194,134,FALSE
INV002521,2019-12-27,Topitaine,Mood Stabilizers, Frankfurt Plant  ,B1912-2046,2021-11-23, Frozen  ,Germany,2260,396,No
INV002522,2018-08-18,Enzastryl,Antiseptics, KRAKOW FACILITY  ,B1808-7612,2021-04-02,Refrigerated,Poland,7949,146,No
INV002523,2018-02-24, Kiovax Tercorolac  ,Analgesics,MUNICH PLANT,B1802-8327,2018-12-05,controlled substance,Germany,8966,226,No
INV002524,2020-10-11,Factofribrate,Mood Stabilizers,FRANKFURT PLANT,B2010-8905,2022-11-29, REFRIGERATED  ,Germany,440,360,No
INV002525,2017-11-07,Acelimus,Analgesics,WARSAW PLANT,B1711-5600,2020-03-13,CONTROLLED SUBSTANCE,Poland,6590,167,No
INV002526,2019-12-05, Tiaracil  ,Antipiretics,WARSAW PLANT,B1912-6477,2020-12-29, room temperature  ,Poland,2978,72,FALSE
INV002527,2018-05-07,Fosinofen,Antipiretics,MUNICH PLANT,B1805-1428,2019-06-12,refrigerated,Germany,6391,141,FALSE
INV002528,2019-08-19, Quixitriptan Alanesin  ,Antiseptics,Poznan Site,B1908-5431,2021-02-23,CONTROLLED SUBSTANCE,Poland,3402,94,FALSE
INV002529,2020-09-24,Propralamide Dexlanzolam,Mood Stabilizers,KRAKOW FACILITY,B2009-3756,2021-08-23,Frozen,Poland,929,226,0
INV002530,2020-03-30,Fosinofen,Antipiretics,Munich Plant,B2003-3290,2021-10-18,room temperature,Germany,5101,277,No
INV002531,2019-11-30, Invisteride Diclomycin  ,Mood Stabilizers,Frankfurt Plant,B1911-9412,2020-05-24,Frozen,Germany,1883,385,No
INV002532,2019-08-20,Zithrotrol,Antiseptics, krakow facility  ,B1908-2327,2021-04-12,controlled substance,Poland,1304,172,FALSE
INV002533,2017-07-19,Rositroban,Mood Stabilizers, Krakow Facility  ,B1707-4437,2020-06-23, frozen  ,Poland,3555,217,FALSE
INV002534,2017-01-23,Abranatal Lysoprosate,Antiseptics,Munich Plant,B1701-6157,2019-04-24,REFRIGERATED,Germany,7431,227,FALSE
INV002535,2019-03-14,Fentalac,Antipiretics, Warsaw Plant  ,B1903-4512,2021-05-20,room temperature,Poland,312,139,No
INV002536,2019-03-20,Diaxolol,Antiseptics,krakow facility,B1903-7878,2019-10-06,Refrigerated,Poland,5404,110,0
INV002537,2018-12-13, Claripenem  ,Antibiotics,Warsaw Plant,B1812-6071,2021-03-16,Refrigerated,Poland,5611,335,No
INV002538,2019-03-31,Adtiza Gammaluble,Antibiotics,warsaw plant,B1903-2350,2020-07-14,frozen,Poland,1762,388,Yes
INV002539,2019-02-18, Raparidol  ,Mood Stabilizers,KRAKOW FACILITY,B1902-9144,2020-11-23, FROZEN  ,Poland,2823,371,No
INV002540,2020-04-21,Dasagestin,Analgesics,poznan site,B2004-1841,2022-02-07,room temperature,Poland,6169,294,0
INV002541,2019-06-26, Paronium Atracustone  ,Analgesics,Munich Plant,B1906-2058,2021-01-10,ROOM TEMPERATURE,Germany,6311,95,No
INV002542,2020-04-20, Insozyme  ,Antiseptics,POZNAN SITE,B2004-9558,2021-11-06, CONTROLLED SUBSTANCE  ,Poland,8454,241,No
INV002543,2017-01-12,Victomine,Antimalarial,KRAKOW FACILITY,B1701-3916,2019-10-16, controlled substance  ,Poland,4867,174,No
INV002544,2018-03-28, Araxetine  ,Antibiotics,Frankfurt Plant,B1803-4722,2019-12-07,refrigerated,Germany,7119,50,No
INV002545,2017-01-17,Kiovax Tercorolac,Analgesics,munich plant,B1701-9527,2019-06-09,controlled substance,Germany,380,92,0
INV002546,2018-11-07, Hydroxyprosyn  ,Antibiotics,poznan site,B1811-8103,2020-02-25,controlled substance,Poland,977,133,No
INV002547,2019-07-08, Sodinel Olofribrate  ,Antimalarial,Warsaw Plant,B1907-2608,2021-06-28,frozen,Poland,4532,133,No
INV002548,2017-01-18,Secrelazine Insonamic,Antipiretics,munich plant,B1701-3087,2018-08-27,CONTROLLED SUBSTANCE,Germany,1161,347,No
INV002549,2017-12-29,Alpradipine,Analgesics,munich plant,B1712-4957,2019-09-07,FROZEN,Germany,7939,382,No
INV002550,2019-10-30,Raparidol,Mood Stabilizers, Krakow Facility  ,B1910-3232,2020-11-06,CONTROLLED SUBSTANCE,Poland,4337,83,FALSE
INV002551,2020-08-04, Tetalamide  ,Antibiotics,Frankfurt Plant,B2008-0960,2021-09-01, frozen  ,Germany,4041,104,No
INV002552,2017-04-14,Propratecan,Antimalarial,Krakow Facility,B1704-9216,2019-03-22,Refrigerated,Poland,3784,177,FALSE
INV002553,2017-11-08,Nisorase,Antibiotics,MUNICH PLANT,B1711-6037,2019-09-13,ROOM TEMPERATURE,Germany,2918,144,FALSE
INV002554,2018-06-10,Veratorol Ciclovatol,Mood Stabilizers,Poznan Site,B1806-3473,2020-12-16,room temperature,Poland,7584,246,No
INV002555,2018-09-16,Victomine,Antimalarial,KRAKOW FACILITY,B1809-8976,2021-04-05, room temperature  ,Poland,1031,230,No
INV002556,2017-07-26,Ganineva Agenium,Antiseptics, Frankfurt Plant  ,B1707-5048,2017-12-16,ROOM TEMPERATURE,Germany,351,236,No
INV002557,2020-04-28,Clinolan Pitoletra,Mood Stabilizers, Munich Plant  ,B2004-8158,2022-08-22,Refrigerated,Germany,596,354,FALSE
INV002558,2018-04-24,Abtasol,Antiseptics,Munich Plant,B1804-2309,2020-04-23,FROZEN,Germany,2283,152,FALSE
INV002559,2020-10-02, Angioparin Brimosumab  ,Mood Stabilizers,munich plant,B2010-2529,2023-03-09, frozen  ,Germany,5382,168,No
INV002560,2017-01-16,Brimorix Amonine,Antibiotics,Munich Plant,B1701-5008,2017-10-12, room temperature  ,Germany,4042,267,No
INV002561,2020-06-14,Propratecan,Antimalarial,KRAKOW FACILITY,B2006-7745,2022-06-06,ROOM TEMPERATURE,Poland,3469,127,No
INV002562,2017-12-10,Victomine,Antimalarial,Krakow Facility,B1712-1504,2020-04-15,controlled substance,Poland,1039,125,No
INV002563,2020-04-23,Cephovelam,Mood Stabilizers,Munich Plant,B2004-1130,2022-03-21, ROOM TEMPERATURE  ,Germany,4879,389,FALSE
INV002564,2017-08-18, Algluconium Dorzofoxin  ,Antibiotics,MUNICH PLANT,B1708-8438,2018-06-08,room temperature,Germany,2418,256,No
INV002565,2017-10-05,Amcibax Amcikeran,Analgesics,FRANKFURT PLANT,B1710-4276,2019-09-06, refrigerated  ,Germany,294,379,FALSE
INV002566,2017-11-11,Aggrakine,Antiseptics, Poznan Site  ,B1711-8828,2019-02-02, room temperature  ,Poland,9079,367,No
INV002567,2018-11-17,Afretosine,Mood Stabilizers,MUNICH PLANT,B1811-4760,2019-06-29, REFRIGERATED  ,Germany,1231,343,FALSE
INV002568,2020-11-17,Proprabax,Analgesics,warsaw plant,B2011-4617,2022-12-01, controlled substance  ,Poland,2497,201,No
INV002569,2017-06-26, Syntheruvax Proracin  ,Antimalarial, WARSAW PLANT  ,B1706-1994,2018-11-19, refrigerated  ,Poland,8196,183,No
INV002570,2017-09-26, Theopril  ,Antipiretics,krakow facility,B1709-1575,2018-04-18,controlled substance,Poland,3473,188,No
INV002571,2017-09-09,Amlominphen Dexanovate,Analgesics,Warsaw Plant,B1709-2973,2019-09-23,REFRIGERATED,Poland,8015,190,FALSE
INV002572,2017-10-29,Tiaracil,Antipiretics,Warsaw Plant,B1710-3854,2019-09-02, frozen  ,Poland,2850,116,FALSE
INV002573,2019-12-13,Aclonuma,Antimalarial, Warsaw Plant  ,B1912-3487,2020-12-08,controlled substance,Poland,8887,347,0
INV002574,2018-01-31,Asparathasone Unipan,Antibiotics,Poznan Site,B1801-6325,2018-06-20,controlled substance,Poland,9482,56,No
INV002575,2019-03-12,Quiniprosyn,Antiseptics,Munich Plant,B1903-3299,2020-03-21,room temperature,Germany,5277,80,No
INV002576,2020-08-26,Syntheruvax Proracin,Antimalarial,WARSAW PLANT,B2008-1287,2021-12-18,Frozen,Poland,8875,79,FALSE
INV002577,2018-08-27, Spiroderall  ,Mood Stabilizers,MUNICH PLANT,B1808-8269,2021-02-28, Frozen  ,Germany,2939,165,FALSE
INV002578,2018-05-25,Trazozaprine,Mood Stabilizers,Frankfurt Plant,B1805-8529,2019-03-27, CONTROLLED SUBSTANCE  ,Germany,6545,281,No
INV002579,2017-11-03, Sodinel Olofribrate  ,Antimalarial,Warsaw Plant,B1711-5073,2020-05-07, Frozen  ,Poland,8362,215,0
INV002580,2019-06-09,Afaxacin,Analgesics,Krakow Facility,B1906-4442,2020-05-25, ROOM TEMPERATURE  ,Poland,3352,350,No
INV002581,2019-02-07, Docstryl Rivacin  ,Antiseptics,Frankfurt Plant,B1902-1861,2021-06-02,room temperature,Germany,2450,173,No
INV002582,2018-10-21,Clindaracil,Analgesics,poznan site,B1810-2674,2019-09-16,room temperature,Poland,1994,376,No
INV002583,2018-02-11,Pulmodiol Adalaxime,Analgesics,munich plant,B1802-1664,2019-06-06,controlled substance,Germany,7522,132,No
INV002584,2019-10-23,Lactubucil,Antipiretics, Poznan Site  ,B1910-5086,2020-08-21,REFRIGERATED,Poland,4569,52,No
INV002585,2019-04-19,Adriafinil Ehtymara,Antiseptics,Frankfurt Plant,B1904-7144,2020-06-28,room temperature,Germany,7828,203,FALSE
INV002586,2020-11-08,Allomenda,Antipiretics,Poznan Site,B2011-2866,2023-02-03,ROOM TEMPERATURE,Poland,4710,111,FALSE
INV002587,2020-03-06,Magneprex,Antimalarial,Krakow Facility,B2003-5935,2021-02-24,frozen,Poland,6550,52,No
INV002588,2018-04-05,Kinovatol,Analgesics,Munich Plant,B1804-7018,2020-04-06,controlled substance,Germany,7509,239,No
INV002589,2018-12-05,Testant,Mood Stabilizers,Warsaw Plant,B1812-9249,2019-08-22,FROZEN,Poland,6626,84,Yes
INV002590,2017-12-29, Interfedox Pilobamol  ,Antiseptics,Frankfurt Plant,B1712-3479,2020-02-29,frozen,Germany,3682,311,No
INV002591,2019-08-13,Factofribrate,Mood Stabilizers,Frankfurt Plant,B1908-1098,2022-02-28, Refrigerated  ,Germany,6933,219,FALSE
INV002592,2018-02-23,Raparidol,Mood Stabilizers,Krakow Facility,B1802-4037,2020-10-15, refrigerated  ,Poland,3125,326,No
INV002593,2017-05-08,Symbitrim,Analgesics,munich plant,B1705-8279,2017-09-30, refrigerated  ,Germany,4250,335,No
INV002594,2017-07-03,Lactubucil,Antipiretics, poznan site  ,B1707-5262,2019-01-30, CONTROLLED SUBSTANCE  ,Poland,7061,74,FALSE
INV002595,2017-02-26,Choriogestrel,Antiseptics,FRANKFURT PLANT,B1702-9754,2017-07-19,CONTROLLED SUBSTANCE,Germany,1793,237,No
INV002596,2020-10-25, Travoloride  ,Antiseptics,MUNICH PLANT,B2010-2147,2021-03-27,controlled substance,Germany,1267,165,No
INV002597,2018-03-25,Exexone,Mood Stabilizers,Munich Plant,B1803-6896,2018-05-29, controlled substance  ,Germany,3013,53,FALSE
INV002598,2020-07-05,Cyclovital,Antimalarial, munich plant  ,B2007-8813,2023-03-22,room temperature,Germany,7139,357,No
INV002599,2018-07-25,Fentatrol Rapatelase,Antibiotics, Frankfurt Plant  ,B1807-2401,2019-11-15,controlled substance,Germany,2086,149,No
INV002600,2017-01-19,Alemtuvatol Megalinum,Analgesics, Krakow Facility  ,B1701-3196,2019-06-21,Refrigerated,Poland,5377,150,No
INV002601,2018-09-16, Tacrodomide  ,Antipiretics,KRAKOW FACILITY,B1809-5003,2019-05-08,frozen,Poland,4297,338,FALSE
INV002602,2019-07-20, Invisteride Diclomycin  ,Mood Stabilizers, Frankfurt Plant  ,B1907-0631,2020-04-02,controlled substance,Germany,4237,224,No
INV002603,2018-10-29,Angioparin Brimosumab,Mood Stabilizers,Munich Plant,B1810-2416,2019-06-02,Frozen,Germany,3640,132,FALSE
INV002604,2020-12-14,Cyclovital,Antimalarial,Munich Plant,B2012-7618,2022-11-12, controlled substance  ,Germany,9735,157,No
INV002605,2017-03-09,Lovephilus,Analgesics, poznan site  ,B1703-8097,2018-12-06, REFRIGERATED  ,Poland,8721,391,No
INV002606,2017-11-17,Topipizole,Mood Stabilizers,WARSAW PLANT,B1711-7534,2018-04-13,Refrigerated,Poland,2122,209,No
INV002607,2017-04-25, Clindaracil  ,Analgesics, POZNAN SITE  ,B1704-1009,2017-09-17,Refrigerated,Poland,660,219,No
INV002608,2020-08-18, Acelimus  ,Analgesics,WARSAW PLANT,B2008-6618,2022-02-12, room temperature  ,Poland,1205,85,No
INV002609,2019-06-08,Choriotrisin,Antibiotics,WARSAW PLANT,B1906-4512,2021-11-16,Refrigerated,Poland,761,359,FALSE
INV002610,2017-05-26,Hepavice,Mood Stabilizers,Warsaw Plant,B1705-3534,2017-08-06,refrigerated,Poland,9301,186,No
INV002611,2017-03-03, Lacoplex Hyaluvance  ,Mood Stabilizers,Munich Plant,B1703-6019,2018-04-30, Refrigerated  ,Germany,8077,277,FALSE
INV002612,2019-02-15, Penitrana  ,Analgesics,FRANKFURT PLANT,B1902-2792,2019-11-09,frozen,Germany,5028,153,No
INV002613,2019-01-06,Tetratanyl,Antimalarial,poznan site,B1901-7122,2020-05-03,room temperature,Poland,6074,98,No
INV002614,2017-02-03,Lovephilus,Analgesics,Poznan Site,B1702-2971,2017-07-12, REFRIGERATED  ,Poland,9776,321,No
INV002615,2019-06-05,Spiroderall,Mood Stabilizers,Munich Plant,B1906-2772,2021-08-23, controlled substance  ,Germany,7660,147,FALSE
INV002616,2018-03-20, Quiniprosyn  ,Antiseptics, MUNICH PLANT  ,B1803-8898,2020-01-02,room temperature,Germany,1093,398,FALSE
INV002617,2019-10-04,Amphesirox,Antiseptics,WARSAW PLANT,B1910-8567,2021-12-30, FROZEN  ,Poland,2866,189,0
INV002618,2019-07-29, Dexacilin Triline  ,Analgesics, Munich Plant  ,B1907-0017,2020-10-25, REFRIGERATED  ,Germany,N/A,102,No
INV002619,2020-04-27,Ribabyclor,Antiseptics,WARSAW PLANT,B2004-1088,2022-12-26, controlled substance  ,Poland,7437,370,No
INV002620,2017-08-20, Magneprex  ,Antimalarial, krakow facility  ,B1708-8541,2018-11-16,Frozen,Poland,8010,95,FALSE
INV002621,2018-08-02,Dantocept Ferurenone,Antiseptics,Warsaw Plant,B1808-1213,2021-04-15, room temperature  ,Poland,2792,357,No
INV002622,2019-08-16,Diprolimus,Antiseptics,poznan site,B1908-7416,2020-04-06,room temperature,Poland,7808,251,No
INV002623,2020-06-29,Abilovir Aprotasol,Antipiretics, poznan site  ,B2006-6163,2022-04-24, frozen  ,Poland,N/A,127,No
INV002624,2019-08-04, Brimorix Amonine  ,Antibiotics,MUNICH PLANT,B1908-6318,2021-12-09,Frozen,Germany,8528,306,Yes
INV002625,2020-02-08,Acycnafine Microvate,Mood Stabilizers,Frankfurt Plant,B2002-2743,2020-08-04,Refrigerated,Germany,8199,85,0
INV002626,2019-03-24,Malaxolol Aeroprosyn,Antiseptics,Frankfurt Plant,B1903-0620,2021-06-08, FROZEN  ,Germany,7319,132,No
INV002627,2018-08-30,Aclonuma,Antimalarial,warsaw plant,B1808-6101,2019-05-19,ROOM TEMPERATURE,Poland,6359,287,No
INV002628,2019-10-08,Rebedase Aplencor,Mood Stabilizers,Munich Plant,B1910-3466,2020-09-09,room temperature,Germany,5177,191,FALSE
INV002629,2018-08-02, Decidenu Galantrigine  ,Antipiretics, Munich Plant  ,B1808-2993,2018-10-01, REFRIGERATED  ,Germany,9903,222,No
INV002630,2019-07-12,Microroban Afatigomar,Antimalarial,Munich Plant,B1907-3896,2020-09-06, refrigerated  ,Germany,9249,130,FALSE
INV002631,2019-11-26,Dexmeprazole Transnuvia,Mood Stabilizers, Frankfurt Plant  ,B1911-3696,2022-08-11,frozen,Germany,8355,306,No
INV002632,2017-03-01,Cephovelam,Mood Stabilizers,Munich Plant,B1703-0648,2018-02-01,room temperature,Germany,392,234,No
INV002633,2019-10-13,Raparidol,Mood Stabilizers,Krakow Facility,B1910-1085,2022-06-05, frozen  ,Poland,1254,221,TRUE
INV002634,2019-11-11,Zarostral,Antipiretics,Warsaw Plant,B1911-5089,2021-10-01,room temperature,Poland,2171,329,No
INV002635,2018-07-18,Symbiroban,Antibiotics,POZNAN SITE,B1807-6852,2020-04-27, ROOM TEMPERATURE  ,Poland,1761,241,No
INV002636,2019-06-23, Presetron  ,Mood Stabilizers,Frankfurt Plant,B1906-1190,2020-07-16,Refrigerated,Germany,7880,55,No
INV002637,2018-05-06,Afluferon Entrarenone,Antimalarial,Poznan Site,B1805-1586,2021-02-06,Frozen,Poland,5638,269,FALSE
INV002638,2018-06-04,Formolovir Amanferon,Analgesics,munich plant,B1806-0521,2020-05-12, frozen  ,Germany,9044,297,No
INV002639,2019-07-16, Nevanide Actozide  ,Antibiotics,krakow facility,B1907-3888,2020-03-17,CONTROLLED SUBSTANCE,Poland,N/A,397,No
INV002640,2019-01-06, Ergomethate  ,Mood Stabilizers,munich plant,B1901-8795,2019-12-22,refrigerated,Germany,2172,272,No
INV002641,2018-03-12,Agalsiline,Mood Stabilizers,WARSAW PLANT,B1803-1318,2021-01-23,frozen,Poland,2688,248,FALSE
INV002642,2020-12-08, Cephozumab Synmethate  ,Antibiotics,poznan site,B2012-9325,2022-04-06,REFRIGERATED,Poland,4838,328,No
INV002643,2019-08-16,Choriogestrel,Antiseptics, Frankfurt Plant  ,B1908-4826,2019-10-17,Frozen,Germany,8612,217,No
INV002644,2019-03-16,Lovepion,Antiseptics,krakow facility,B1903-9057,2021-10-17, controlled substance  ,Poland,1591,54,0
INV002645,2018-10-06, Travoloride  ,Antiseptics, MUNICH PLANT  ,B1810-1696,2019-03-20,CONTROLLED SUBSTANCE,Germany,9619,313,FALSE
INV002646,2019-10-31, Xenaderal  ,Mood Stabilizers,munich plant,B1910-5315,2021-05-30,controlled substance,Germany,3317,98,No
INV002647,2019-08-06,Hydroxyprosyn,Antibiotics,Poznan Site,B1908-5515,2021-11-17,REFRIGERATED,Poland,N/A,90,FALSE
INV002648,2020-11-14,Amamadin,Antimalarial,MUNICH PLANT,B2011-1016,2023-11-02, room temperature  ,Germany,778,81,No
INV002649,2018-03-10,Relenvice,Antimalarial,Munich Plant,B1803-3183,2020-06-03,room temperature,Germany,4417,205,No
INV002650,2019-02-10,Ciclonazol,Antiseptics, Krakow Facility  ,B1902-1207,2022-01-17,Refrigerated,Poland,3725,,No
INV002651,2018-04-03,Acelimus,Analgesics,Warsaw Plant,B1804-7471,2019-03-22, room temperature  ,Poland,1627,389,No
INV002652,2019-04-26, Primatate Univatol  ,Mood Stabilizers,frankfurt plant,B1904-9369,2021-08-24,room temperature,Germany,1339,232,No
INV002653,2020-09-02, Oxymotroban Fexoformin  ,Analgesics, KRAKOW FACILITY  ,B2009-1547,2020-11-04, room temperature  ,Poland,4907,179,No
INV002654,2019-09-30,Stelazolid,Antimalarial,Poznan Site,B1909-3805,2021-04-23, room temperature  ,Poland,7862,240,FALSE
INV002655,2018-11-18,Factofribrate,Mood Stabilizers,Frankfurt Plant,B1811-1844,2021-07-23,room temperature,Germany,8650,381,No
INV002656,2019-11-29, Argalazine Abostryl  ,Antipiretics,Poznan Site,B1911-0652,2022-05-29,REFRIGERATED,Poland,3131,122,No
INV002657,2020-11-16,Neuropogen Empibax,Analgesics,FRANKFURT PLANT,B2011-2816,2022-07-10,Frozen,Germany,2736,140,FALSE
INV002658,2019-10-05,Invisteride Diclomycin,Mood Stabilizers,FRANKFURT PLANT,B1910-6462,2020-09-24, CONTROLLED SUBSTANCE  ,Germany,3101,93,No
INV002659,2017-06-27, Propralamide Dexlanzolam  ,Mood Stabilizers,Krakow Facility,B1706-5890,2018-11-04, controlled substance  ,Poland,8439,223,No
INV002660,2019-05-26,Cricane Acamsumab,Antiseptics,WARSAW PLANT,B1905-6074,2021-07-28, controlled substance  ,Poland,9416,279,No
INV002661,2020-09-02, Adalatamine  ,Antiseptics,POZNAN SITE,B2009-8033,2023-06-16,CONTROLLED SUBSTANCE,Poland,2009,324,FALSE
INV002662,2019-11-05,Topitaine,Mood Stabilizers, frankfurt plant  ,B1911-3844,2020-07-27,FROZEN,Germany,N/A,291,No
INV002663,2019-08-21,Ribabyclor,Antiseptics,Warsaw Plant,B1908-2899,2021-08-17, room temperature  ,Poland,4677,273,FALSE
INV002664,2019-11-03,Pulmodiol Adalaxime,Analgesics,Munich Plant,B1911-9860,2021-10-10,REFRIGERATED,Germany,2876,379,No
INV002665,2018-05-19,Atomorelin,Analgesics,Warsaw Plant,B1805-7390,2019-10-08,ROOM TEMPERATURE,Poland,4532,233,No
INV002666,2020-05-07, Lioletine Refliruvax  ,Analgesics, munich plant  ,B2005-1363,2020-07-17,controlled substance,Germany,4676,265,No
INV002667,2019-07-11,Panpion,Antiseptics,POZNAN SITE,B1907-2354,2022-04-20, FROZEN  ,Poland,3518,123,FALSE
INV002668,2018-12-12, Lovepion  ,Antiseptics,KRAKOW FACILITY,B1812-5459,2020-12-31,FROZEN,Poland,8293,385,No
INV002669,2018-12-14, Doxivorin  ,Antimalarial,Poznan Site,B1812-3642,2019-08-11,controlled substance,Poland,6082,260,FALSE
INV002670,2017-01-14, Dasagestin  ,Analgesics,POZNAN SITE,B1701-5961,2019-11-29,frozen,Poland,9213,363,FALSE
INV002671,2017-09-26, Albuterenone  ,Antimalarial,KRAKOW FACILITY,B1709-0633,2018-12-09,frozen,Poland,1474,390,FALSE
INV002672,2019-06-22,Choriogestrel,Antiseptics, frankfurt plant  ,B1906-0798,2019-12-26, Frozen  ,Germany,3457,136,No
INV002673,2019-05-21, Cogxone Levanide  ,Antimalarial,poznan site,B1905-2556,2020-01-20,controlled substance,Poland,7625,348,No
INV002674,2017-09-01,Apronazol,Antibiotics,Krakow Facility,B1709-9023,2017-12-13,refrigerated,Poland,5971,272,No
INV002675,2020-10-28, Theopril  ,Antipiretics,Krakow Facility,B2010-7857,2023-02-21,controlled substance,Poland,1585,,No
INV002676,2020-11-12,Malaxolol Aeroprosyn,Antiseptics, FRANKFURT PLANT  ,B2011-7689,2022-03-07,REFRIGERATED,Germany,4777,236,No
INV002677,2017-01-19,Menogine,Antiseptics,Frankfurt Plant,B1701-7820,2017-10-16, Refrigerated  ,Germany,8890,376,No
INV002678,2020-12-23,Tesnorphine Silotamine,Antibiotics,MUNICH PLANT,B2012-7014,2022-03-01,room temperature,Germany,9873,102,No
INV002679,2018-07-29,Insozyme,Antiseptics,poznan site,B1807-2093,2021-04-20, room temperature  ,Poland,4242,196,FALSE
INV002680,2019-04-07,Hydroxyprosyn,Antibiotics, Poznan Site  ,B1904-4794,2019-08-17,room temperature,Poland,3433,258,FALSE
INV002681,2018-08-07, Diaxolol  ,Antiseptics,krakow facility,B1808-6377,2020-05-09,room temperature,Poland,3023,327,No
INV002682,2019-01-18,Ketastadil,Analgesics,Frankfurt Plant,B1901-3013,2020-11-28,controlled substance,Germany,6329,201,No
INV002683,2018-03-05, Bexridol  ,Antipiretics,Krakow Facility,B1803-8840,2020-04-29,room temperature,Poland,9537,94,No
INV002684,2017-07-11, Pentastrin  ,Antibiotics,Frankfurt Plant,B1707-8268,2020-05-03,Frozen,Germany,8768,267,No
INV002685,2019-11-09, Liomulin  ,Mood Stabilizers,Munich Plant,B1911-4581,2021-12-29,CONTROLLED SUBSTANCE,Germany,7422,74,0
INV002686,2020-12-01,Antilamin Clinbital,Antibiotics,FRANKFURT PLANT,B2012-8311,2023-03-20,room temperature,Germany,3576,87,No
INV002687,2019-12-17,Interzide,Antimalarial,Munich Plant,B1912-9293,2020-03-22,Refrigerated,Germany,3890,312,No
INV002688,2019-03-29,Ribabyclor,Antiseptics, Warsaw Plant  ,B1903-5174,2019-06-11,controlled substance,Poland,778,92,No
INV002689,2020-02-21,Pulmofine,Antibiotics, warsaw plant  ,B2002-1456,2020-11-20,Frozen,Poland,1453,154,FALSE
INV002690,2019-08-05,Pulmofine,Antibiotics,Warsaw Plant,B1908-7881,2020-07-30,room temperature,Poland,5283,87,No
INV002691,2019-02-28,Theopril,Antipiretics,Krakow Facility,B1902-7320,2021-10-04,room temperature,Poland,7948,293,FALSE
INV002692,2019-01-17,Interfedox Pilobamol,Antiseptics,Frankfurt Plant,B1901-1190,2019-09-22,controlled substance,Germany,3346,117,FALSE
INV002693,2020-03-03,Alimmethate Insudase,Analgesics,krakow facility,B2003-7600,2020-07-13, Frozen  ,Poland,3733,259,No
INV002694,2017-12-08, Choriotrisin  ,Antibiotics,warsaw plant,B1712-7963,2019-04-27,Refrigerated,Poland,670,311,FALSE
INV002695,2017-05-17, Exexone  ,Mood Stabilizers, Munich Plant  ,B1705-5468,2019-08-23,room temperature,Germany,2439,249,Yes
INV002696,2018-02-04,Clinolan Pitoletra,Mood Stabilizers, Munich Plant  ,B1802-5043,2019-01-04,Frozen,Germany,4731,134,No
INV002697,2020-11-12,Pulmodiol Adalaxime,Analgesics,munich plant,B2011-9687,2022-03-06,controlled substance,Germany,6613,152,No
INV002698,2019-02-13,Travosoline Capolac,Antipiretics,Poznan Site,B1902-9255,2021-04-13,controlled substance,Poland,9433,178,0
INV002699,2019-04-20,Syntheruvax Proracin,Antimalarial,Warsaw Plant,B1904-3991,2022-01-03,frozen,Poland,1724,349,No
INV002700,2020-01-09,Pentastrin,Antibiotics,Frankfurt Plant,B2001-3851,2020-06-29,Refrigerated,Germany,N/A,251,No
INV002701,2018-01-31,Kiovax Tercorolac,Analgesics, munich plant  ,B1801-0310,2020-08-18,controlled substance,Germany,5034,245,FALSE
INV002702,2017-04-05, Biotasol Siloderm  ,Antiseptics,FRANKFURT PLANT,B1704-4127,2017-12-27,controlled substance,Germany,9067,144,No
INV002703,2020-12-02, Rositroban  ,Mood Stabilizers, KRAKOW FACILITY  ,B2012-3302,2023-05-23,Refrigerated,Poland,3641,301,No
INV002704,2017-01-25,Alpharolac,Antipiretics,frankfurt plant,B1701-2414,2019-07-05,ROOM TEMPERATURE,Germany,5365,175,No
INV002705,2018-12-28,Trazozaprine,Mood Stabilizers,frankfurt plant,B1812-9165,2020-01-20,controlled substance,Germany,6542,72,0
INV002706,2020-01-01, Acycpex  ,Mood Stabilizers,Warsaw Plant,B2001-2618,2022-04-14,ROOM TEMPERATURE,Poland,6783,343,FALSE
INV002707,2018-09-12,Adriafinil Ehtymara,Antiseptics, frankfurt plant  ,B1809-5215,2020-12-30,controlled substance,Germany,8494,294,No
INV002708,2018-08-15, Insozyme  ,Antiseptics,Poznan Site,B1808-9190,2020-02-23,FROZEN,Poland,3789,87,No
INV002709,2018-04-12,Cortirodine Alimcline,Antipiretics,Poznan Site,B1804-7776,2018-10-13,Refrigerated,Poland,3458,181,FALSE
INV002710,2019-06-26,Aldevac,Analgesics, WARSAW PLANT  ,B1906-6969,2021-09-15,FROZEN,Poland,6690,319,FALSE
INV002711,2019-05-27,Adriafinil Ehtymara,Antiseptics, Frankfurt Plant  ,B1905-9816,2021-10-22,controlled substance,Germany,4341,121,No
INV002712,2018-09-18,Alimmethate Insudase,Analgesics, Krakow Facility  ,B1809-5764,2019-11-25,room temperature,Poland,1206,118,FALSE
INV002713,2017-11-02,Kinovatol,Analgesics,MUNICH PLANT,B1711-8736,2019-04-14,ROOM TEMPERATURE,Germany,1334,170,No
INV002714,2019-12-23, Cyclovital  ,Antimalarial,Munich Plant,B1912-9688,2021-07-27,CONTROLLED SUBSTANCE,Germany,3148,105,FALSE
INV002715,2017-12-27, Lacoplex Hyaluvance  ,Mood Stabilizers,MUNICH PLANT,B1712-0923,2020-11-14,frozen,Germany,5681,226,No
INV002716,2018-11-02,Spiroderall,Mood Stabilizers, MUNICH PLANT  ,B1811-2699,2021-11-04,frozen,Germany,3502,346,FALSE
INV002717,2020-09-21, Claricriptine Adaferol  ,Antibiotics, Frankfurt Plant  ,B2009-5899,2021-04-02,CONTROLLED SUBSTANCE,Germany,4921,312,No
INV002718,2017-12-29,Dexmeprazole Transnuvia,Mood Stabilizers,Frankfurt Plant,B1712-1409,2020-04-30, room temperature  ,Germany,5752,318,FALSE
INV002719,2017-10-30,Dantocept Ferurenone,Antiseptics, Warsaw Plant  ,B1710-6074,2020-06-06, FROZEN  ,Poland,3864,380,FALSE
INV002720,2020-03-19,Brimorix Amonine,Antibiotics,MUNICH PLANT,B2003-0447,2021-06-11,room temperature,Germany,3951,283,No
INV002721,2019-09-30,Cephovelam,Mood Stabilizers,munich plant,B1909-6074,2022-01-22,frozen,Germany,1687,360,No
INV002722,2017-10-20, Thalilamide  ,Antibiotics,Warsaw Plant,B1710-4758,2020-09-11, REFRIGERATED  ,Poland,5035,122,FALSE
INV002723,2019-11-09, Ranediol  ,Antibiotics,Warsaw Plant,B1911-6520,2021-04-11,controlled substance,Poland,5282,79,No
INV002724,2020-12-15, Angioparin Brimosumab  ,Mood Stabilizers,Munich Plant,B2012-6630,2021-03-18,FROZEN,Germany,6137,334,FALSE
INV002725,2017-09-25, Ionclotide  ,Analgesics,Krakow Facility,B1709-9554,2020-07-28,room temperature,Poland,9891,88,FALSE
INV002726,2019-10-02,Aggretisol,Antimalarial,KRAKOW FACILITY,B1910-2020,2021-03-26,room temperature,Poland,8467,311,0
INV002727,2018-11-14,Fentatrol Rapatelase,Antibiotics,Frankfurt Plant,B1811-8954,2021-07-25, ROOM TEMPERATURE  ,Germany,1042,321,No
INV002728,2017-09-13,Metapatch,Antipiretics,Krakow Facility,B1709-5772,2019-07-17,Refrigerated,Poland,2345,249,No
INV002729,2017-07-26,Interzide,Antimalarial,munich plant,B1707-8117,2018-07-24,room temperature,Germany,1373,171,FALSE
INV002730,2017-05-29,Megenorphine,Antimalarial,Frankfurt Plant,B1705-0331,2018-11-16, room temperature  ,Germany,1849,274,No
INV002731,2019-06-04,Victomine,Antimalarial, KRAKOW FACILITY  ,B1906-2752,2021-12-20,CONTROLLED SUBSTANCE,Poland,6125,,0
INV002732,2019-09-18, Aggretisol  ,Antimalarial,Krakow Facility,B1909-7563,2020-07-06,room temperature,Poland,714,68,FALSE
INV002733,2018-03-27,Lovepion,Antiseptics,Krakow Facility,B1803-1836,2018-09-04,REFRIGERATED,Poland,2503,346,No
INV002734,2019-03-29, Xenaderal  ,Mood Stabilizers, Munich Plant  ,B1903-6835,2021-12-11,refrigerated,Germany,3092,331,No
INV002735,2020-11-10,Ergomethate,Mood Stabilizers,Munich Plant,B2011-4086,2021-11-29,REFRIGERATED,Germany,2431,263,Yes
INV002736,2017-11-13,Hepavice,Mood Stabilizers, warsaw plant  ,B1711-0946,2018-03-31, room temperature  ,Poland,6795,123,No
INV002737,2018-01-08,Abranatal Lysoprosate,Antiseptics,munich plant,B1801-2719,2020-01-28,Refrigerated,Germany,8708,300,No
INV002738,2020-10-29,Aspinavir Silovance,Antibiotics,POZNAN SITE,B2010-9082,2021-01-04,controlled substance,Poland,738,278,FALSE
INV002739,2018-10-27,Adriafinil Ehtymara,Antiseptics,Frankfurt Plant,B1810-2689,2020-01-22,ROOM TEMPERATURE,Germany,1745,370,No
INV002740,2017-02-05,Diprolimus,Antiseptics,Poznan Site,B1702-0794,2018-05-10,REFRIGERATED,Poland,9885,66,No
INV002741,2019-11-07,Trazozaprine,Mood Stabilizers,Frankfurt Plant,B1911-6961,2021-01-05,CONTROLLED SUBSTANCE,Germany,2908,74,No
INV002742,2020-04-05,Zyvance,Analgesics,FRANKFURT PLANT,B2004-5433,2022-06-26, room temperature  ,Germany,3095,370,0
INV002743,2017-02-28,Aclonuma,Antimalarial,warsaw plant,B1702-7398,2017-10-29,ROOM TEMPERATURE,Poland,1035,341,No
INV002744,2020-02-01, Afinitasol  ,Antipiretics,MUNICH PLANT,B2002-3009,2022-10-20, frozen  ,Germany,5096,104,0
INV002745,2020-12-12,Ampysin,Analgesics,krakow facility,B2012-3202,2023-06-21,ROOM TEMPERATURE,Poland,7207,120,No
INV002746,2020-11-27,Adtiza Gammaluble,Antibiotics,warsaw plant,B2011-2129,2022-02-04,refrigerated,Poland,5226,63,No
INV002747,2017-03-30,Xenaminphen,Antimalarial,WARSAW PLANT,B1703-5478,2019-02-16,controlled substance,Poland,1905,243,FALSE
INV002748,2017-05-01, Acycnafine Microvate  ,Mood Stabilizers, Frankfurt Plant  ,B1705-6089,2017-11-15,room temperature,Germany,9433,79,No
INV002749,2018-06-11,Stelazolid,Antimalarial,poznan site,B1806-2361,2020-11-08,CONTROLLED SUBSTANCE,Poland,2726,,FALSE
INV002750,2020-08-12,Argalazine Abostryl,Antipiretics,Poznan Site,B2008-1554,2022-09-13,ROOM TEMPERATURE,Poland,1491,308,FALSE
INV002751,2017-11-10,Magnemunex,Antiseptics,MUNICH PLANT,B1711-7848,2018-07-09,room temperature,Germany,8244,136,No
INV002752,2018-04-18,Novakyn Tracprox,Antiseptics,Poznan Site,B1804-2222,2020-02-11,controlled substance,Poland,4709,173,No
INV002753,2017-05-10,Trazozaprine,Mood Stabilizers,Frankfurt Plant,B1705-1027,2019-05-10,refrigerated,Germany,5485,257,No
INV002754,2020-12-27, Testant  ,Mood Stabilizers,Warsaw Plant,B2012-8682,2022-12-26,REFRIGERATED,Poland,7512,354,No
INV002755,2019-02-13,Amavirase,Antipiretics, Munich Plant  ,B1902-6821,2020-02-26,CONTROLLED SUBSTANCE,Germany,7159,212,FALSE
INV002756,2019-10-08, Belavarix Benzabicin  ,Antibiotics,Frankfurt Plant,B1910-6899,2021-03-23, ROOM TEMPERATURE  ,Germany,5138,397,No
INV002757,2020-09-05,Nevanide Actozide,Antibiotics, Krakow Facility  ,B2009-0870,2023-03-05, controlled substance  ,Poland,5824,167,No
INV002758,2017-08-01,Brimorix Amonine,Antibiotics,Munich Plant,B1708-9882,2018-03-06,Refrigerated,Germany,1527,92,No
INV002759,2020-04-21,Travosoline Capolac,Antipiretics,poznan site,B2004-8766,2021-04-28,room temperature,Poland,4717,89,No
INV002760,2018-10-03,Diprolimus,Antiseptics, Poznan Site  ,B1810-9097,2020-08-09, Refrigerated  ,Poland,860,199,No
INV002761,2020-01-31, Ionclotide  ,Analgesics,Krakow Facility,B2001-5854,2020-04-16,Frozen,Poland,7970,121,No
INV002762,2017-12-19,Symbitrim,Analgesics,Munich Plant,B1712-2173,2020-12-04, FROZEN  ,Germany,1811,85,FALSE
INV002763,2018-07-22,Adideine,Mood Stabilizers,krakow facility,B1807-3768,2021-07-15,room temperature,Poland,4416,80,No
INV002764,2017-11-19,Stelazolid,Antimalarial, Poznan Site  ,B1711-3055,2018-08-25,room temperature,Poland,8426,149,No
INV002765,2020-04-10,Propralamide Dexlanzolam,Mood Stabilizers, krakow facility  ,B2004-8710,2022-08-23, FROZEN  ,Poland,752,95,No
INV002766,2017-08-24,Alpharolac,Antipiretics,Frankfurt Plant,B1708-7530,2018-10-16,room temperature,Germany,8079,217,No
INV002767,2019-10-09, Nisorase  ,Antibiotics,MUNICH PLANT,B1910-7154,2022-04-25,controlled substance,Germany,5615,214,FALSE
INV002768,2020-12-05,Robapril,Antipiretics,Warsaw Plant,B2012-6378,2023-11-26,REFRIGERATED,Poland,5064,365,1
INV002769,2019-11-10, Amlominphen Dexanovate  ,Analgesics, Warsaw Plant  ,B1911-8258,2021-09-13,ROOM TEMPERATURE,Poland,7532,99,FALSE
INV002770,2018-05-18,Zarostral,Antipiretics, warsaw plant  ,B1805-0533,2020-04-15, Refrigerated  ,Poland,1428,332,No
INV002771,2018-01-01, Cordamectin Actolamin  ,Antipiretics,warsaw plant,B1801-2785,2020-06-30,frozen,Poland,6477,159,FALSE
INV002772,2017-01-24,Victomine,Antimalarial, krakow facility  ,B1701-7021,2019-04-15,REFRIGERATED,Poland,2896,,No
INV002773,2019-12-09,Ampysin,Analgesics, Krakow Facility  ,B1912-0065,2022-12-08, room temperature  ,Poland,6901,,No
INV002774,2019-04-12, Albudazole Erobloc  ,Antiseptics,FRANKFURT PLANT,B1904-4359,2020-12-23,room temperature,Germany,3166,,No
INV002775,2019-08-24,Interfestar,Antibiotics,MUNICH PLANT,B1908-7714,2022-03-01,Frozen,Germany,3645,307,No
INV002776,2017-11-28,Malavirine Alimdine,Mood Stabilizers,munich plant,B1711-5981,2019-05-06, controlled substance  ,Germany,8824,61,No
INV002777,2019-02-16,Lioletine Refliruvax,Analgesics,Munich Plant,B1902-7840,2019-11-26,CONTROLLED SUBSTANCE,Germany,5891,293,FALSE
INV002778,2019-04-27,Biotasol Siloderm,Antiseptics,FRANKFURT PLANT,B1904-3408,2021-01-15,ROOM TEMPERATURE,Germany,406,378,No
INV002779,2019-12-20,Choriogestrel,Antiseptics,Frankfurt Plant,B1912-2328,2020-07-25, Refrigerated  ,Germany,9272,354,No
INV002780,2020-03-26, Pazofenac  ,Mood Stabilizers,Krakow Facility,B2003-0630,2020-12-26,Refrigerated,Poland,5770,272,FALSE
INV002781,2020-08-05, Proderal  ,Antiseptics,munich plant,B2008-5175,2022-11-04,Refrigerated,Germany,4668,263,No
INV002782,2020-11-27,Kinenadryl,Antipiretics,Poznan Site,B2011-4200,2022-03-28, room temperature  ,Poland,5848,164,FALSE
INV002783,2018-10-15,Comzyme,Antibiotics,Warsaw Plant,B1810-3676,2021-09-20,FROZEN,Poland,1008,83,No
INV002784,2018-12-14,Microroban Afatigomar,Antimalarial, MUNICH PLANT  ,B1812-7673,2021-09-13, room temperature  ,Germany,9000,,FALSE
INV002785,2018-12-23,Pulmodiol Adalaxime,Analgesics, Munich Plant  ,B1812-4876,2020-05-07, controlled substance  ,Germany,1277,355,No
INV002786,2018-01-24,Novakyn Tracprox,Antiseptics,POZNAN SITE,B1801-1771,2020-05-24,controlled substance,Poland,7256,57,No
INV002787,2017-02-28, Ampinonide  ,Antimalarial, POZNAN SITE  ,B1702-5202,2019-09-02,controlled substance,Poland,6463,266,0
INV002788,2018-01-11,Aclonuma,Antimalarial,Warsaw Plant,B1801-4841,2019-09-19, REFRIGERATED  ,Poland,4451,391,No
INV002789,2018-05-19,Travoloride,Antiseptics,munich plant,B1805-8121,2019-01-17,controlled substance,Germany,8701,348,No
INV002790,2020-04-26,Abranatal Lysoprosate,Antiseptics, MUNICH PLANT  ,B2004-4422,2022-01-25,Refrigerated,Germany,5335,102,FALSE
INV002791,2018-05-03, Lacoplex Hyaluvance  ,Mood Stabilizers,Munich Plant,B1805-2816,2018-08-08, refrigerated  ,Germany,1304,66,FALSE
INV002792,2018-02-19,Dantocept Ferurenone,Antiseptics,Warsaw Plant,B1802-0533,2018-09-19,frozen,Poland,3223,247,No
INV002793,2017-07-29,Secrelazine Insonamic,Antipiretics,munich plant,B1707-9831,2019-02-04,ROOM TEMPERATURE,Germany,9177,207,FALSE
INV002794,2019-12-06, Rebedase Aplencor  ,Mood Stabilizers, Munich Plant  ,B1912-2912,2022-11-09,Frozen,Germany,6469,235,No
INV002795,2017-08-11, Veratorol Ciclovatol  ,Mood Stabilizers,POZNAN SITE,B1708-5890,2019-07-11,refrigerated,Poland,5299,251,No
INV002796,2020-09-11,Relenvice,Antimalarial,munich plant,B2009-5915,2021-10-06,ROOM TEMPERATURE,Germany,1012,230,No
INV002797,2019-03-10,Eproline,Antibiotics,Frankfurt Plant,B1903-2142,2019-11-26,room temperature,Germany,5267,87,No
INV002798,2019-09-02,Betanem,Analgesics,Poznan Site,B1909-5234,2020-03-12, room temperature  ,Poland,964,157,No
INV002799,2017-07-26,Interzide,Antimalarial,MUNICH PLANT,B1707-7058,2017-09-26,Refrigerated,Germany,9128,166,FALSE
INV002800,2020-12-24,Argalazine Abostryl,Antipiretics,poznan site,B2012-2041,2022-02-12, room temperature  ,Poland,8090,119,No
INV002801,2017-10-04,Tiaracil,Antipiretics,Warsaw Plant,B1710-7747,2019-10-13,controlled substance,Poland,831,180,No
INV002802,2018-08-11,Cyclovital,Antimalarial,Munich Plant,B1808-7501,2020-05-17,frozen,Germany,1124,369,FALSE
INV002803,2019-04-15,Flutacerol,Analgesics, Frankfurt Plant  ,B1904-8232,2022-01-13,REFRIGERATED,Germany,9690,306,FALSE
INV002804,2020-01-31,Adriacaine,Mood Stabilizers, Munich Plant  ,B2001-8748,2020-07-29,Refrigerated,Germany,1443,,No
INV002805,2019-01-28,Clindaracil,Analgesics, Poznan Site  ,B1901-2968,2020-09-21,CONTROLLED SUBSTANCE,Poland,366,299,No
INV002806,2019-11-09,Aquamycin Lacoran,Analgesics,WARSAW PLANT,B1911-9332,2021-04-16,FROZEN,Poland,9928,365,No
INV002807,2019-05-18,Antaparin Varizyme,Mood Stabilizers,Munich Plant,B1905-5827,2020-10-01, room temperature  ,Germany,8270,165,FALSE
INV002808,2019-04-02, Symdocet  ,Antipiretics,POZNAN SITE,B1904-1579,2021-01-07,ROOM TEMPERATURE,Poland,N/A,100,No
INV002809,2019-06-06,Argalazine Abostryl,Antipiretics,POZNAN SITE,B1906-5648,2021-08-31, CONTROLLED SUBSTANCE  ,Poland,6916,381,No
INV002810,2020-09-14,Quiniprosyn,Antiseptics, MUNICH PLANT  ,B2009-8047,2023-04-10,controlled substance,Germany,5010,82,No
INV002811,2020-03-31, Alpradipine  ,Analgesics,munich plant,B2003-2208,2022-02-17, Refrigerated  ,Germany,545,203,No
INV002812,2020-02-15,Ceretosine,Antiseptics,poznan site,B2002-7670,2021-05-06,Refrigerated,Poland,3658,370,FALSE
INV002813,2020-01-14,Alisteride Pemidizem,Antiseptics,Poznan Site,B2001-1521,2020-10-31,Refrigerated,Poland,5662,310,0
INV002814,2020-02-28,Lansostral Acgestin,Antiseptics,Munich Plant,B2002-8734,2022-02-25,controlled substance,Germany,8923,69,FALSE
INV002815,2017-08-26, Raparidol  ,Mood Stabilizers,Krakow Facility,B1708-2627,2018-08-14,refrigerated,Poland,9467,321,No
INV002816,2017-09-28,Albudazole Erobloc,Antiseptics,Frankfurt Plant,B1709-7573,2019-11-11,CONTROLLED SUBSTANCE,Germany,5880,167,FALSE
INV002817,2020-01-02,Adtiza Gammaluble,Antibiotics,Warsaw Plant,B2001-3574,2021-07-26,CONTROLLED SUBSTANCE,Poland,3285,181,FALSE
INV002818,2018-09-07,Dorzovorin Pentadarone,Antimalarial, poznan site  ,B1809-3832,2020-06-02,refrigerated,Poland,3988,200,FALSE
INV002819,2020-06-21,Apromin,Antiseptics,Poznan Site,B2006-7612,2022-01-31, refrigerated  ,Poland,6579,278,FALSE
INV002820,2018-05-14,Solasteride,Mood Stabilizers,poznan site,B1805-2494,2019-01-19,Frozen,Poland,752,331,FALSE
INV002821,2017-09-15,Dantocept Ferurenone,Antiseptics,WARSAW PLANT,B1709-8508,2019-03-21, FROZEN  ,Poland,7207,125,FALSE
INV002822,2017-05-03,Pulmogen Alitora,Antiseptics,frankfurt plant,B1705-0637,2017-09-04, controlled substance  ,Germany,5019,251,No
INV002823,2018-05-06,Duraprazole Agalsixolol,Antiseptics, Frankfurt Plant  ,B1805-1271,2019-06-16, controlled substance  ,Germany,8823,118,No
INV002824,2017-09-07,Amcibax Amcikeran,Analgesics, Frankfurt Plant  ,B1709-5323,2019-08-02,refrigerated,Germany,9471,132,No
INV002825,2017-12-11,Trazobalamin,Mood Stabilizers,POZNAN SITE,B1712-6551,2018-05-24,refrigerated,Poland,8666,305,FALSE
INV002826,2018-10-03,Novakyn Tracprox,Antiseptics,Poznan Site,B1810-4521,2020-07-09,Frozen,Poland,5995,199,No
INV002827,2019-08-26,Clinicilin Pentozone,Antimalarial,munich plant,B1908-9723,2021-05-17,FROZEN,Germany,2877,215,No
INV002828,2018-12-28,Lioletine Refliruvax,Analgesics,munich plant,B1812-2988,2021-11-14,ROOM TEMPERATURE,Germany,3636,77,FALSE
INV002829,2017-06-10,Kiovax Tercorolac,Analgesics,Munich Plant,B1706-4377,2018-01-12,frozen,Germany,4211,308,FALSE
INV002830,2018-02-28,Imiderm Vibranovate,Antipiretics,Frankfurt Plant,B1802-2720,2019-01-28,Frozen,Germany,5861,189,No
INV002831,2020-10-27,Pazofenac,Mood Stabilizers, krakow facility  ,B2010-0008,2022-11-08,refrigerated,Poland,892,104,No
INV002832,2017-12-13,Zonixamine Immulinum,Analgesics, munich plant  ,B1712-9777,2020-03-16, refrigerated  ,Germany,3196,383,FALSE
INV002833,2017-04-03,Pazofenac,Mood Stabilizers,KRAKOW FACILITY,B1704-0682,2019-08-07, Frozen  ,Poland,7096,300,No
INV002834,2018-11-21, Factolamide  ,Antiseptics,warsaw plant,B1811-1539,2021-05-15, REFRIGERATED  ,Poland,729,348,No
INV002835,2020-12-25,Darlofen,Antipiretics, Poznan Site  ,B2012-1404,2021-03-31,room temperature,Poland,1308,,No
INV002836,2020-11-06,Morphizolid Tianalin,Mood Stabilizers,krakow facility,B2011-0759,2023-07-20,refrigerated,Poland,5113,341,No
INV002837,2017-02-07,Hydroxyprosyn,Antibiotics, Poznan Site  ,B1702-5993,2019-01-19,FROZEN,Poland,2225,175,No
INV002838,2018-02-25,Darlofen,Antipiretics,Poznan Site,B1802-3659,2020-03-31, Refrigerated  ,Poland,810,382,No
INV002839,2019-01-29,Atrabicin Alkerotec,Antiseptics,Krakow Facility,B1901-8872,2019-09-27,Frozen,Poland,4340,105,FALSE
INV002840,2018-12-06,Ceftatana Serolamide,Antipiretics,Munich Plant,B1812-7069,2019-12-14, Refrigerated  ,Germany,2402,295,0
INV002841,2017-11-26,Claricriptine Adaferol,Antibiotics,Frankfurt Plant,B1711-0006,2019-11-06,controlled substance,Germany,2990,185,0
INV002842,2019-11-07,Comzyme,Antibiotics, WARSAW PLANT  ,B1911-8937,2022-04-22,REFRIGERATED,Poland,7043,215,No
INV002843,2018-11-29,Fentalac,Antipiretics,warsaw plant,B1811-3118,2020-11-21,room temperature,Poland,5099,273,No
INV002844,2017-09-22, Tacrodomide  ,Antipiretics,Krakow Facility,B1709-6076,2019-11-29, FROZEN  ,Poland,6705,255,0
INV002845,2020-02-25,Abtasol,Antiseptics, Munich Plant  ,B2002-1008,2020-08-12,room temperature,Germany,1348,186,No
INV002846,2019-04-17,Tetalamide,Antibiotics,Frankfurt Plant,B1904-8796,2019-09-08,refrigerated,Germany,9161,341,FALSE
INV002847,2019-02-07,Zonixamine Immulinum,Analgesics,Munich Plant,B1902-4503,2020-12-19,room temperature,Germany,8425,203,FALSE
INV002848,2018-08-27, Penitrana  ,Analgesics,Frankfurt Plant,B1808-5123,2019-08-19,Frozen,Germany,6106,392,FALSE
INV002849,2018-03-18,Stelazolid,Antimalarial,poznan site,B1803-0100,2018-06-24, CONTROLLED SUBSTANCE  ,Poland,3945,181,FALSE
INV002850,2020-03-15, Adrecetam Barazoxane  ,Antimalarial,Poznan Site,B2003-9794,2021-01-17,Frozen,Poland,2105,291,No
INV002851,2020-01-04,Algluconium Dorzofoxin,Antibiotics, Munich Plant  ,B2001-6853,2022-04-19,controlled substance,Germany,9246,282,FALSE
INV002852,2019-03-17,Nisorase,Antibiotics,munich plant,B1903-5205,2021-10-20,refrigerated,Germany,4851,65,FALSE
INV002853,2018-02-18,Araxetine,Antibiotics,FRANKFURT PLANT,B1802-9059,2021-01-04,room temperature,Germany,6807,92,No
INV002854,2019-08-04, Interzide  ,Antimalarial,MUNICH PLANT,B1908-6406,2021-06-05, controlled substance  ,Germany,1528,132,FALSE
INV002855,2020-02-13,Enzastryl,Antiseptics,KRAKOW FACILITY,B2002-6408,2021-02-01, CONTROLLED SUBSTANCE  ,Poland,2572,273,No
INV002856,2017-11-02,Ampysin,Analgesics, Krakow Facility  ,B1711-1430,2018-12-04,Frozen,Poland,4265,353,No
INV002857,2017-10-19,Alarudin Azarolac,Mood Stabilizers,Warsaw Plant,B1710-6987,2020-09-10, refrigerated  ,Poland,3644,377,No
INV002858,2020-05-10,Fentalac,Antipiretics, warsaw plant  ,B2005-8669,2021-12-20, room temperature  ,Poland,6218,229,0
INV002859,2018-08-29, Decidenu Galantrigine  ,Antipiretics, Munich Plant  ,B1808-1170,2019-10-19,controlled substance,Germany,8590,131,No
INV002860,2017-05-01,Malavirine Alimdine,Mood Stabilizers,Munich Plant,B1705-2872,2018-10-09,controlled substance,Germany,279,162,No
INV002861,2018-01-13, Lioletine Refliruvax  ,Analgesics,munich plant,B1801-3452,2020-10-29, room temperature  ,Germany,564,180,Yes
INV002862,2017-01-13,Allomenda,Antipiretics,Poznan Site,B1701-7250,2019-11-30, Frozen  ,Poland,2629,163,FALSE
INV002863,2018-08-18,Thalilamide,Antibiotics, Warsaw Plant  ,B1808-4514,2019-10-28,refrigerated,Poland,6926,144,No
INV002864,2019-08-26,Dorzovorin Pentadarone,Antimalarial,Poznan Site,B1908-5014,2020-03-01, Refrigerated  ,Poland,7388,138,No
INV002865,2017-07-01,Tiaracil,Antipiretics, WARSAW PLANT  ,B1707-4200,2020-06-02,Frozen,Poland,1731,189,0
INV002866,2019-10-04,Primatate Univatol,Mood Stabilizers,FRANKFURT PLANT,B1910-5967,2020-04-10,REFRIGERATED,Germany,N/A,258,No
INV002867,2018-01-21,Interfedox Pilobamol,Antiseptics, Frankfurt Plant  ,B1801-2634,2019-09-17,frozen,Germany,5586,202,No
INV002868,2018-04-02,Nevanide Actozide,Antibiotics,krakow facility,B1804-5327,2019-04-04,room temperature,Poland,3226,190,No
INV002869,2017-06-09,Alisteride Pemidizem,Antiseptics,poznan site,B1706-7858,2017-12-30,room temperature,Poland,2003,312,No
INV002870,2020-08-31,Sanctumine,Antimalarial,WARSAW PLANT,B2008-0713,2022-03-20, Refrigerated  ,Poland,9642,225,FALSE
INV002871,2018-01-04,Palodizem,Mood Stabilizers, Krakow Facility  ,B1801-0250,2019-02-19, room temperature  ,Poland,1649,259,Yes
INV002872,2018-11-08,Pitodomide,Antimalarial, munich plant  ,B1811-2952,2020-05-19,CONTROLLED SUBSTANCE,Germany,5953,288,No
INV002873,2017-03-05,Tetratanyl,Antimalarial,POZNAN SITE,B1703-8399,2019-08-13, CONTROLLED SUBSTANCE  ,Poland,3866,399,No
INV002874,2018-11-26,Raparidol,Mood Stabilizers,Krakow Facility,B1811-8840,2019-10-15,controlled substance,Poland,293,128,No
INV002875,2017-03-15,Cyclovital,Antimalarial, Munich Plant  ,B1703-2271,2018-05-25, room temperature  ,Germany,7326,87,No
INV002876,2018-05-30,Halciramine,Antimalarial,FRANKFURT PLANT,B1805-9876,2021-01-09, Refrigerated  ,Germany,7635,336,FALSE
INV002877,2020-02-03,Invisteride Diclomycin,Mood Stabilizers,Frankfurt Plant,B2002-8631,2020-07-04,FROZEN,Germany,1177,233,No
INV002878,2019-06-09,Flutacerol,Analgesics,Frankfurt Plant,B1906-3083,2021-05-10,CONTROLLED SUBSTANCE,Germany,6533,227,FALSE
INV002879,2020-10-05,Pentastrin,Antibiotics,Frankfurt Plant,B2010-4847,2021-01-21,controlled substance,Germany,666,127,No
INV002880,2020-12-26,Exexone,Mood Stabilizers,munich plant,B2012-1383,2022-06-12,Frozen,Germany,4648,208,No
INV002881,2020-09-30,Requimadin,Antimalarial, Krakow Facility  ,B2009-7369,2023-05-10,Frozen,Poland,2832,359,FALSE
INV002882,2018-12-24,Acelimus,Analgesics,warsaw plant,B1812-7150,2021-01-06, room temperature  ,Poland,9575,248,No
INV002883,2019-12-31,Penitrana,Analgesics,frankfurt plant,B1912-4980,2021-02-26,FROZEN,Germany,2510,227,No
INV002884,2018-01-31, Algluconium Dorzofoxin  ,Antibiotics,Munich Plant,B1801-3134,2020-12-14,Refrigerated,Germany,3024,315,No
INV002885,2020-01-01,Epzipitant,Analgesics, poznan site  ,B2001-3387,2020-03-06,room temperature,Poland,6592,384,0
INV002886,2020-01-21,Thionide,Analgesics,Munich Plant,B2001-7199,2021-05-15,refrigerated,Germany,8447,146,FALSE
INV002887,2020-12-31,Sucprine Specbalamin,Antiseptics,MUNICH PLANT,B2012-6172,2023-08-02,Frozen,Germany,9164,117,FALSE
INV002888,2019-10-27,Victomax,Analgesics, Frankfurt Plant  ,B1910-0272,2021-01-22,room temperature,Germany,4379,171,FALSE
INV002889,2017-02-14,Aldevac,Analgesics, warsaw plant  ,B1702-8856,2019-10-08,refrigerated,Poland,6753,334,No
INV002890,2019-03-02,Atomorelin,Analgesics, WARSAW PLANT  ,B1903-5923,2020-07-12,REFRIGERATED,Poland,7999,314,No
INV002891,2018-08-11,Cephovelam,Mood Stabilizers,Munich Plant,B1808-5844,2019-02-25, room temperature  ,Germany,2303,142,No
INV002892,2017-06-22,Aspinavir Silovance,Antibiotics,poznan site,B1706-4756,2017-09-03, CONTROLLED SUBSTANCE  ,Poland,5066,110,Yes
INV002893,2017-06-06, Sevoderm  ,Antipiretics,Munich Plant,B1706-1417,2018-05-25,controlled substance,Germany,N/A,244,No
INV002894,2018-10-30,Exotropin Empizine,Mood Stabilizers,POZNAN SITE,B1810-6185,2019-10-29,room temperature,Poland,3544,157,No
INV002895,2017-01-27,Solasteride,Mood Stabilizers,POZNAN SITE,B1701-6990,2018-08-24,CONTROLLED SUBSTANCE,Poland,3793,153,No
INV002896,2020-10-15, Sevotrana Tiafoxin  ,Analgesics,Krakow Facility,B2010-1510,2022-11-08,room temperature,Poland,4398,139,FALSE
INV002897,2019-01-06,Pulmogen Alitora,Antiseptics,FRANKFURT PLANT,B1901-8018,2021-08-15,controlled substance,Germany,954,146,0
INV002898,2018-05-21,Finanel,Antimalarial, KRAKOW FACILITY  ,B1805-1397,2018-11-26,ROOM TEMPERATURE,Poland,1814,362,No
INV002899,2020-02-03,Amlominphen Dexanovate,Analgesics,Warsaw Plant,B2002-8642,2022-12-06,Frozen,Poland,9673,180,FALSE
INV002900,2018-03-02,Zyvance,Analgesics,Frankfurt Plant,B1803-1264,2019-05-01,Frozen,Germany,9003,93,No
INV002901,2019-05-10,Afretosine,Mood Stabilizers,munich plant,B1905-4391,2019-07-24, room temperature  ,Germany,7645,204,FALSE
INV002902,2017-01-13,Alpradipine,Analgesics,Munich Plant,B1701-3547,2018-04-15,FROZEN,Germany,9656,246,FALSE
INV002903,2018-02-04, Presetron  ,Mood Stabilizers, FRANKFURT PLANT  ,B1802-2912,2019-06-17,Frozen,Germany,3523,191,FALSE
INV002904,2017-03-23,Metapatch,Antipiretics,krakow facility,B1703-4766,2017-08-25,CONTROLLED SUBSTANCE,Poland,9147,317,No
INV002905,2020-06-23, Cortirodine Alimcline  ,Antipiretics, POZNAN SITE  ,B2006-2750,2021-08-17,room temperature,Poland,N/A,278,FALSE
INV002906,2018-08-09,Sanctumine,Antimalarial, Warsaw Plant  ,B1808-5716,2020-04-12,CONTROLLED SUBSTANCE,Poland,3358,333,No
INV002907,2017-05-13,Ibrulinum,Antipiretics,POZNAN SITE,B1705-3042,2020-01-06, Refrigerated  ,Poland,N/A,151,No
INV002908,2018-06-26,Zithrotrol,Antiseptics,Krakow Facility,B1806-4924,2020-04-08, REFRIGERATED  ,Poland,4488,68,No
INV002909,2018-02-12,Factofribrate,Mood Stabilizers,Frankfurt Plant,B1802-2335,2019-06-09, CONTROLLED SUBSTANCE  ,Germany,5356,312,FALSE
INV002910,2017-04-21,Sucprine Specbalamin,Antiseptics,Munich Plant,B1704-3907,2018-03-29,Frozen,Germany,6109,65,FALSE
INV002911,2019-12-24,Travosoline Capolac,Antipiretics,POZNAN SITE,B1912-8579,2022-01-25, FROZEN  ,Poland,6394,387,0
INV002912,2018-08-21, Robapril  ,Antipiretics,warsaw plant,B1808-6946,2019-11-13,Refrigerated,Poland,5907,294,No
INV002913,2017-12-13,Lovephilus,Analgesics,POZNAN SITE,B1712-1850,2020-12-14, room temperature  ,Poland,5933,350,FALSE
INV002914,2019-07-15,Stelazolid,Antimalarial,poznan site,B1907-4783,2021-05-08,FROZEN,Poland,9330,345,No
INV002915,2019-02-12,Primatate Univatol,Mood Stabilizers,frankfurt plant,B1902-7283,2019-08-22, ROOM TEMPERATURE  ,Germany,3933,240,No
INV002916,2017-11-03,Allomenda,Antipiretics, Poznan Site  ,B1711-1642,2019-11-03,room temperature,Poland,735,374,No
INV002917,2017-10-20,Agalsiline,Mood Stabilizers,WARSAW PLANT,B1710-8293,2018-06-16,controlled substance,Poland,3267,370,No
INV002918,2019-08-22, Stelazolid  ,Antimalarial,poznan site,B1908-7579,2019-12-04,frozen,Poland,461,281,No
INV002919,2019-11-11,Tetalamide,Antibiotics,Frankfurt Plant,B1911-8165,2020-02-13, Refrigerated  ,Germany,5994,199,No
INV002920,2019-07-18,Pulmogen Alitora,Antiseptics,FRANKFURT PLANT,B1907-1926,2019-10-19,controlled substance,Germany,6121,281,No
INV002921,2020-08-05, Feruprazole  ,Mood Stabilizers,Poznan Site,B2008-1622,2021-09-30,FROZEN,Poland,7356,210,No
INV002922,2019-03-23, Palodizem  ,Mood Stabilizers,krakow facility,B1903-3381,2019-06-17, Refrigerated  ,Poland,7248,310,0
INV002923,2020-05-19,Malaxolol Aeroprosyn,Antiseptics,Frankfurt Plant,B2005-7611,2021-10-11,Refrigerated,Germany,5942,337,1
INV002924,2017-05-13,Sodinel Olofribrate,Antimalarial,WARSAW PLANT,B1705-3887,2018-05-11,ROOM TEMPERATURE,Poland,4498,249,FALSE
INV002925,2019-10-28,Malavirine Alimdine,Mood Stabilizers, munich plant  ,B1910-3571,2020-10-16,refrigerated,Germany,828,123,No
INV002926,2019-02-10,Acubulin,Antipiretics,POZNAN SITE,B1902-2849,2020-11-22,frozen,Poland,2729,350,No
INV002927,2019-09-09,Hydroxyprosyn,Antibiotics,Poznan Site,B1909-6628,2020-11-06,REFRIGERATED,Poland,1951,267,FALSE
INV002928,2017-01-15, Theopril  ,Antipiretics,KRAKOW FACILITY,B1701-2183,2018-07-14,Frozen,Poland,6316,145,FALSE
INV002929,2019-06-21,Malaxolol Aeroprosyn,Antiseptics,Frankfurt Plant,B1906-1438,2022-04-04, controlled substance  ,Germany,8508,387,FALSE
INV002930,2019-11-01,Amamadin,Antimalarial,munich plant,B1911-5420,2020-04-02, frozen  ,Germany,529,143,No
INV002931,2018-10-20, Kinerinex  ,Antiseptics,poznan site,B1810-9646,2020-02-25, REFRIGERATED  ,Poland,4464,155,No
INV002932,2018-10-23,Sevotrana Tiafoxin,Analgesics,Krakow Facility,B1810-7847,2019-05-26, room temperature  ,Poland,7093,306,No
INV002933,2018-04-17,Pulmodiol Adalaxime,Analgesics,Munich Plant,B1804-0534,2019-05-15,Refrigerated,Germany,8687,360,FALSE
INV002934,2019-03-22, Asparathasone Unipan  ,Antibiotics,POZNAN SITE,B1903-6405,2019-11-18,room temperature,Poland,4352,,FALSE
INV002935,2019-02-01,Neuropogen Empibax,Analgesics,FRANKFURT PLANT,B1902-1745,2019-10-03,room temperature,Germany,6906,121,No
INV002936,2020-02-13,Alemtuvatol Megalinum,Analgesics,krakow facility,B2002-7385,2022-08-03,Frozen,Poland,9433,179,FALSE
INV002937,2018-10-29,Acubulin,Antipiretics,POZNAN SITE,B1810-2833,2021-07-12, controlled substance  ,Poland,662,307,No
INV002938,2017-07-08,Primapion,Antibiotics, poznan site  ,B1707-6229,2019-05-05, frozen  ,Poland,2064,242,FALSE
INV002939,2020-10-24, Ceftatana Serolamide  ,Antipiretics, MUNICH PLANT  ,B2010-0517,2021-09-16,frozen,Germany,5582,135,FALSE
INV002940,2017-03-30,Kiovax Tercorolac,Analgesics,MUNICH PLANT,B1703-6024,2019-04-16,refrigerated,Germany,4154,279,No
INV002941,2019-12-15, Proprabax  ,Analgesics,WARSAW PLANT,B1912-0160,2021-08-21,Refrigerated,Poland,5631,327,No
INV002942,2020-01-14,Afluferon Entrarenone,Antimalarial, poznan site  ,B2001-2491,2021-03-17,Refrigerated,Poland,1230,78,No
INV002943,2018-03-13,Angioparin Brimosumab,Mood Stabilizers,Munich Plant,B1803-4189,2018-05-24,Refrigerated,Germany,4156,279,No
INV002944,2018-04-20,Atrabicin Alkerotec,Antiseptics,Krakow Facility,B1804-9252,2020-03-11,Frozen,Poland,5783,374,FALSE
INV002945,2018-12-03, Ketamara Evogel  ,Antipiretics,poznan site,B1812-1138,2019-12-11,room temperature,Poland,9262,339,FALSE
INV002946,2019-04-25,Abranatal Lysoprosate,Antiseptics,Munich Plant,B1904-7624,2019-10-13, Refrigerated  ,Germany,3960,298,No
INV002947,2018-03-15,Tracdomide,Antipiretics, Krakow Facility  ,B1803-4608,2019-08-31,controlled substance,Poland,395,342,No
INV002948,2019-05-01,Interzide,Antimalarial,Munich Plant,B1905-2820,2021-08-05,Frozen,Germany,6871,179,FALSE
INV002949,2018-10-11,Finanel,Antimalarial, Krakow Facility  ,B1810-0311,2020-04-11,room temperature,Poland,2994,376,No
INV002950,2017-09-04, Penitrana  ,Analgesics, Frankfurt Plant  ,B1709-4674,2019-09-14, refrigerated  ,Germany,7581,59,FALSE
INV002951,2018-03-02,Pulmogen Alitora,Antiseptics,Frankfurt Plant,B1803-8234,2019-02-24,controlled substance,Germany,3570,208,No
INV002952,2017-01-12,Morphizolid Tianalin,Mood Stabilizers,krakow facility,B1701-6436,2019-08-18,frozen,Poland,3949,143,No
INV002953,2018-01-08,Formolovir Amanferon,Analgesics,Munich Plant,B1801-2538,2019-06-18,Frozen,Germany,6398,128,FALSE
INV002954,2020-08-17,Duraprazole Agalsixolol,Antiseptics,Frankfurt Plant,B2008-8465,2022-12-27,ROOM TEMPERATURE,Germany,6358,261,No
INV002955,2019-11-27,Aquamycin Lacoran,Analgesics,Warsaw Plant,B1911-0405,2022-07-13,Frozen,Poland,376,154,FALSE
INV002956,2018-09-13,Primatate Univatol,Mood Stabilizers,Frankfurt Plant,B1809-2376,2019-06-24,ROOM TEMPERATURE,Germany,2946,51,FALSE
INV002957,2018-03-16, Abranatal Lysoprosate  ,Antiseptics, MUNICH PLANT  ,B1803-2131,2020-09-14,FROZEN,Germany,7093,133,No
INV002958,2017-01-21, Lioletine Refliruvax  ,Analgesics,Munich Plant,B1701-1331,2018-02-28,Refrigerated,Germany,8635,203,FALSE
INV002959,2019-11-07,Cephovelam,Mood Stabilizers,Munich Plant,B1911-2413,2021-04-12,FROZEN,Germany,3718,233,No
INV002960,2018-11-26, Exexone  ,Mood Stabilizers,Munich Plant,B1811-4296,2021-05-19,Frozen,Germany,7561,65,No
INV002961,2017-06-08,Alimmethate Insudase,Analgesics,krakow facility,B1706-6060,2019-02-08,refrigerated,Poland,5886,219,FALSE
INV002962,2017-04-10,Stelazolid,Antimalarial,POZNAN SITE,B1704-8695,2017-07-29,ROOM TEMPERATURE,Poland,238,182,No
INV002963,2019-06-17, Ibruferon  ,Antiseptics,Frankfurt Plant,B1906-6322,2021-11-08,Refrigerated,Germany,2412,,No
INV002964,2018-06-28,Lioletine Refliruvax,Analgesics, Munich Plant  ,B1806-8566,2019-03-28,Frozen,Germany,6507,305,No
INV002965,2020-03-13,Acycnafine Microvate,Mood Stabilizers,frankfurt plant,B2003-9349,2021-05-29, Frozen  ,Germany,4232,330,No
INV002966,2019-09-04, Algluconium Dorzofoxin  ,Antibiotics,Munich Plant,B1909-2462,2019-11-14,room temperature,Germany,1172,367,FALSE
INV002967,2018-12-01, Adriafinil Ehtymara  ,Antiseptics,frankfurt plant,B1812-4617,2020-07-10,room temperature,Germany,1971,347,No
INV002968,2019-05-08,Exexone,Mood Stabilizers,MUNICH PLANT,B1905-1814,2022-04-01,REFRIGERATED,Germany,1637,61,No
INV002969,2017-12-25, Apronazol  ,Antibiotics, Krakow Facility  ,B1712-5603,2019-10-06,ROOM TEMPERATURE,Poland,3563,292,No
INV002970,2020-12-17,Aspinavir Silovance,Antibiotics,Poznan Site,B2012-2786,2022-06-22,room temperature,Poland,921,321,FALSE
INV002971,2019-09-22,Malavirine Alimdine,Mood Stabilizers,munich plant,B1909-9191,2020-07-22,room temperature,Germany,7900,86,No
INV002972,2020-11-18,Lactubucil,Antipiretics, Poznan Site  ,B2011-4848,2021-12-03,room temperature,Poland,5653,50,1
INV002973,2017-11-02,Afluferon Entrarenone,Antimalarial, Poznan Site  ,B1711-5035,2018-08-01,ROOM TEMPERATURE,Poland,9860,229,0
INV002974,2020-06-29,Quixitriptan Alanesin,Antiseptics, POZNAN SITE  ,B2006-9746,2022-12-04,REFRIGERATED,Poland,8792,76,No
INV002975,2018-04-21,Symbitrim,Analgesics,munich plant,B1804-2829,2019-12-11,Frozen,Germany,1182,67,0
INV002976,2017-04-20,Lansopril Acribax,Antipiretics,POZNAN SITE,B1704-6460,2020-03-02, frozen  ,Poland,9386,166,FALSE
INV002977,2019-11-09,Ibruferon,Antiseptics,Frankfurt Plant,B1911-7376,2020-01-31,Refrigerated,Germany,8233,163,No
INV002978,2018-01-13, Cordamectin Actolamin  ,Antipiretics,WARSAW PLANT,B1801-3872,2018-12-24,Refrigerated,Poland,6294,192,No
INV002979,2020-08-17, Tesnorphine Silotamine  ,Antibiotics,munich plant,B2008-7193,2023-08-07,room temperature,Germany,3020,161,FALSE
INV002980,2020-07-30,Araxetine,Antibiotics,Frankfurt Plant,B2007-7386,2023-01-04,room temperature,Germany,4209,179,0
INV002981,2018-07-11,Invisteride Diclomycin,Mood Stabilizers, Frankfurt Plant  ,B1807-9199,2019-05-24,CONTROLLED SUBSTANCE,Germany,7517,92,No
INV002982,2019-10-24,Afretosine,Mood Stabilizers, Munich Plant  ,B1910-5144,2021-09-11,Refrigerated,Germany,2609,72,No
INV002983,2019-10-24,Alarudin Azarolac,Mood Stabilizers,Warsaw Plant,B1910-9798,2021-11-05,controlled substance,Poland,2430,135,FALSE
INV002984,2018-07-06,Belavarix Benzabicin,Antibiotics,FRANKFURT PLANT,B1807-5464,2018-10-05,Frozen,Germany,4388,371,FALSE
INV002985,2019-09-05, Afluferon Entrarenone  ,Antimalarial,POZNAN SITE,B1909-2428,2020-01-26, Refrigerated  ,Poland,4508,59,FALSE
INV002986,2018-07-19,Imiformin Transmunex,Antibiotics,Frankfurt Plant,B1807-2795,2020-06-28,REFRIGERATED,Germany,4656,352,No
INV002987,2019-09-02,Methiclotide,Antibiotics, Munich Plant  ,B1909-7493,2022-05-10,frozen,Germany,8166,240,0
INV002988,2017-01-29,Ribabyclor,Antiseptics,Warsaw Plant,B1701-1108,2018-03-24,controlled substance,Poland,3905,350,FALSE
INV002989,2019-05-08,Neuropogen Empibax,Analgesics,Frankfurt Plant,B1905-5820,2021-05-23,Frozen,Germany,2809,250,No
INV002990,2018-07-03,Zonitonin,Antiseptics,Warsaw Plant,B1807-3148,2020-05-18,Frozen,Poland,7311,240,No
INV002991,2020-05-18,Veratorol Ciclovatol,Mood Stabilizers,POZNAN SITE,B2005-7048,2021-10-06,Frozen,Poland,1672,52,No
INV002992,2020-06-01,Interfedox Pilobamol,Antiseptics,frankfurt plant,B2006-3840,2020-08-17,controlled substance,Germany,6290,141,No
INV002993,2019-01-23,Allomenda,Antipiretics,poznan site,B1901-9507,2020-12-01,room temperature,Poland,4889,164,FALSE
INV002994,2017-09-15, Temasone Thiobucil  ,Antimalarial,Frankfurt Plant,B1709-1375,2017-12-05,FROZEN,Germany,4275,314,No
INV002995,2017-05-20,Benzoprox,Antiseptics,Krakow Facility,B1705-8836,2018-10-28,CONTROLLED SUBSTANCE,Poland,1520,95,No
INV002996,2018-01-09,Lacoplex Hyaluvance,Mood Stabilizers,munich plant,B1801-1792,2019-05-02,controlled substance,Germany,646,278,No
INV002997,2018-03-17, Proprabax  ,Analgesics,WARSAW PLANT,B1803-9890,2020-07-25,CONTROLLED SUBSTANCE,Poland,4793,50,No
INV002998,2019-02-21,Albuterenone,Antimalarial,KRAKOW FACILITY,B1902-0280,2020-10-22,refrigerated,Poland,9306,127,FALSE
INV002999,2019-01-27,Lioletine Refliruvax,Analgesics,MUNICH PLANT,B1901-9037,2020-01-12, REFRIGERATED  ,Germany,6516,262,FALSE
INV003000,2019-12-26,Formolovir Amanferon,Analgesics, munich plant  ,B1912-1689,2022-10-15,REFRIGERATED,Germany,5593,325,FALSE
INV000498,2020-05-30,Ergomethate,Mood Stabilizers,munich plant,B2005-9472,2023-01-06,REFRIGERATED,Germany,N/A,56,Yes
INV002873,2017-03-05,Tetratanyl,Antimalarial,POZNAN SITE,B1703-8399,2019-08-13, CONTROLLED SUBSTANCE  ,Poland,3866,399,No
INV001530,2020-03-08,Rebedase Aplencor,Mood Stabilizers,Munich Plant,B2003-2172,2021-07-14, REFRIGERATED  ,Germany,3746,118,FALSE
INV001797,2018-06-14,Interfedox Pilobamol,Antiseptics,frankfurt plant,B1806-4075,2020-11-24,frozen,Germany,1777,281,FALSE
INV000910,2020-10-25,Decidenu Galantrigine,Antipiretics, Munich Plant  ,B2010-7937,2022-02-03,controlled substance,Germany,4502,272,No
INV002110,2020-09-08,Bexridol,Antipiretics,KRAKOW FACILITY,B2009-5919,2022-06-21,controlled substance,Poland,1610,377,FALSE
INV000967,2018-05-29,Sevotrana Tiafoxin,Analgesics, krakow facility  ,B1805-5014,2019-06-04,controlled substance,Poland,2119,255,No
INV001053,2020-11-11,Methiclotide,Antibiotics,MUNICH PLANT,B2011-6897,2022-07-23,room temperature,Germany,9023,363,No
INV001561,2019-12-09,Choriotrisin,Antibiotics,Warsaw Plant,B1912-3314,2020-10-18,refrigerated,Poland,6079,237,0
INV002644,2019-03-16,Lovepion,Antiseptics,krakow facility,B1903-9057,2021-10-17, controlled substance  ,Poland,1591,54,0
INV000403,2018-02-07,Acycpex,Mood Stabilizers,Warsaw Plant,B1802-9425,2019-12-26,Refrigerated,Poland,N/A,341,No
INV000481,2019-02-20,Sevoderm,Antipiretics,Munich Plant,B1902-6789,2021-02-17,controlled substance,Germany,7205,213,Yes
INV001610,2018-02-12,Albuterenone,Antimalarial,KRAKOW FACILITY,B1802-4210,2018-05-30,room temperature,Poland,4920,201,No
INV002561,2020-06-14,Propratecan,Antimalarial,KRAKOW FACILITY,B2006-7745,2022-06-06,ROOM TEMPERATURE,Poland,3469,127,No
INV001183,2019-10-25, Zyvance  ,Analgesics,frankfurt plant,B1910-9256,2020-04-20, Refrigerated  ,Germany,3183,338,No
INV001683,2017-03-23, Alimmethate Insudase  ,Analgesics,Krakow Facility,B1703-9646,2018-10-05,CONTROLLED SUBSTANCE,Poland,5774,304,No
INV000756,2018-02-16,Palodizem,Mood Stabilizers,Krakow Facility,B1802-3679,2018-10-08,REFRIGERATED,Poland,7446,128,No
INV001581,2018-09-06, Stelazolid  ,Antimalarial,poznan site,B1809-6323,2020-01-20,Refrigerated,Poland,4239,122,FALSE
INV001458,2017-06-26,Pulmodiol Adalaxime,Analgesics, Munich Plant  ,B1706-7327,2018-10-04, FROZEN  ,Germany,7636,324,No
INV000781,2017-05-01,Exexone,Mood Stabilizers,MUNICH PLANT,B1705-7454,2019-06-08,room temperature,Germany,1757,133,0
INV000454,2019-03-25,Interfedox Pilobamol,Antiseptics,Frankfurt Plant,B1903-3336,2020-02-14,frozen,Germany,6303,188,FALSE
INV002339,2020-04-21,Penitrana,Analgesics, FRANKFURT PLANT  ,B2004-6767,2023-04-14,refrigerated,Germany,4775,312,No
INV002505,2017-06-22, Clinicilin Pentozone  ,Antimalarial,MUNICH PLANT,B1706-4374,2018-03-10,CONTROLLED SUBSTANCE,Germany,1079,117,FALSE
INV001320,2017-11-07,Lovapur,Mood Stabilizers,krakow facility,B1711-2573,2018-03-05, refrigerated  ,Poland,5599,124,No
INV000810,2019-08-21,Rositroban,Mood Stabilizers, krakow facility  ,B1908-4612,2021-10-07,Refrigerated,Poland,8892,115,No
INV000314,2017-12-09,Factofribrate,Mood Stabilizers,Frankfurt Plant,B1712-9352,2018-09-23, Refrigerated  ,Germany,7369,175,FALSE
INV002037,2019-03-23,Adideine,Mood Stabilizers,krakow facility,B1903-6814,2020-10-31,refrigerated,Poland,8366,142,No
INV002863,2018-08-18,Thalilamide,Antibiotics, Warsaw Plant  ,B1808-4514,2019-10-28,refrigerated,Poland,6926,144,No
INV000876,2017-02-01,Sevoderm,Antipiretics,MUNICH PLANT,B1702-2290,2017-05-13,CONTROLLED SUBSTANCE,Germany,6557,148,No
INV002799,2017-07-26,Interzide,Antimalarial,MUNICH PLANT,B1707-7058,2017-09-26,Refrigerated,Germany,9128,166,FALSE
INV001998,2019-02-03,Panpion,Antiseptics,Poznan Site,B1902-3222,2019-06-07,room temperature,Poland,9607,278,FALSE
INV002495,2019-05-27, Raparidol  ,Mood Stabilizers,Krakow Facility,B1905-0037,2020-04-16, REFRIGERATED  ,Poland,7198,296,No
INV002436,2017-09-08, Tracdomide  ,Antipiretics,KRAKOW FACILITY,B1709-6860,2018-07-03, room temperature  ,Poland,5006,374,0
INV002830,2018-02-28,Imiderm Vibranovate,Antipiretics,Frankfurt Plant,B1802-2720,2019-01-28,Frozen,Germany,5861,189,No
INV001969,2019-11-20,Malaxolol Aeroprosyn,Antiseptics, Frankfurt Plant  ,B1911-1965,2021-05-22,frozen,Germany,4057,,No
INV002746,2020-11-27,Adtiza Gammaluble,Antibiotics,warsaw plant,B2011-2129,2022-02-04,refrigerated,Poland,5226,63,No
INV002003,2018-02-08,Sanctumine,Antimalarial,WARSAW PLANT,B1802-1239,2018-07-13,Refrigerated,Poland,6564,73,FALSE
INV000361,2020-03-18,Rositroban,Mood Stabilizers,Krakow Facility,B2003-4576,2020-09-17,room temperature,Poland,5169,222,FALSE
INV000739,2018-10-23, Biotasol Siloderm  ,Antiseptics,frankfurt plant,B1810-1288,2020-08-30,frozen,Germany,7133,257,0
INV002894,2018-10-30,Exotropin Empizine,Mood Stabilizers,POZNAN SITE,B1810-6185,2019-10-29,room temperature,Poland,3544,157,No
INV002159,2017-06-01, Ciclonazol  ,Antiseptics,Krakow Facility,B1706-5653,2018-02-06,ROOM TEMPERATURE,Poland,8560,68,FALSE
INV000788,2018-02-13,Androporin,Antiseptics,Munich Plant,B1802-1606,2019-03-22,controlled substance,Germany,9031,208,1
INV000272,2020-12-11,Interfestar,Antibiotics, Munich Plant  ,B2012-9656,2022-06-16,CONTROLLED SUBSTANCE,Germany,8406,359,No
INV002316,2019-01-10,Interfestar,Antibiotics, Munich Plant  ,B1901-7460,2020-07-20, CONTROLLED SUBSTANCE  ,Germany,4456,194,FALSE
INV001194,2020-11-24,Abobozolid,Antimalarial, poznan site  ,B2011-7342,2023-02-02, controlled substance  ,Poland,7312,347,0
